season,team,position,depth_chart_position,jersey_number,status,full_name,first_name,last_name,birth_date,height,weight,college,gsis_id,espn_id,sportradar_id,yahoo_id,rotowire_id,pff_id,pfr_id,fantasy_data_id,sleeper_id,years_exp,headshot_url,esb_id,gsis_it_id,smart_id,entry_year,rookie_year,draft_club
1999,CLE,RB,RB,27,ACT,Abdul-Karim al-Jabbar,Abdul-Karim,al-Jabbar,1974-06-28,71,205,,00-0000003,,,,,,,,,,"https://static.www.nfl.com/image/private/f_auto,q_auto/league/rtnc0qkvhmkcwwueac0o",ALJ059326,,3200414c-4a05-9326-21be-1f70bcd6190f,,,
1999,MIA,RB,RB,33,TRD,Abdul-Karim al-Jabbar,Abdul-Karim,al-Jabbar,1974-06-28,71,205,,00-0000003,,,,,,,,,,"https://static.www.nfl.com/image/private/f_auto,q_auto/league/rtnc0qkvhmkcwwueac0o",ALJ059326,,3200414c-4a05-9326-21be-1f70bcd6190f,,,
1999,TB,RB,RB,27,RES,Rabih Abdullah,Rabih,Abdullah,1975-04-27,73,227,,00-0000007,,,,,,,,,,"https://static.www.nfl.com/image/private/f_auto,q_auto/league/t5s9srq092solu73m9v5",ABD675101,,32004142-4467-5101-8326-4b71f9f0a7b7,,,
1999,CLE,LB,OLB,55,ACT,Rahim Abdullah,Rahim,Abdullah,1976-03-22,77,233,,00-0000008,,,,,,,,,,"https://static.www.nfl.com/image/private/f_auto,q_auto/league/cybn2rgg19bvq5gnmqlz",ABD683351,,32004142-4468-3351-1adf-75b6d3d47e03,,,
1999,TB,DB,CB,21,ACT,Donnie Abraham,Nathaniel,Abraham,1973-10-08,70,190,,00-0000017,,,,,,,,,,"https://static.www.nfl.com/image/private/f_auto,q_auto/league/kfyq9ztqmw3snrsqogv5",ABR073258,,32004142-5207-3258-ebd3-814f82d39c58,,,
1999,DET,DB,DB,24,RES,Kevin Abrams,Kevin,Abrams,1974-02-28,68,170,,00-0000025,,,,,,,,,,"https://static.www.nfl.com/image/private/f_auto,q_auto/league/nybaeprxjxlemhqfygxd",ABR397056,,32004142-5239-7056-a5a6-5c6acab130b7,,,
1999,NO,OL,G,69,ACT,Tom Ackerman,Thomas,Ackerman,1972-09-06,75,296,,00-0000032,,,,,,,,,,"https://static.www.nfl.com/image/private/f_auto,q_auto/league/s7tpjn4fly0ulwp8mx5l",ACK425040,,32004143-4b42-5040-5e4c-ffc2696ade34,,,
1999,DAL,OL,OT,76,ACT,Flozell Adams,Flozell,Adams,1975-05-18,79,335,,00-0000045,,,,,,,,,,"https://static.www.nfl.com/image/private/f_auto,q_auto/league/tvzbhead7hjhqpcbilgc",ADA280969,,32004144-4128-0969-9390-de3ae33872eb,,,
1999,SEA,DL,DT,98,ACT,Sam Adams,Samuel,Adams,1973-06-13,75,300,,00-0000065,,,,,,,,,,"https://static.www.nfl.com/image/private/f_auto,q_auto/league/pqwbc18lkp6evgok8768",ADA571656,,32004144-4157-1656-c9b5-9681a9711d63,,,
1999,DAL,DB,DB,24,ACT,Vashone Adams,Vashone,Adams,1973-09-12,70,201,,00-0000072,,,,,,,,,,"https://static.www.nfl.com/image/private/f_auto,q_auto/league/czxpa4mxln9wa8mh3t5x",ADA680900,,32004144-4168-0900-cfe8-3a7476770f6c,,,
1999,STL,DL,DT,99,ACT,Ray Agnew,Raymond,Agnew,1967-12-09,75,285,,00-0000097,,,,,,,,,,"https://static.www.nfl.com/image/private/f_auto,q_auto/league/bbm1kkik4ekmarc4mbzv",AGN415291,,32004147-4e41-5291-430e-75c93015e018,,,
1999,GB,SPEC,P,10,ACT,Louie Aguiar,Louis,Aguiar,1966-06-30,74,220,,00-0000098,,,,,,,,,,"https://static.www.nfl.com/image/private/f_auto,q_auto/league/qqkgkzrfwttuy0ab8e6f",AGU401791,,32004147-5540-1791-3e41-c35f15fac6e5,,,
1999,TB,DL,DE,72,ACT,Chidi Ahanotu,Chidi,Ahanotu,1970-10-11,74,283,,00-0000100,,,,,,,,,,"https://static.www.nfl.com/image/private/f_auto,q_auto/league/thwne3sb40hjqqzt4zb6",AHA444955,,32004148-4144-4955-af48-b12bdd5df580,,,
1999,DAL,QB,QB,8,ACT,Troy Aikman,Troy,Aikman,1966-11-21,76,220,,00-0000104,,,,,,,,,,"https://static.www.nfl.com/image/private/f_auto,q_auto/league/skagdrvhtf6ywlxwlrou",AIK553722,,32004149-4b55-3722-44ec-125524ad4078,,,
1999,PHI,SPEC,K,2,ACT,David Akers,David,Akers,1974-12-09,70,180,,00-0000108,,,,,,,,,,"https://static.www.nfl.com/image/private/f_auto,q_auto/league/emsxaumip79uaj7bq8jd",AKE551610,,3200414b-4555-1610-e0e6-a72c82e419e7,,,
1999,DAL,DB,DB,29,ACT,Chris Akins,Christopher,Akins,1976-11-29,71,195,,00-0000112,,,,,,,,,,"https://static.www.nfl.com/image/private/f_auto,q_auto/league/xcifgxovvzwquadiwpfl",AKI494748,,3200414b-4949-4748-fbb5-c27cf4001916,,,
1999,BUF,OL,G,76,ACT,Ethan Albright,Lawrence,Albright,1971-05-01,77,278,,00-0000121,,,,,,,,,,"https://static.www.nfl.com/image/private/f_auto,q_auto/league/lip7eu79zah64gpusebf",ALB637766,,3200414c-4263-7766-3ff2-577dbeb62e1c,,,
1999,DET,LB,OLB,55,ACT,Allen Aldridge,Allen,Aldridge,1972-05-30,73,254,,00-0000129,,,,,,,,,,"https://static.www.nfl.com/image/private/f_auto,q_auto/league/kjcyugvjpsg5ibggtf8p",ALD410038,,3200414c-4441-0038-7402-f94793534c4f,,,
1999,NO,LB,LB,54,RES,Ink Aleaga,Ink,Aleaga,1973-04-04,73,251,,00-0000134,,,,,,,,,,"https://static.www.nfl.com/image/private/f_auto,q_auto/league/ubsh7worbehik5928bch",ALE002415,,3200414c-4500-2415-1601-e5ecafe72447,,,
1999,CAR,DB,S,46,ACT,Brent Alexander,Brent,Alexander,1971-07-10,71,196,,00-0000136,,,,,,,,,,"https://static.www.nfl.com/image/private/f_auto,q_auto/league/sgkwt2povfpzrplzya5j",ALE082928,,3200414c-4508-2928-109e-95e453eee0a5,,,
1999,KC,WR,WR,82,ACT,Derrick Alexander,Derrick,Alexander,1971-11-06,74,210,,00-0000145,,,,,,,,,,"https://static.www.nfl.com/image/private/f_auto,q_auto/league/kghksofxi1gzyke5cexb",ALE225855,,3200414c-4522-5855-9980-3975fad013b4,,,
1999,CLE,DL,DE,94,ACT,Derrick L. Alexander,Derrick,Alexander,1973-11-13,76,286,,00-0000146,,,,,,,,,,"https://static.www.nfl.com/image/private/f_auto,q_auto/league/vfrofs8lmjisb3uq6prb",ALE222855,,3200414c-4522-2855-b56b-c59b302e7e03,,,
1999,WAS,TE,TE,80,ACT,Stephen Alexander,Stephen,Alexander,1975-11-07,76,246,,00-0000166,,,,,,,,,,"https://static.www.nfl.com/image/private/f_auto,q_auto/league/wrje2v8zbq12dnsmygu6",ALE622924,,3200414c-4562-2924-6d5f-9e076172d6cc,,,
1999,NYG,WR,WR,80,ACT,Brian Alford,Brian,Alford,1975-06-07,73,190,,00-0000172,,,,,,,,,,"https://static.www.nfl.com/image/private/f_auto,q_auto/league/ipca0vnhul43hbjdpcik",ALF245361,,3200414c-4624-5361-56bc-141995b94dc6,,,
1999,OAK,DB,CB,21,ACT,Eric Allen,Eric,Allen,1965-11-22,70,185,,00-0000204,,,,,,,,,,"https://static.www.nfl.com/image/private/f_auto,q_auto/league/oqz1nvdgdybojfpjpsrf",ALL270410,,3200414c-4c27-0410-2fbb-56a9caa3060e,,,
1999,CHI,RB,RB,20,ACT,James Allen,James,Allen,1975-03-28,70,215,,00-0000210,,,,,,,,,,"https://static.www.nfl.com/image/private/f_auto,q_auto/league/tw4x6i01gorfsuoommkb",ALL436745,,3200414c-4c43-6745-6a07-948d378a104e,,,
1999,DAL,OL,G,73,ACT,Larry Allen,Larry,Allen,1971-11-27,75,326,,00-0000217,,,,,,,,,,"https://static.www.nfl.com/image/private/f_auto,q_auto/league/o51021fppnwxvlql9jly",ALL550477,,3200414c-4c55-0477-1895-f6e8a902378c,,,
1999,STL,DB,DB,20,ACT,Taje Allen,Taje,Allen,1973-11-06,70,185,,00-0000231,,,,,,,,,,"https://static.www.nfl.com/image/private/f_auto,q_auto/league/govf8l5sv3tu3tizeojx",ALL645442,,3200414c-4c64-5442-210b-a214f893a077,,,
1999,NE,RB,RB,22,ACT,Terry Allen,Terry,Allen,1968-02-21,71,208,,00-0000232,,,,,,,,,,"https://static.www.nfl.com/image/private/f_auto,q_auto/league/w0seugiirpz4gikftv38",ALL647052,,3200414c-4c64-7052-fe79-2e294d897a78,,,
1999,BUF,OL,G,66,ACT,Victor Allotey,Victor,Allotey,1975-04-08,75,325,,00-0000240,,,,,,,,,,"https://static.www.nfl.com/image/private/f_auto,q_auto/league/ctwmrjdg0ev1lqvdjn8w",ALL797433,,3200414c-4c79-7433-f308-22be00c045ee,,,
1999,CHI,TE,TE,84,ACT,John Allred,John,Allred,1974-09-09,76,249,,00-0000242,,,,,,,,,,"https://static.www.nfl.com/image/private/f_auto,q_auto/league/ggui10i6zck64nnovkup",ALL808470,,3200414c-4c80-8470-e796-4550bae428e3,,,
1999,TB,RB,FB,40,ACT,Mike Alstott,Michael,Alstott,1973-12-21,73,248,,00-0000251,,,,,,,,,,"https://static.www.nfl.com/image/private/f_auto,q_auto/league/loxctvxuynoipeaduqsc",ALS635685,,3200414c-5363-5685-9704-40e67186e91f,,,
1999,NO,DB,CB,43,ACT,Ashley Ambrose,Ashley,Ambrose,1970-09-17,70,185,,00-0000261,,,,,,,,,,"https://static.www.nfl.com/image/private/f_auto,q_auto/league/hqodozwzdkzcq0tgciic",AMB266360,,3200414d-4226-6360-2f78-64b66a144f6d,,,
1999,KC,RB,RB,38,RES,Kimble Anders,Kimble,Anders,1966-09-10,71,225,,00-0000279,,,,,,,,,,"https://static.www.nfl.com/image/private/f_auto,q_auto/league/tekunhsdrndofvfxesco",AND015193,,3200414e-4401-5193-8ae5-7503312c1a09,,,
1999,NE,OL,C,67,ACT,Jason Andersen,Jason,Andersen,1975-09-03,78,295,,00-0000281,,,,,,,,,,"https://static.www.nfl.com/image/private/f_auto,q_auto/league/ez3bv1crmdwdyzvftaop",AND017725,,3200414e-4401-7725-9000-4e4db91447c7,,,
1999,ATL,SPEC,K,5,ACT,Morten Andersen,Morten,Andersen,1960-08-19,74,222,,00-0000282,,,,,,,,,,"https://static.www.nfl.com/image/private/f_auto,q_auto/league/nk87h6cjuij14iofd5ix",AND020258,,3200414e-4402-0258-af5e-f904d4733d82,,,
1999,MIN,SPEC,K,1,ACT,Gary Anderson,Gary,Anderson,1959-07-16,71,170,,00-0000313,,,,,,,,,,"https://static.www.nfl.com/image/private/f_auto,q_auto/league/fofzz3dwrg1vr2drmoak",AND273108,,3200414e-4427-3108-1809-a396fee76085,,,
1999,ATL,RB,RB,32,RES,Jamal Anderson,Jamal,Anderson,1972-09-30,71,235,,00-0000316,,,,,,,,,,"https://static.www.nfl.com/image/private/f_auto,q_auto/league/faws2enuknhawnowkns0",AND291208,,3200414e-4429-1208-c593-c1b93944ea3b,,,
1999,CHI,DL,DT,70,ACT,Ken Anderson,Ken,Anderson,1975-10-04,75,310,,00-0000325,,,,,,,,,,"https://static.www.nfl.com/image/private/f_auto,q_auto/league/nfr27gkvsq2kolhkcljr",AND321595,,3200414e-4432-1595-54d6-57926d9f73f6,,,
1999,NYJ,RB,FB,20,ACT,Richie Anderson,Richard,Anderson,1971-09-13,74,230,,00-0000339,,,,,,,,,,"https://static.www.nfl.com/image/private/f_auto,q_auto/league/t05nqplwwgzsyysjmswf",AND421668,,3200414e-4442-1668-92c2-aa673041a926,,,
1999,CIN,OL,OT,71,ACT,Willie Anderson,Willie,Anderson,1975-07-11,77,340,,00-0000352,,,,,,,,,,"https://static.www.nfl.com/image/private/f_auto,q_auto/league/zgfskojfejbtmvqndvcb",AND603240,,3200414e-4460-3240-86ae-cd3b353113cd,,,
1999,GB,OL,G,70,RES,Joe Andruzzi,Joseph,Andruzzi,1975-08-23,75,310,,00-0000374,,,,,,,,,,"https://static.www.nfl.com/image/private/f_auto,q_auto/league/me9skfongiitajxljn6j",AND825516,,3200414e-4482-5516-785d-8c64197bb3d7,,,
1999,TB,WR,WR,85,ACT,Reidel Anthony,Reidel,Anthony,1976-10-20,71,180,,00-0000387,,,,,,,,,,"https://static.www.nfl.com/image/private/f_auto,q_auto/league/rcsbgaxntmcmrns4n9u1",ANT195429,,3200414e-5419-5429-319e-cdf591db431f,,,
1999,OAK,SPEC,P,2,ACT,Leo Araguz,Leobardo,Araguz,1970-01-18,71,190,,00-0000400,,,,,,,,,,"https://static.www.nfl.com/image/private/f_auto,q_auto/league/losb2mgqxxnphnyx15q7",ARA195430,,32004152-4119-5430-bfed-de994e6fce04,,,
1999,ATL,DL,DE,92,ACT,Lester Archambeau,Lester,Archambeau,1967-06-27,77,275,,00-0000405,,,,,,,,,,"https://static.www.nfl.com/image/private/f_auto,q_auto/league/az7fnotr16s5dgtounfw",ARC138430,,32004152-4313-8430-3971-9b1baec10bc5,,,
1999,TEN,RB,RB,22,CUT,Mike Archie,Michael,Archie,1972-10-14,68,205,,00-0000409,,,,,,,,,,"https://static.www.nfl.com/image/private/f_auto,q_auto/league/jrynsxqnrciddtyekr5v",ARC615842,,32004152-4361-5842-b9a3-9e96ac32d006,,,
1999,JAX,LB,LB,45,TRT,JoJuan Armour,JoJuan,Armour,1976-07-10,71,220,,00-0000421,,,,,,,,,,"https://static.www.nfl.com/image/private/f_auto,q_auto/league/bjlhhwkpfwulaixiyzjy",ARM028585,,32004152-4d02-8585-68e9-810e94e191f0,,,
1999,CIN,LB,LB,33,ACT,JoJuan Armour,JoJuan,Armour,1976-07-10,71,220,,00-0000421,,,,,,,,,,"https://static.www.nfl.com/image/private/f_auto,q_auto/league/bjlhhwkpfwulaixiyzjy",ARM028585,,32004152-4d02-8585-68e9-810e94e191f0,,,
1999,BAL,WR,WR,88,ACT,Justin Armour,Justin,Armour,1973-01-01,76,215,,00-0000422,,,,,,,,,,"https://static.www.nfl.com/image/private/f_auto,q_auto/league/bck8siyssq4rqusvtw5d",ARM039085,,32004152-4d03-9085-41c1-bf79b1af76a4,,,
1999,IND,OL,C,0,RES,Phil Armour,Phillip,Armour,1976-12-09,74,298,,00-0000423,,,,,,,,,,"https://static.www.nfl.com/image/private/f_auto,q_auto/league/gjjov4wb2cjpxav2vpwl",ARM043971,,32004152-4d04-3971-54f7-bf9ca1836f97,,,
1999,NYG,LB,OLB,98,ACT,Jessie Armstead,Jessie,Armstead,1970-10-26,73,240,,00-0000426,,,,,,,,,,"https://static.www.nfl.com/image/private/f_auto,q_auto/league/zsvhwqxosxfb388jx4xq",ARM084964,,32004152-4d08-4964-2b92-57414a9854b6,,,
1999,NE,OL,OT,78,ACT,Bruce Armstrong,Bruce,Armstrong,1965-09-07,76,295,,00-0000429,,,,,,,,,,"https://static.www.nfl.com/image/private/f_auto,q_auto/league/jgk8bv3fiwutyslckvdx",ARM146571,,32004152-4d14-6571-52f7-a090f0cfd586,,,
1999,MIA,DL,DE,93,ACT,Trace Armstrong,Raymond,Armstrong,1965-10-05,76,270,,00-0000439,,,,,,,,,,"https://static.www.nfl.com/image/private/f_auto,q_auto/league/euzjohn4txovvbpchco4",ARM642641,,32004152-4d64-2641-4f5c-6a37fa5c0a39,,,
1999,GB,WR,WR,88,RES,Jahine Arnold,Jahine,Arnold,1973-06-19,72,185,,00-0000446,,,,,,,,,,"https://static.www.nfl.com/image/private/f_auto,q_auto/league/y3qyqfre27dgirrki3yb",ARN474755,,32004152-4e47-4755-4b7b-bed94c54922f,,,
1999,GB,DB,SAF,46,RES,Rodney Artmore,Rodney,Artmore,1974-06-14,72,210,,00-0000457,,,,,,,,,,"https://static.www.nfl.com/image/private/f_auto,q_auto/league/fejlunfz5edscpnaip8u",ART511848,,32004152-5451-1848-b177-10bbe2a3b207,,,
1999,PHI,TE,TE,84,RES,Jamie Asher,Jamie,Asher,1972-10-31,75,245,,00-0000466,,,,,,,,,,"https://static.www.nfl.com/image/private/f_auto,q_auto/league/jjhrmyicgzndpwnjdbee",ASH449435,,32004153-4844-9435-23ec-685dc092448f,,,
1999,OAK,OL,OT,73,ACT,Darryl Ashmore,Darryl,Ashmore,1969-11-01,79,310,,00-0000472,,,,,,,,,,"https://static.www.nfl.com/image/private/f_auto,q_auto/league/hcbw1lt8lg9vciuqxecs",ASH635509,,32004153-4863-5509-3310-eff5a4b46711,,,
1999,BAL,OL,OT,74,ACT,James Atkins,James,Atkins,1970-01-28,78,330,,00-0000485,,,,,,,,,,"https://static.www.nfl.com/image/private/f_auto,q_auto/league/hhr8ycyrydfqgw0pwsrb",ATK298488,,32004154-4b29-8488-a18c-63273541fc04,,,
1999,KC,DB,DB,35,ACT,Larry Atkins,Larry,Atkins,1975-07-21,75,230,,00-0000488,,,,,,,,,,"https://static.www.nfl.com/image/private/f_auto,q_auto/league/poyzebhinwhoyj3kqxku",ATK321848,,32004154-4b32-1848-eea1-db559ea5c413,,,
1999,NYJ,DB,FS,27,ACT,Steve Atwater,Stephen,Atwater,1966-10-28,75,220,,00-0000500,,,,,,,,,,"https://static.www.nfl.com/image/private/f_auto,q_auto/league/j3xxo3zjpt29erl0wsdf",ATW276861,,32004154-5727-6861-857f-9abd7e42ba54,,,
1999,IND,DB,DB,47,ACT,Billy Austin,William,Austin,1975-03-08,70,195,,00-0000518,,,,,,,,,,"https://static.www.nfl.com/image/private/f_auto,q_auto/league/xvdkxovr97yrpqc3z8ln",AUS726504,,32004155-5372-6504-56c4-2d56299f3d73,,,
1999,CHI,DB,DB,36,ACT,Ray Austin,Raymond,Austin,1974-12-21,71,204,,00-0000529,,,,,,,,,,"https://static.www.nfl.com/image/private/f_auto,q_auto/league/jiior8es4bp4ummrr9ow",AUS612432,,32004155-5361-2432-879d-592152ee80ac,,,
1999,MIA,RB,RB,20,TRD,John Avery,John,Avery,1976-01-11,69,190,,00-0000541,,,,,,,,,,"https://static.www.nfl.com/image/private/f_auto,q_auto/league/tqc4patmneau2eeivsg2",AVE509598,,32004156-4550-9598-c3f8-8c9a2a57a02c,,,
1999,DEN,RB,RB,33,ACT,John Avery,John,Avery,1976-01-11,69,190,,00-0000541,,,,,,,,,,"https://static.www.nfl.com/image/private/f_auto,q_auto/league/tqc4patmneau2eeivsg2",AVE509598,,32004156-4550-9598-c3f8-8c9a2a57a02c,,,
1999,MIN,RB,RB,49,TRC,Obafemi Ayanbadejo,Obafemi,Ayanbadejo,1975-03-05,74,235,,00-0000552,,,,,,,,,,"https://static.www.nfl.com/image/private/f_auto,q_auto/league/syqp6rncknmzkbtm3ozk",AYA444955,,32004159-4144-4955-6129-6c136d9bf2d7,,,
1999,BAL,RB,RB,30,ACT,Obafemi Ayanbadejo,Obafemi,Ayanbadejo,1975-03-05,74,235,,00-0000552,,,,,,,,,,"https://static.www.nfl.com/image/private/f_auto,q_auto/league/syqp6rncknmzkbtm3ozk",AYA444955,,32004159-4144-4955-6129-6c136d9bf2d7,,,
1999,CHI,DB,DB,23,ACT,Jerry Azumah,Jerry,Azumah,1977-09-01,70,195,,00-0000559,,,,,,,,,,"https://static.www.nfl.com/image/private/f_auto,q_auto/league/oif1hg0bokmjc5hf4ote",AZU415291,,3200415a-5541-5291-7eae-48fc9baebe36,,,
1999,WAS,OL,G,74,ACT,Brad Badger,Bradley,Badger,1975-01-11,76,298,,00-0000576,,,,,,,,,,"https://static.www.nfl.com/image/private/f_auto,q_auto/league/babh1oqhyb91qvquddzz",BAD650964,,32004241-4465-0964-c1c3-08a1f705af41,,,
1999,WAS,DB,CB,24,ACT,Champ Bailey,Roland,Bailey,1978-06-22,73,184,,00-0000585,,,,,,,,,,"https://static.www.nfl.com/image/private/f_auto,q_auto/league/nxtpe8xo54kxbkyabih6",BAI582194,,32004241-4958-2194-25da-8624608fa14d,,,
1999,SEA,WR,WR,83,ACT,Karsten Bailey,Karsten,Bailey,1977-04-26,70,201,,00-0000598,,,,,,,,,,"https://static.www.nfl.com/image/private/f_auto,q_auto/league/e6hdeiakmtgnksgnkk3y",BAI501801,,32004241-4950-1801-530e-a5cfda60304d,,,
1999,DET,DB,CB,35,ACT,Robert Bailey,Robert,Bailey,1968-09-03,70,182,,00-0000601,,,,,,,,,,"https://static.www.nfl.com/image/private/f_auto,q_auto/league/kdomohxuxnkxwnhnux8r",BAI577819,,32004241-4957-7819-b9c7-a2c72764e7a9,,,
1999,ATL,WR,WR,15,ACT,Eugene Baker,Eugene,Baker,1976-03-18,72,167,,00-0000627,,,,,,,,,,"https://static.www.nfl.com/image/private/f_auto,q_auto/league/xebdef6lvsokl0qzttfh",BAK189228,,32004241-4b18-9228-926e-f0b6c5efc7b4,,,
1999,KC,SPEC,K,12,ACT,Jon Baker,Jonathan,Baker,1972-08-13,73,170,,00-0000634,,,,,,,,,,"https://static.www.nfl.com/image/private/f_auto,q_auto/league/rugw3yec24npkwejkouy",BAK390869,,32004241-4b39-0869-5bc6-0ee6dbb1bb28,,,
1999,CLE,DL,DT,93,TRC,Jerry Ball,Jerry,Ball,1964-12-15,73,330,,00-0000673,,,,,,,,,,"https://static.www.nfl.com/image/private/f_auto,q_auto/league/zev4rhmzzs1vpibfbiiz",BAL492192,,32004241-4c49-2192-c426-ef8b04ca013f,,,
1999,MIN,DL,DT,96,ACT,Jerry Ball,Jerry,Ball,1964-12-15,73,330,,00-0000673,,,,,,,,,,"https://static.www.nfl.com/image/private/f_auto,q_auto/league/zev4rhmzzs1vpibfbiiz",BAL492192,,32004241-4c49-2192-c426-ef8b04ca013f,,,
1999,MIN,DB,DB,30,ACT,Antonio Banks,Antonio,Banks,1973-03-12,70,195,,00-0000696,,,,,,,,,,"https://static.www.nfl.com/image/private/f_auto,q_auto/league/vvil3i1h1efj1mlliigm",BAN409290,,32004241-4e40-9290-c97d-56ee95fdd9db,,,
1999,DEN,OL,G,79,ACT,Chris Banks,Warren,Banks,1973-04-04,73,300,,00-0000700,,,,,,,,,,"https://static.www.nfl.com/image/private/f_auto,q_auto/league/sokuqmjsd9dcsdfl4ad3",BAN646496,,32004241-4e64-6496-4cfa-d5e3805d7ad8,,,
1999,JAX,RB,RB,22,RES,Tavian Banks,Tavian,Banks,1974-02-17,70,208,,00-0000721,,,,,,,,,,"https://static.www.nfl.com/image/private/f_auto,q_auto/league/gi2tpvnhrnj3q6tgukpf",BAN629856,,32004241-4e62-9856-8f9f-7db4bd8eac5f,,,
1999,BAL,QB,QB,12,ACT,Tony Banks,Anthony,Banks,1973-04-05,76,225,,00-0000722,,,,,,,,,,"https://static.www.nfl.com/image/private/f_auto,q_auto/league/hqkmwrxcl87hziuhdcdv",BAN403290,,32004241-4e40-3290-11ed-db72d126dec4,,,
1999,CIN,DL,DE,90,ACT,Michael Bankston,Michael,Bankston,1970-03-12,77,285,,00-0000725,,,,,,,,,,"https://static.www.nfl.com/image/private/f_auto,q_auto/league/wacf6vrkzgbbseramj3b",BAN682400,,32004241-4e68-2400-bd5a-0336d699d2c9,,,
1999,IND,TE,TE,83,ACT,Brad Banta,Dennis,Banta,1970-12-14,78,260,,00-0000727,,,,,,,,,,"https://static.www.nfl.com/image/private/f_auto,q_auto/league/gaogmvgio8crqhlv8kkm",BAN790894,,32004241-4e79-0894-7391-fa63f9df7421,,,
1999,MIA,RB,RB,48,RES,Kantroy Barber,Kantroy,Barber,1973-10-04,73,245,,00-0000735,,,,,,,,,,"https://static.www.nfl.com/image/private/f_auto,q_auto/league/cswj7onucerg0li0emsr",BAR053140,,32004241-5205-3140-cf2e-ba3869298cd2,,,
1999,IND,LB,MLB,53,ACT,Mike Barber,Michael,Barber,1971-11-09,72,254,,00-0000740,,,,,,,,,,"https://static.www.nfl.com/image/private/f_auto,q_auto/league/uzpyqurav8qlpz58ndum",BAR071985,,32004241-5207-1985-a1a7-9f6005cef2a5,,,
1999,TB,DB,CB,20,ACT,Ronde Barber,Jamael,Barber,1975-04-07,70,186,,00-0000741,,,,,,,,,,"https://static.www.nfl.com/image/private/f_auto,q_auto/league/ye1pozwxxdxdvfvtsl0z",BAR048197,,32004241-5204-8197-3361-5bb631aa79ce,,,
1999,WAS,LB,OLB,59,ACT,Shawn Barber,Shawn,Barber,1975-01-14,74,224,,00-0000743,,,,,,,,,,"https://static.www.nfl.com/image/private/f_auto,q_auto/league/q1h2br1qdjttqotpvcvs",BAR094541,,32004241-5209-4541-395e-81e9ced71dac,,,
1999,NYG,RB,RB,21,ACT,Tiki Barber,Atiim,Barber,1975-04-07,70,200,,00-0000745,,,,,,,,,,"https://static.www.nfl.com/image/private/f_auto,q_auto/league/envscajcftvy5low6aod",BAR025952,,32004241-5202-5952-ff0f-6062a78056a2,,,
1999,JAX,SPEC,P,4,ACT,Bryan Barker,Bryan,Barker,1964-06-28,74,199,,00-0000754,,,,,,,,,,"https://static.www.nfl.com/image/private/f_auto,q_auto/league/ppydumh0icqagm0wiebm",BAR155715,,32004241-5215-5715-d4a4-32d15ae4bf83,,,
1999,GB,DL,DT,94,CUT,Roy Barker,Roy,Barker,1969-02-14,77,290,,00-0000758,,,,,,,,,,"https://static.www.nfl.com/image/private/f_auto,q_auto/league/yneys2tjgx3unzznw5ei",BAR189082,,32004241-5218-9082-be1f-0c49696d0ddf,,,
1999,CLE,DL,DT,92,TRC,Roy Barker,Roy,Barker,1969-02-14,77,290,,00-0000758,,,,,,,,,,"https://static.www.nfl.com/image/private/f_auto,q_auto/league/yneys2tjgx3unzznw5ei",BAR189082,,32004241-5218-9082-be1f-0c49696d0ddf,,,
1999,JAX,WR,WR,84,ACT,Reggie Barlow,Reggie,Barlow,1973-01-22,72,186,,00-0000765,,,,,,,,,,"https://static.www.nfl.com/image/private/f_auto,q_auto/league/beaanp1wquydjxs1qlpz",BAR220596,,32004241-5222-0596-af7a-6cef3ecfb86e,,,
1999,KC,DL,DT,71,ACT,Tom Barndt,Thomas,Barndt,1972-03-14,75,293,,00-0000768,,,,,,,,,,"https://static.www.nfl.com/image/private/f_auto,q_auto/league/sqtekyfnysczdpyymikv",BAR235426,,32004241-5223-5426-efa7-d11cd0e5d9d1,,,
1999,STL,DL,DT,92,ACT,Lionel Barnes,Lionel,Barnes,1976-04-19,76,265,,00-0000780,,,,,,,,,,"https://static.www.nfl.com/image/private/f_auto,q_auto/league/tiu58jcay3rgfv4zfl7f",BAR344797,,32004241-5234-4797-84d8-bd036bc4b24f,,,
1999,SF,QB,QB,10,ACT,Pat Barnes,Patrick,Barnes,1975-02-23,75,215,,00-0000785,,,,,,,,,,"https://static.www.nfl.com/image/private/f_auto,q_auto/league/n860jkugygnljzef6pnh",BAR359627,,32004241-5235-9627-3c2d-ad1aa5978071,,,
1999,NO,SPEC,P,6,ACT,Tommy Barnhardt,John Thomas,Barnhardt,1963-06-11,74,228,,00-0000811,,,,,,,,,,"https://static.www.nfl.com/image/private/f_auto,q_auto/league/dkabex0eu0of3al6iwnt",BAR504220,,32004241-5250-4220-4fdc-1397b3ae0288,,,
1999,CAR,LB,OLB,56,ACT,Micheal Barrow,Micheal,Barrow,1970-04-19,74,236,,00-0000829,,,,,,,,,,"https://static.www.nfl.com/image/private/f_auto,q_auto/league/gaecgvwljow47cvhrdkh",BAR663642,,32004241-5266-3642-1e15-c980027eda58,,,
1999,MIA,SPEC,P,6,RES,Brent Bartholomew,Brent,Bartholomew,1976-10-22,74,220,,00-0000838,,,,,,,,,,"https://static.www.nfl.com/image/private/f_auto,q_auto/league/tbwabvzcyex5cklzqidi",BAR724816,,32004241-5272-4816-b344-71dbfe505831,,,
1999,OAK,LB,LB,50,ACT,Eric Barton,Eric,Barton,1977-09-29,74,245,,00-0000846,,,,,,,,,,"https://static.www.nfl.com/image/private/f_auto,q_auto/league/n1mcqe2q9khdadl7k77f",BAR766216,,32004241-5276-6216-1360-96908316eed6,,,
1999,NE,TE,TE,86,ACT,Mike Bartrum,Michael,Bartrum,1970-06-23,77,245,,00-0000849,,,,,,,,,,"https://static.www.nfl.com/image/private/f_auto,q_auto/league/fjwogz2cpwvwlvcg8xaa",BAR804527,,32004241-5280-4527-aae6-46181aa69169,,,
1999,CIN,RB,RB,38,ACT,Michael Basnight,Michael,Basnight,1977-09-03,73,230,,00-0000856,,,,,,,,,,"https://static.www.nfl.com/image/private/f_auto,q_auto/league/q0gke2pnng5v6ui0pwpf",BAS272938,,32004241-5327-2938-e8a6-cd594b6d600b,,,
1999,MIN,DB,DB,32,ACT,Anthony Bass,Anthony,Bass,1975-03-27,73,200,,00-0000857,,,,,,,,,,"https://static.www.nfl.com/image/private/f_auto,q_auto/league/cbilfn91ap5wssvdz6e9",BAS353999,,32004241-5335-3999-a550-9097619647ca,,,
1999,DET,QB,QB,10,ACT,Charlie Batch,Charles,Batch,1974-12-05,74,220,,00-0000865,1490,a725e7c5-86df-4b5b-abe0-71b809be988d,,945,367,BatcCh00,,,,"https://static.www.nfl.com/image/private/f_auto,q_auto/league/isysgvqm3qaxybeyhece",BAT039161,,32004241-5403-9161-d21e-19cbefc1c6b0,,,
1999,CHI,WR,WR,87,ACT,D'Wayne Bates,D'Wayne,Bates,1975-12-04,74,215,,00-0000869,,,,,,,,,,"https://static.www.nfl.com/image/private/f_auto,q_auto/league/vjprsnrzpipv7jrk8j96",BAT105810,,32004241-5410-5810-f045-4fe0f22700e0,,,
1999,ARI,RB,RB,24,ACT,Mario Bates,Mario,Bates,1973-01-16,74,237,,00-0000871,,,,,,,,,,"https://static.www.nfl.com/image/private/f_auto,q_auto/league/xkxxacls8uwotyxllfw7",BAT111777,,32004241-5411-1777-c68a-f92810548e20,,,
1999,CAR,WR,WR,24,ACT,Michael Bates,Michael,Bates,1969-12-19,70,189,,00-0000872,,,,,,,,,,"https://static.www.nfl.com/image/private/f_auto,q_auto/league/awyey2nffgfupqrgyrzk",BAT119733,,32004241-5411-9733-cc00-9fb76d72bf1a,,,
1999,CIN,TE,TE,89,ACT,Marco Battaglia,Marco,Battaglia,1973-01-25,75,252,,00-0000883,,,,,,,,,,"https://static.www.nfl.com/image/private/f_auto,q_auto/league/tsmudixi00anbichgx7b",BAT303966,,32004241-5430-3966-5e32-8ce60e2adbe1,,,
1999,NYJ,TE,TE,84,ACT,Fred Baxter,Frederick,Baxter,1971-06-14,75,265,,00-0000911,,,,,,,,,,"https://static.www.nfl.com/image/private/f_auto,q_auto/league/vizzpb6aucnrzpzynx9a",BAX522078,,32004241-5852-2078-37b9-1295f06f6541,,,
1999,JAX,DB,CB,21,ACT,Aaron Beasley,Aaron,Beasley,1973-07-07,72,195,,00-0000939,,,,,,,,,,"https://static.www.nfl.com/image/private/f_auto,q_auto/league/gq7vnop9zpxzpe0zuokf",BEA432476,,32004245-4143-2476-3748-5a35e0b1a3dd,,,
1999,SF,RB,FB,40,ACT,Fred Beasley,Frederick,Beasley,1974-09-18,72,235,,00-0000942,,,,,,,,,,"https://static.www.nfl.com/image/private/f_auto,q_auto/league/umrhfjqh3zwaqrj20h48",BEA438309,,32004245-4143-8309-eea3-e8dea95ca527,,,
1999,NO,WR,WR,89,RES,Brett Bech,Brett,Bech,1971-08-20,73,201,,00-0000969,,,,,,,,,,"https://static.www.nfl.com/image/private/f_auto,q_auto/league/kkskbazdwpmo2wc02vhr",BEC029249,,32004245-4302-9249-6d84-242e7f11bcde,,,
1999,SEA,OL,C,63,ACT,Frank Beede,Frank,Beede,1973-05-01,76,296,,00-0000999,,,,,,,,,,"https://static.www.nfl.com/image/private/f_auto,q_auto/league/sjibgbp2mo6ycqna6o3b",BEE321666,,32004245-4532-1666-f423-9de4cf81089c,,,
1999,SF,TE,TE,82,RES,Shonn Bell,Jamara,Bell,1974-10-25,77,257,,00-0001027,,,,,,,,,,"https://static.www.nfl.com/image/private/f_auto,q_auto/league/os7q0frimonkhvtjqelj",BEL378626,,32004245-4c37-8626-53b7-b5c708d0ee90,,,
1999,SD,DL,DE,90,RES,Jimmie Bell,Jimmie,Bell,1973-11-20,77,285,,00-0001030,,,,,,,,,,"https://static.www.nfl.com/image/private/f_auto,q_auto/league/pds4n46s79qhwacxd92h",BEL386768,,32004245-4c38-6768-4b3f-28aed8b56d06,,,
1999,CIN,DB,S,40,ACT,Myron Bell,Myron,Bell,1971-09-15,72,210,,00-0001041,,,,,,,,,,"https://static.www.nfl.com/image/private/f_auto,q_auto/league/wlmsq68ep0zui7o7rffx",BEL522748,,32004245-4c52-2748-ab0f-cd81cf14b2ac,,,
1999,GB,DB,CB,47,ACT,Tyrone Bell,Tyrone,Bell,1974-10-20,74,210,,00-0001054,,,,,,,,,,"https://static.www.nfl.com/image/private/f_auto,q_auto/league/dcetoohmcrccpqxvwpcb",BEL625981,,32004245-4c62-5981-e1aa-2210fd7b5260,,,
1999,SEA,DB,FS,20,ACT,Jay Bellamy,John,Bellamy,1972-07-08,71,199,,00-0001058,,,,,,,,,,"https://static.www.nfl.com/image/private/f_auto,q_auto/league/lvg23tid66dlvjcenj7j",BEL643257,,32004245-4c64-3257-db03-5747bcb5e192,,,
1999,IND,DB,FS,29,ACT,Jason Belser,Jason,Belser,1970-05-28,69,196,,00-0001068,,,,,,,,,,"https://static.www.nfl.com/image/private/f_auto,q_auto/league/ofeycbkyjt4ili4vfftp",BEL773537,,32004245-4c77-3537-aea1-ec870cb66b47,,,
1999,CIN,RB,RB,36,RES,Brandon Bennett,Brandon,Bennett,1973-02-03,70,220,,00-0001098,,,,,,,,,,"https://static.www.nfl.com/image/private/f_auto,q_auto/league/whclaaky7vs2albge9yz",BEN258918,,32004245-4e25-8918-52e2-cdec4c0881a2,,,
1999,IND,LB,OLB,97,ACT,Cornelius Bennett,Cornelius,Bennett,1965-08-25,75,240,,00-0001100,,,,,,,,,,"https://static.www.nfl.com/image/private/f_auto,q_auto/league/jytxzojtceh8akpnqqgi",BEN311460,,32004245-4e31-1460-440a-83a87c3532dd,,,
1999,SD,SPEC,P,2,ACT,Darren Bennett,Darren,Bennett,1965-01-09,77,235,,00-0001101,,,,,,,,,,"https://static.www.nfl.com/image/private/f_auto,q_auto/league/i6gctxpcthg8dlk9pbkm",BEN316651,,32004245-4e31-6651-5d56-81c190727ea7,,,
1999,KC,RB,RB,30,ACT,Donnell Bennett,Donnell,Bennett,1972-09-14,72,245,,00-0001102,,,,,,,,,,"https://static.www.nfl.com/image/private/f_auto,q_auto/league/sjugjsobqac1s5w7syhr",BEN321842,,32004245-4e32-1842-a18d-d8811f2702b9,,,
1999,CHI,RB,RB,32,ACT,Edgar Bennett,Edgar,Bennett,1969-02-15,72,218,,00-0001103,,,,,,,,,,"https://static.www.nfl.com/image/private/f_auto,q_auto/league/ypwsi8hiiycvtejvlbvr",BEN341974,,32004245-4e34-1974-fdff-c9973e4b2b25,,,
1999,NYG,RB,RB,44,ACT,Sean Bennett,William,Bennett,1977-03-17,73,230,,00-0001112,,,,,,,,,,"https://static.www.nfl.com/image/private/f_auto,q_auto/league/xefv2sqbthdgmtf5nl13",BEN472065,,32004245-4e47-2065-3929-f1eba0275b65,,,
1999,ARI,DB,S,28,ACT,Tommy Bennett,Tommy,Bennett,1973-02-19,74,212,,00-0001114,,,,,,,,,,"https://static.www.nfl.com/image/private/f_auto,q_auto/league/u8ddsmjzssw563s4rnwf",BEN447808,,32004245-4e44-7808-c0a5-6c23ac680c2e,,,
1999,KC,SPEC,K,9,CUT,Scott Bentley,Scott,Bentley,1974-04-10,72,203,,00-0001138,,,,,,,,,,"https://static.www.nfl.com/image/private/f_auto,q_auto/league/gyb2w3hua71uyovfy9ap",BEN716358,,32004245-4e71-6358-d5a2-45eb0a4dab29,,,
1999,MIN,LB,LB,56,RES,Pete Bercich,Peter,Bercich,1971-12-23,73,240,,00-0001151,,,,,,,,,,"https://static.www.nfl.com/image/private/f_auto,q_auto/league/lkcg8rplbts0yksst9gv",BER020134,,32004245-5202-0134-6bd6-7bc765b2fb26,,,
1999,MIN,SPEC,P,17,ACT,Mitch Berger,Mitchell,Berger,1972-06-24,76,221,,00-0001157,,,,,,,,,,"https://static.www.nfl.com/image/private/f_auto,q_auto/league/mqdccgnykzgp26fl4uuj",BER067954,,32004245-5206-7954-a418-6fe295037024,,,
1999,CLE,OL,G,66,CUT,Alex Bernstein,Alexander,Bernstein,1975-08-11,75,325,,00-0001173,,,,,,,,,,"https://static.www.nfl.com/image/private/f_auto,q_auto/league/qhfxzeyhhsrn3orogbt7",BER368525,,32004245-5236-8525-3d50-6a35d5782f05,,,
1999,IND,LB,LB,57,ACT,Bertrand Berry,Bertrand,Berry,1975-08-15,75,250,,00-0001176,,,,,,,,,,"https://static.www.nfl.com/image/private/f_auto,q_auto/league/el1qocj9wnctldzgnjlz",BER460580,,32004245-5246-0580-29ff-02a4f4deff74,,,
1999,PIT,RB,RB,36,ACT,Jerome Bettis,Jerome,Bettis,1972-02-16,71,250,,00-0001215,,,,,,,,,,"https://static.www.nfl.com/image/private/f_auto,q_auto/league/zqdmcbadbq7eo8tvjwas",BET627285,,32004245-5462-7285-fc69-35fc3ef5a78c,,,
1999,CAR,QB,QB,7,ACT,Steve Beuerlein,Stephen,Beuerlein,1965-03-07,75,220,,00-0001218,,,,,,,,,,"https://static.www.nfl.com/image/private/f_auto,q_auto/league/biuxbpl5hymra8j9wg7i",BEU207645,,32004245-5520-7645-7e0d-a03dcb65ec98,,,
1999,DET,OL,C,79,ACT,Eric Beverly,Eric,Beverly,1974-03-28,75,294,,00-0001222,,,,,,,,,,"https://static.www.nfl.com/image/private/f_auto,q_auto/league/cczmo9dxaxxgt1msqgjk",BEV508098,,32004245-5650-8098-11c7-373818ae8410,,,
1999,CAR,RB,RB,21,ACT,Tim Biakabutuka,Tshimanga,Biakabutuka,1974-01-24,72,215,,00-0001224,,,,,,,,,,"https://static.www.nfl.com/image/private/f_auto,q_auto/league/zddb5ifihjn4und73g8q",BIA166115,,32004249-4116-6115-551e-7d8040cd7f81,,,
1999,GB,SPEC,P,9,RES,Josh Bidwell,Joshua,Bidwell,1976-03-13,75,225,,00-0001231,,,,,,,,,,"https://static.www.nfl.com/image/private/f_auto,q_auto/league/k7icadkhemrtt1dxe07x",BID711929,,32004249-4471-1929-ff9d-b0f0b0eaf2f8,,,
1999,OAK,LB,MLB,54,ACT,Greg Biekert,Gregory,Biekert,1969-03-14,74,255,,00-0001232,,,,,,,,,,"https://static.www.nfl.com/image/private/f_auto,q_auto/league/zr91bisjnncvrnqccn3l",BIE397986,,32004249-4539-7986-6776-835c2db858cd,,,
1999,PHI,RB,RB,33,ACT,Eric Bieniemy,Eric,Bieniemy,1969-08-15,67,205,,00-0001233,,,,,,,,,,"https://static.www.nfl.com/image/private/f_auto,q_auto/league/ht262xobhq7ecc6pmojf",BIE567220,,32004249-4556-7220-5eae-15313b161f99,,,
1999,NE,DB,DB,23,ACT,Terry Billups,Terry,Billups,1975-02-09,69,179,,00-0001247,,,,,,,,,,"https://static.www.nfl.com/image/private/f_auto,q_auto/league/ijqsrwz5fpn32mcq6woa",BIL722424,,32004249-4c72-2424-169c-5314419ab292,,,
1999,SD,SPEC,LS,50,ACT,David Binn,David,Binn,1972-02-06,75,245,,00-0001255,,,,,,,,,,"https://static.www.nfl.com/image/private/f_auto,q_auto/league/xcviqx4jjjh4lgwyyndp",BIN713776,,32004249-4e71-3776-b6ac-6d094eb67190,,,
1999,MIN,OL,OT,78,ACT,Matt Birk,Matthew,Birk,1976-07-23,76,304,,00-0001263,,,,,,,,,,"https://static.www.nfl.com/image/private/f_auto,q_auto/league/syn6ymqyg85njramfyq3",BIR643699,,32004249-5264-3699-ceca-a4c2ac765bda,,,
1999,TEN,DB,S,23,ACT,Blaine Bishop,Blaine,Bishop,1970-07-24,69,203,,00-0001266,,,,,,,,,,"https://static.www.nfl.com/image/private/f_auto,q_auto/league/vzmxa3v4lfairjpgzoln",BIS237924,,32004249-5323-7924-5973-40d4fe0a9562,,,
1999,ATL,OL,G,65,ACT,Greg Bishop,Gregory,Bishop,1971-05-02,77,315,,00-0001267,,,,,,,,,,"https://static.www.nfl.com/image/private/f_auto,q_auto/league/nnxz0ozpukqvvkhftble",BIS359918,,32004249-5335-9918-c791-b510b1f47d4f,,,
1999,PIT,TE,TE,80,CUT,Harold Bishop,Harold,Bishop,1970-04-08,76,254,,00-0001268,,,,,,,,,,"https://static.www.nfl.com/image/private/f_auto,q_auto/league/amyn9f4cikhfd9dy7t76",BIS373761,,32004249-5337-3761-bc33-cf577565e16c,,,
1999,NE,QB,QB,7,ACT,Michael Bishop,Michael,Bishop,1976-05-15,74,217,,00-0001272,,,,,,,,,,"https://static.www.nfl.com/image/private/f_auto,q_auto/league/jqru5gtcuipgln8gutfl",BIS522078,,32004249-5352-2078-42ec-d513bc1a6d40,,,
1999,DAL,TE,TE,86,ACT,Eric Bjornson,Eric,Bjornson,1971-12-15,76,236,,00-0001281,,,,,,,,,,"https://static.www.nfl.com/image/private/f_auto,q_auto/league/xoidrz5pio1s2iq4xclv",BJO649185,,3200424a-4f64-9185-6815-e1d7e7f66391,,,
1999,CIN,OL,G,66,TRC,Ken Blackman,Kenneth,Blackman,1972-11-08,78,320,,00-0001299,,,,,,,,,,"https://static.www.nfl.com/image/private/f_auto,q_auto/league/mq97yrkculvhycbgkhyl",BLA268196,,3200424c-4126-8196-451a-1d6c122ad42e,,,
1999,TB,OL,G,66,RES,Ken Blackman,Kenneth,Blackman,1972-11-08,78,320,,00-0001299,,,,,,,,,,"https://static.www.nfl.com/image/private/f_auto,q_auto/league/mq97yrkculvhycbgkhyl",BLA268196,,3200424c-4126-8196-451a-1d6c122ad42e,,,
1999,CIN,DB,DB,37,RES,Roosevelt Blackmon,Roosevelt,Blackmon,1974-09-10,73,185,,00-0001303,,,,,,,,,,"https://static.www.nfl.com/image/private/f_auto,q_auto/league/gzdjsmlm6oyeqs5omuob",BLA302401,,3200424c-4130-2401-784d-4cf675edb4d8,,,
1999,BAL,OL,G,69,ACT,Jeff Blackshear,Jeffrey,Blackshear,1969-03-29,78,330,,00-0001307,,,,,,,,,,"https://static.www.nfl.com/image/private/f_auto,q_auto/league/vp5l5hmizwy7obcmxxxo",BLA321835,,3200424c-4132-1835-3ebc-1ddc94c15e34,,,
1999,PIT,WR,WR,89,RES,Will Blackwell,William,Blackwell,1975-07-06,72,190,,00-0001317,,,,,,,,,,"https://static.www.nfl.com/image/private/f_auto,q_auto/league/msmj9gpms23qbwynel04",BLA359037,,3200424c-4135-9037-b3d9-96542a328119,,,
1999,DET,OL,G,65,ACT,Kerlin Blaise,Kerlin,Blaise,1974-12-25,77,323,,00-0001333,,,,,,,,,,"https://static.www.nfl.com/image/private/f_auto,q_auto/league/lnv9c47b2kki1ee0pk5j",BLA573161,,3200424c-4157-3161-aea5-d71f6b0b6748,,,
1999,CIN,QB,QB,8,ACT,Jeff Blake,Jeffery,Blake,1970-12-04,72,210,,00-0001335,,,,,,,,,,"https://static.www.nfl.com/image/private/f_auto,q_auto/league/pigpwarvjuixfgxbigc8",BLA575324,,3200424c-4157-5324-33a5-1c755d8822d6,,,
1999,NYG,SPEC,K,19,ACT,Cary Blanchard,Robert,Blanchard,1968-11-05,73,232,,00-0001343,,,,,,,,,,"https://static.www.nfl.com/image/private/f_auto,q_auto/league/ab9nsu0dtddcgyukzsix",BLA631158,,3200424c-4163-1158-afd4-f66e84d607ce,,,
1999,NE,QB,QB,11,ACT,Drew Bledsoe,Drew,Bledsoe,1972-02-14,77,233,,00-0001361,,,,,,,,,,"https://static.www.nfl.com/image/private/f_auto,q_auto/league/asbipakyrn90khbmi7xo",BLE195074,,3200424c-4519-5074-5427-598f13f1fba5,,,
1999,IND,DB,DB,26,ACT,Tony Blevins,Tony,Blevins,1975-01-29,72,165,,00-0001368,,,,,,,,,,"https://static.www.nfl.com/image/private/f_auto,q_auto/league/zxwbgzaji9yielqj4n7d",BLE772904,,3200424c-4577-2904-196e-75e50e8e56be,,,
1999,SEA,OL,C,60,ACT,Greg Bloedorn,Gregory,Bloedorn,1972-11-15,78,278,,00-0001373,,,,,,,,,,"https://static.www.nfl.com/image/private/f_auto,q_auto/league/qzbaqou47uc6eqq1qfsy",BLO090608,,3200424c-4f09-0608-6800-e46c6c39d6d9,,,
1999,STL,DB,CB,32,ACT,Dre' Bly,Donald,Bly,1977-05-22,69,185,,00-0001388,,,,,,,,,,"https://static.www.nfl.com/image/private/f_auto,q_auto/league/jdsukqvy9fd9upgypnuh",BLY069214,,3200424c-5906-9214-bae7-5b0bacddd7e4,,,
1999,CLE,OL,G,74,ACT,Orlando Bobo,Orlando,Bobo,1974-02-09,75,299,,00-0001397,,,,,,,,,,"https://static.www.nfl.com/image/private/f_auto,q_auto/league/ljqk3oiouslpopwfbib0",BOB564878,,3200424f-4256-4878-6fa6-461314ca61ec,,,
1999,MIA,OL,G,60,RES,John Bock,John,Bock,1971-02-11,75,295,,00-0001401,,,,,,,,,,"https://static.www.nfl.com/image/private/f_auto,q_auto/league/sv717gi4vxk5zgtyhheo",BOC265611,,3200424f-4326-5611-b12c-1e6e029e278c,,,
1999,KC,DB,DB,43,CUT,Juran Bolden,Juran,Bolden,1974-06-27,74,207,,00-0001427,,,,,,,,,,"https://static.www.nfl.com/image/private/f_auto,q_auto/league/huc52omymu814zeuifnh",BOL212257,,3200424f-4c21-2257-ddc2-c3f9e78d569f,,,
1999,JAX,RB,RB,40,RES,Trevor Bollers,Trevor,Bollers,1974-09-24,72,255,,00-0001438,,,,,,,,,,"https://static.www.nfl.com/image/private/f_auto,q_auto/league/vkrmdbevkho0ztkmqdoo",BOL528208,,3200424f-4c52-8208-d48c-9e0eca39c82a,,,
1999,SF,DL,DT,78,TRC,Shane Bonham,Steven,Bonham,1970-10-18,74,286,,00-0001458,,,,,,,,,,"https://static.www.nfl.com/image/private/f_auto,q_auto/league/fj9kktzjhd5peyhpxdm9",BON468534,,3200424f-4e46-8534-cf89-e8bc875fc85f,,,
1999,IND,DL,DT,72,ACT,Shane Bonham,Steven,Bonham,1970-10-18,74,286,,00-0001458,,,,,,,,,,"https://static.www.nfl.com/image/private/f_auto,q_auto/league/fj9kktzjhd5peyhpxdm9",BON468534,,3200424f-4e46-8534-cf89-e8bc875fc85f,,,
1999,CHI,SPEC,K,18,CUT,Chris Boniol,Christopher,Boniol,1971-12-09,71,167,,00-0001460,,,,,,,,,,"https://static.www.nfl.com/image/private/f_auto,q_auto/league/zaakjczcwns731sp7avf",BON475633,,3200424f-4e47-5633-5605-42346488b0d9,,,
1999,SD,QB,QB,11,ACT,Sherdrick Bonner,Sherdrick,Bonner,1968-10-19,76,238,,00-0001470,,,,,,,,,,"https://static.www.nfl.com/image/private/f_auto,q_auto/league/zffowx5gyv4jre6lqa8k",BON597519,,3200424f-4e59-7519-67db-85f32cc8295c,,,
1999,ARI,QB,QB,11,TRC,Sherdrick Bonner,Sherdrick,Bonner,1968-10-19,76,238,,00-0001470,,,,,,,,,,"https://static.www.nfl.com/image/private/f_auto,q_auto/league/zffowx5gyv4jre6lqa8k",BON597519,,3200424f-4e59-7519-67db-85f32cc8295c,,,
1999,CAR,QB,QB,12,ACT,Steve Bono,Steven,Bono,1962-05-11,76,215,,00-0001471,,,,,,,,,,"https://static.www.nfl.com/image/private/f_auto,q_auto/league/krkjgs7ldvznzpqytyc6",BON702801,,3200424f-4e70-2801-37bd-bc0ce0fa7dec,,,
1999,CHI,WR,WR,86,ACT,Marty Booker,Marty,Booker,1976-07-31,71,215,,00-0001477,,,,,,,,,,"https://static.www.nfl.com/image/private/f_auto,q_auto/league/thzjn3ut9gpwnac9zrwx",BOO033965,,3200424f-4f03-3965-c6e4-7a66e7da27ec,,,
1999,ATL,DB,DB,20,ACT,Michael Booker,Michael,Booker,1975-04-27,74,200,,00-0001478,,,,,,,,,,"https://static.www.nfl.com/image/private/f_auto,q_auto/league/g5d5pdrmlzotzgvta6bv",BOO044465,,3200424f-4f04-4465-661b-43bcbba35ead,,,
1999,GB,DL,DE,96,ACT,Vaughn Booker,Vaughn,Booker,1968-02-24,77,300,,00-0001481,,,,,,,,,,"https://static.www.nfl.com/image/private/f_auto,q_auto/league/gyii8kwy0vfbebyiohb5",BOO055715,,3200424f-4f05-5715-b2e2-1f80d1c99404,,,
1999,NYJ,DL,DE,97,ACT,Dorian Boose,Dorian,Boose,1974-01-29,77,292,,00-0001488,,,,,,,,,,"https://static.www.nfl.com/image/private/f_auto,q_auto/league/y7ovslr1rqbzzvymgrdd",BOO542184,,3200424f-4f54-2184-6f4d-d5d3f94b2f57,,,
1999,CAR,DB,DB,31,RES,Tony Booth,Tony,Booth,1975-08-03,72,195,,00-0001495,,,,,,,,,,"https://static.www.nfl.com/image/private/f_auto,q_auto/league/sjzdvgriztusoxsh3ejx",BOO634935,,3200424f-4f63-4935-e5dc-d7b60c4f608d,,,
1999,NO,LB,MLB,56,ACT,Chris Bordano,Christopher,Bordano,1974-12-30,73,248,,00-0001502,,,,,,,,,,"https://static.www.nfl.com/image/private/f_auto,q_auto/league/w23gg84mrwytsj8gqvpy",BOR198238,,3200424f-5219-8238-6033-2626e67c0102,,,
1999,SD,OL,OT,69,RES,Ben Bordelon,Benjamin,Bordelon,1974-04-09,78,305,,00-0001503,,,,,,,,,,"https://static.www.nfl.com/image/private/f_auto,q_auto/league/ckiiyo4vn8bjvkr47hiz",BOR211738,,3200424f-5221-1738-4cee-a0e98177041c,,,
1999,JAX,OL,OT,71,RES,Tony Boselli,Don,Boselli,1972-04-17,79,318,,00-0001519,,,,,,,,,,"https://static.www.nfl.com/image/private/f_auto,q_auto/league/rofuwev687rwaavow0t5",BOS201535,,3200424f-5320-1535-ec7e-3f49526c5295,,,
1999,PHI,RB,RB,27,CUT,James Bostic,James,Bostic,1972-03-13,71,225,,00-0001525,,,,,,,,,,"https://static.www.nfl.com/image/private/f_auto,q_auto/league/ioersobpj4ga5wchd1dq",BOS429213,,3200424f-5342-9213-3701-87b841322c1c,,,
1999,PHI,DB,CB,32,ACT,Jason Bostic,Jason,Bostic,1976-06-30,69,181,,00-0001526,,,,,,,,,,"https://static.www.nfl.com/image/private/f_auto,q_auto/league/h0ck1ohyut9rgjcfymgg",BOS434463,,3200424f-5343-4463-fa9e-72c9bf3bc5e0,,,
1999,ARI,WR,WR,89,ACT,David Boston,David,Boston,1978-08-19,74,210,,00-0001532,,,,,,,,,,"https://static.www.nfl.com/image/private/f_auto,q_auto/league/efvdgyy0lnmdok7k2us0",BOS674793,,3200424f-5367-4793-6f50-b41221eb8037,,,
1999,BAL,LB,OLB,58,ACT,Peter Boulware,Peter,Boulware,1974-12-18,76,255,,00-0001544,,,,,,,,,,"https://static.www.nfl.com/image/private/f_auto,q_auto/league/qec1v7stgctzcs6hbbsw",BOU345732,,3200424f-5534-5732-f288-ade1bc46b5ae,,,
1999,MIN,QB,QB,8,ACT,Todd Bouman,Todd,Bouman,1972-08-01,74,227,,00-0001545,,,,,,,,,,"https://static.www.nfl.com/image/private/f_auto,q_auto/league/tm23xzlohyhulzy9pg69",BOU357325,,3200424f-5535-7325-ae6b-87535418b5c6,,,
1999,WAS,DL,DT,93,ACT,Marc Boutte,Marc,Boutte,1969-07-25,76,307,,00-0001551,,,,,,,,,,"https://static.www.nfl.com/image/private/f_auto,q_auto/league/yzrwzb1w5j7bfatvotpw",BOU484848,,3200424f-5548-4848-541b-98f0c425490a,,,
1999,TEN,LB,OLB,58,ACT,Joe Bowden,Joseph,Bowden,1970-02-25,71,235,,00-0001557,,,,,,,,,,"https://static.www.nfl.com/image/private/f_auto,q_auto/league/ska8n8shr2etljdtbzds",BOW054279,,3200424f-5705-4279-c815-bcc5eaa2167a,,,
1999,DEN,LB,LB,52,ACT,David Bowens,David,Bowens,1977-07-03,74,255,,00-0001563,,,,,,,,,,"https://static.www.nfl.com/image/private/f_auto,q_auto/league/iextaifd6jvbebrxydjp",BOW130962,,3200424f-5713-0962-dbff-4624a7d64c95,,,
1999,MIA,DL,DT,95,ACT,Tim Bowens,Timothy,Bowens,1973-02-07,76,315,,00-0001566,,,,,,,,,,"https://static.www.nfl.com/image/private/f_auto,q_auto/league/rzq90nl7r8kmwmvykxtv",BOW137337,,3200424f-5713-7337-ec94-7d9475d75391,,,
1999,WAS,RB,RB,47,ACT,Larry Bowie,Larry,Bowie,1973-03-21,72,249,,00-0001573,,,,,,,,,,"https://static.www.nfl.com/image/private/f_auto,q_auto/league/txxzp5animgdmlozsdmu",BOW321732,,3200424f-5732-1732-4e02-197267e6257f,,,
1999,SEA,WR,WR,19,ACT,Fabien Bownes,Fabien,Bownes,1972-02-29,71,192,,00-0001582,,,,,,,,,,"https://static.www.nfl.com/image/private/f_auto,q_auto/league/gemtrbecgdahfmnyathj",BOW671385,,3200424f-5767-1385-d2a6-c46b0af58df8,,,
1999,DET,LB,MLB,57,ACT,Stephen Boyd,Stephen,Boyd,1972-08-22,72,242,,00-0001604,,,,,,,,,,"https://static.www.nfl.com/image/private/f_auto,q_auto/league/sf2awnderkenmiqojkph",BOY331450,,3200424f-5933-1450-e028-697cd24ba2f7,,,
1999,JAX,LB,LB,52,ACT,Brant Boyer,Brant,Boyer,1971-06-27,73,232,,00-0001611,,,,,,,,,,"https://static.www.nfl.com/image/private/f_auto,q_auto/league/uw8vhq7rtg5qsfa2tups",BOY467175,,3200424f-5946-7175-fad3-eaf44e61cb0c,,,
1999,JAX,DL,DE,90,ACT,Tony Brackens,Tony,Brackens,1974-12-26,76,257,,00-0001623,,,,,,,,,,"https://static.www.nfl.com/image/private/f_auto,q_auto/league/zv0hvmigjeokdt2x3i6r",BRA067483,,32004252-4106-7483-3448-0e0f26b74238,,,
1999,GB,WR,WR,85,ACT,Corey Bradford,Corey,Bradford,1975-12-08,73,205,,00-0001627,,,,,,,,,,"https://static.www.nfl.com/image/private/f_auto,q_auto/league/nm3dgcfd1c0vrf3ajpmw",BRA096357,,32004252-4109-6357-ac2a-dc7317401208,,,
1999,ATL,DB,CB,23,ACT,Ronnie Bradford,Ronnie,Bradford,1970-10-01,70,195,,00-0001630,,,,,,,,,,"https://static.www.nfl.com/image/private/f_auto,q_auto/league/pj4jrjyj6yq1rowv9uui",BRA101224,,32004252-4110-1224-be8c-258c4cb84d4e,,,
1999,TEN,TE,TE,49,RES,Josh Bradley,Josh,Bradley,1974-03-27,78,271,,00-0001641,,,,,,,,,,"https://static.www.nfl.com/image/private/f_auto,q_auto/league/zvwoin1oeslghl7sm4hs",BRA212831,,32004252-4121-2831-e042-e86f6af9f622,,,
1999,ARI,LB,LB,56,ACT,Melvin Bradley,Melvin,Bradley,1976-08-15,73,268,,00-0001647,,,,,,,,,,"https://static.www.nfl.com/image/private/f_auto,q_auto/league/pimoikj41dtdatx3p9jt",BRA224510,,32004252-4122-4510-8be0-a34d506547d6,,,
1999,IND,LB,LB,51,RES,Jeff Brady,Jeffrey,Brady,1968-11-09,73,243,,00-0001658,,,,,,,,,,"https://static.www.nfl.com/image/private/f_auto,q_auto/league/labt6xcilsoenivwcriy",BRA340875,,32004252-4134-0875-62cc-a9907938fa8d,,,
1999,JAX,TE,TE,80,ACT,Kyle Brady,Kyle,Brady,1972-01-14,78,274,,00-0001661,,,,,,,,,,"https://static.www.nfl.com/image/private/f_auto,q_auto/league/cbfkt8kpdkyq9yikpooi",BRA347797,,32004252-4134-7797-55ea-8fde8dae33ff,,,
1999,CIN,OL,C,74,ACT,Rich Braham,Richard,Braham,1970-11-06,76,305,,00-0001669,,,,,,,,,,"https://static.www.nfl.com/image/private/f_auto,q_auto/league/z3lpp0frcnvfdihvbtcw",BRA410089,,32004252-4141-0089-baeb-eed3ff396aaa,,,
1999,OAK,DB,DB,27,ACT,Calvin Branch,Calvin,Branch,1974-05-08,71,195,,00-0001676,,,,,,,,,,"https://static.www.nfl.com/image/private/f_auto,q_auto/league/wirdekkstvxlrfr0uljc",BRA493145,,32004252-4149-3145-7ed9-da12cd8f2c9d,,,
1999,BUF,LB,LB,96,ACT,Dan Brandenburg,Daniel,Brandenburg,1973-02-16,75,240,,00-0001681,,,,,,,,,,"https://static.www.nfl.com/image/private/f_auto,q_auto/league/nvwh4ezt8tlgnnpi5cze",BRA547650,,32004252-4154-7650-937d-a95ce087b7b9,,,
1999,IND,DL,DE,92,ACT,Chad Bratzke,Chad,Bratzke,1971-09-15,77,275,,00-0001707,,,,,,,,,,"https://static.www.nfl.com/image/private/f_auto,q_auto/league/qo4wtdrxieskgwfsx8qn",BRA690403,,32004252-4169-0403-ed8c-12eadc4cf7c9,,,
1999,DEN,DB,S,34,ACT,Tyrone Braxton,Tyrone,Braxton,1964-12-17,71,190,,00-0001713,,,,,,,,,,"https://static.www.nfl.com/image/private/f_auto,q_auto/league/s5ahu7msqdl7eyf9kqf5",BRA757886,,32004252-4175-7886-6561-28b4373d87cd,,,
1999,DAL,WR,WR,82,ACT,Chris Brazzell,Christopher,Brazzell,1976-05-22,74,193,,00-0001719,,,,,,,,,,"https://static.www.nfl.com/image/private/f_auto,q_auto/league/oeumtn7z0ngoyavgtzkx",BRA825381,,32004252-4182-5381-7292-5057c733740c,,,
1999,CHI,DB,DB,45,RES,Dorian Brew,Dorian,Brew,1974-07-19,70,182,,00-0001738,,,,,,,,,,"https://static.www.nfl.com/image/private/f_auto,q_auto/league/ozuilxdczqwfm7nao8rn",BRE600880,,32004252-4560-0880-bb05-26ec1a9c9281,,,
1999,CIN,SPEC,P,10,CUT,Will Brice,William,Brice,1974-10-24,76,220,,00-0001752,,,,,,,,,,"https://static.www.nfl.com/image/private/f_auto,q_auto/league/q1cbop5i2t0rcuxxt1ak",BRI072431,,32004252-4907-2431-c150-d08872f6f7e1,,,
1999,NO,SPEC,K,10,ACT,Doug Brien,Douglas,Brien,1970-11-24,72,180,,00-0001759,,,,,,,,,,"https://static.www.nfl.com/image/private/f_auto,q_auto/league/kufzyvstze8ysudfvgxy",BRI140033,,32004252-4914-0033-8b29-1826c3b64d27,,,
1999,MIA,LB,LB,57,ACT,O.J. Brigance,Orenthial,Brigance,1969-09-29,72,236,,00-0001760,,,,,,,,,,"https://static.www.nfl.com/image/private/f_auto,q_auto/league/urmzixpidctby2xa3ses",BRI142447,,32004252-4914-2447-4d82-29b7fd7225f2,,,
1999,MIN,DB,DB,0,ACT,Gregg Briggs,Gregg,Briggs,1968-10-19,75,214,,00-0001762,,,,,,,,,,"https://static.www.nfl.com/image/private/f_auto,q_auto/league/y87tipqtisumt2vu9tvn",BRI144862,,32004252-4914-4862-7895-7b9fc1383907,,,
1999,OAK,TE,TE,87,ACT,Jeremy Brigham,Jeremy,Brigham,1975-03-22,78,255,,00-0001766,,,,,,,,,,"https://static.www.nfl.com/image/private/f_auto,q_auto/league/bcg9im99musloazyjzuo",BRI260752,,32004252-4926-0752-9f69-c13552e7842f,,,
1999,NE,WR,WR,82,ACT,Vincent Brisby,Vincent,Brisby,1971-01-25,75,193,,00-0001783,,,,,,,,,,"https://static.www.nfl.com/image/private/f_auto,q_auto/league/xiwrg1cbpripmsaasofi",BRI492532,,32004252-4949-2532-4ae7-98b4ce68be84,,,
1999,DEN,QB,QB,6,ACT,Bubby Brister,Walter,Brister,1962-08-15,75,205,,00-0001785,,,,,,,,,,"https://static.www.nfl.com/image/private/f_auto,q_auto/league/lzu8o971sntflaerjakm",BRI521505,,32004252-4952-1505-9c45-3cbdc53f1154,,,
1999,CHI,OL,OT,78,ACT,Blake Brockermeyer,Blake,Brockermeyer,1973-04-11,76,312,,00-0001804,,,,,,,,,,"https://static.www.nfl.com/image/private/f_auto,q_auto/league/iwv4lq59rrzb8gfhhts2",BRO059236,,32004252-4f05-9236-c277-804018695e05,,,
1999,DEN,QB,QB,11,ACT,Jeff Brohm,Jeffery,Brohm,1971-04-24,73,205,,00-0001810,,,,,,,,,,"https://static.www.nfl.com/image/private/f_auto,q_auto/league/fkz9zihmlkcazibdc3z5",BRO096521,,32004252-4f09-6521-9a34-2a0699994807,,,
1999,MIA,DL,DE,91,ACT,Lorenzo Bromell,Lorenzo,Bromell,1975-09-23,78,270,,00-0001811,,,,,,,,,,"https://static.www.nfl.com/image/private/f_auto,q_auto/league/k2x3idqqleplfsrgwetk",BRO104006,,32004252-4f10-4006-45e5-a4b1c921dfc9,,,
1999,SF,DB,DB,31,RES,Zack Bronson,Robert,Bronson,1974-01-28,73,195,,00-0001816,,,,,,,,,,"https://static.www.nfl.com/image/private/f_auto,q_auto/league/yjjloksbjbkveakfinxj",BRO107036,,32004252-4f10-7036-4a89-8f973c2559ce,,,
1999,ATL,LB,OLB,56,ACT,Keith Brooking,Keith,Brooking,1975-10-30,74,242,,00-0001820,,,,,,,,,,"https://static.www.nfl.com/image/private/f_auto,q_auto/league/mpkiqtbe16s0palpf99k",BRO110262,,32004252-4f11-0262-5c9b-155d9afa1814,,,
1999,GB,QB,QB,2,ACT,Aaron Brooks,Aaron,Brooks,1976-03-24,76,205,,00-0001823,,,,,,,,,,"https://static.www.nfl.com/image/private/f_auto,q_auto/league/hmlvskmkxcrzwzxker5b",BRO114367,,32004252-4f11-4367-a4fa-7130e8a8a9c0,,,
1999,DET,OL,OT,76,ACT,Barrett Brooks,Barrett,Brooks,1972-05-05,76,326,,00-0001825,,,,,,,,,,"https://static.www.nfl.com/image/private/f_auto,q_auto/league/gbja2pdqth23m2qeztgm",BRO116127,,32004252-4f11-6127-1fe4-9d7b81893244,,,
1999,OAK,LB,LB,41,ACT,Bobby Brooks,Bobby,Brooks,1976-03-03,74,235,,00-0001828,,,,,,,,,,"https://static.www.nfl.com/image/private/f_auto,q_auto/league/z19dlwo4vnlefmarikbe",BRO117006,,32004252-4f11-7006-3414-bd174d60eb91,,,
1999,TB,LB,OLB,55,ACT,Derrick Brooks,Derrick,Brooks,1973-04-18,72,235,,00-0001833,,,,,,,,,,"https://static.www.nfl.com/image/private/f_auto,q_auto/league/z58atlnvyqyfobqrv1ca",BRO122327,,32004252-4f12-2327-7c06-b590114515c5,,,
1999,CHI,WR,WR,83,RES,Macey Brooks,Barry,Brooks,1975-02-02,77,215,,00-0001842,,,,,,,,,,"https://static.www.nfl.com/image/private/f_auto,q_auto/league/hjwucw2licgrrlavt32f",BRO116713,,32004252-4f11-6713-eadf-a4d75133c668,,,
1999,PHI,TE,TE,88,ACT,Luther Broughton,Luther,Broughton,1974-11-30,74,248,,00-0001862,,,,,,,,,,"https://static.www.nfl.com/image/private/f_auto,q_auto/league/vyyln7qq4cfziuqlqrxu",BRO208794,,32004252-4f20-8794-b815-fe6b5e0952a2,,,
1999,PIT,OL,OT,60,ACT,Anthony Brown,Anthony,Brown,1972-11-06,77,315,,00-0001875,,,,,,,,,,"https://static.www.nfl.com/image/private/f_auto,q_auto/league/hj8mibsdj2lnjdx8lkuc",BRO266271,,32004252-4f26-6271-8413-f162105d3d31,,,
1999,SEA,LB,OLB,94,ACT,Chad Brown,Chadwick,Brown,1970-07-12,74,240,,00-0001887,,,,,,,,,,"https://static.www.nfl.com/image/private/f_auto,q_auto/league/psp1kqxbdogqownj8edh",BRO301461,,32004252-4f30-1461-ca6b-f897c9b1de48,,,
1999,BAL,LB,OLB,51,ACT,Cornell Brown,Cornell,Brown,1975-03-15,72,240,,00-0001896,,,,,,,,,,"https://static.www.nfl.com/image/private/f_auto,q_auto/league/d5h4aa0mo7roqmres2ly",BRO357374,,32004252-4f35-7374-2efb-426e48add858,,,
1999,DET,DB,DB,44,ACT,Corwin Brown,Corwin,Brown,1970-04-25,73,205,,00-0001897,,,,,,,,,,"https://static.www.nfl.com/image/private/f_auto,q_auto/league/vchlktdoldkodo0whlhq",BRO358156,,32004252-4f35-8156-fe1f-efb816a9ce6c,,,
1999,DEN,DL,DE,73,ACT,Cyron Brown,Cyron,Brown,1975-06-28,77,275,,00-0001902,,,,,,,,,,"https://static.www.nfl.com/image/private/f_auto,q_auto/league/hao9v2wm273j5elewlge",BRO363630,,32004252-4f36-3630-14f2-cfbff75ec785,,,
1999,ARI,QB,QB,17,ACT,Dave Brown,David,Brown,1970-02-25,78,225,,00-0001907,,,,,,,,,,"https://static.www.nfl.com/image/private/f_auto,q_auto/league/dufnybaaskdsr6ax2sps",BRO381657,,32004252-4f38-1657-1ca6-8a45d2de5956,,,
1999,ARI,TE,TE,83,ACT,Derek Brown,Derek,Brown,1970-03-31,78,271,,00-0001919,,,,,,,,,,"https://static.www.nfl.com/image/private/f_auto,q_auto/league/k3vc6q3gmcbygtrsiauf",BRO391782,,32004252-4f39-1782-61c8-7aa458bde5d4,,,
1999,WAS,DL,DT,78,ACT,Doug Brown,Douglas,Brown,1974-09-29,79,290,,00-0001922,,,,,,,,,,"https://static.www.nfl.com/image/private/f_auto,q_auto/league/fpp8a0pbs8vvvsughrv6",BRO405858,,32004252-4f40-5858-d896-f852b566f0be,,,
1999,DEN,DB,FS,26,RES,Eric Brown,Eric,Brown,1975-03-20,72,210,,00-0001931,,,,,,,,,,"https://static.www.nfl.com/image/private/f_auto,q_auto/league/vqv7vfnfklyec7q956xr",BRO429318,,32004252-4f42-9318-5e9c-c57d64dba0cf,,,
1999,PIT,DL,DE,98,ACT,Ernie Brown,Ernest,Brown,1971-03-14,75,295,,00-0001933,,,,,,,,,,"https://static.www.nfl.com/image/private/f_auto,q_auto/league/lrhefb7dvoje0wrukk2j",BRO430491,,32004252-4f43-0491-22a0-38213cc8278a,,,
1999,SD,DB,CB,24,ACT,Fakhir Brown,Fakhir,Brown,1977-09-21,71,192,,00-0001934,,,,,,,,,,"https://static.www.nfl.com/image/private/f_auto,q_auto/league/xprrin9ydmpj97mh4dyk",BRO431077,,32004252-4f43-1077-8c2d-c2d6afe76500,,,
1999,NYG,RB,RB,33,RES,Gary Brown,Gary,Brown,1969-07-01,71,230,,00-0001938,,,,,,,,,,"https://static.www.nfl.com/image/private/f_auto,q_auto/league/bflqsfix92hrwlkgaxsh",BRO443394,,32004252-4f44-3394-eada-0fedbe31c2d2,,,
1999,GB,DL,NT,93,ACT,Gilbert Brown,Gilbert,Brown,1971-02-22,74,345,,00-0001940,,,,,,,,,,"https://static.www.nfl.com/image/private/f_auto,q_auto/league/kkf1ujnc1zugt94i1opm",BRO452308,,32004252-4f45-2308-b08a-a2e1388968c4,,,
1999,DET,DB,DB,31,ACT,J.B. Brown,James,Brown,1967-01-05,72,200,,00-0001953,,,,,,,,,,"https://static.www.nfl.com/image/private/f_auto,q_auto/league/a2vu55pouabamfhpdkjd",BRO478584,,32004252-4f47-8584-a2bc-065240bc204a,,,
1999,MIA,OL,OT,76,ACT,James Brown,James,Brown,1970-01-30,78,325,,00-0001956,,,,,,,,,,"https://static.www.nfl.com/image/private/f_auto,q_auto/league/jdugyii4mwqclr18hafi",BRO481712,,32004252-4f48-1712-c7b7-56ba8e3a8f44,,,
1999,WAS,OL,OT,73,ACT,Jamie Brown,Jamie,Brown,1972-04-24,80,318,,00-0001957,,,,,,,,,,"https://static.www.nfl.com/image/private/f_auto,q_auto/league/p3knl31zxauullv4v2sk",BRO485622,,32004252-4f48-5622-eed4-f43272c51d93,,,
1999,PIT,SPEC,K,3,ACT,Kris Brown,Kristopher,Brown,1976-12-23,70,204,,00-0001980,,,,,,,,,,"https://static.www.nfl.com/image/private/f_auto,q_auto/league/klxeixm8x8hcbs42ql5a",BRO521985,,32004252-4f52-1985-bb20-5663ab81e524,,,
1999,PIT,DB,DB,29,ACT,Lance Brown,Lance,Brown,1972-02-02,74,203,,00-0001981,,,,,,,,,,"https://static.www.nfl.com/image/private/f_auto,q_auto/league/qixqgwhhsd9myuj6c4al",BRO523158,,32004252-4f52-3158-952c-fa255b0d62a9,,,
1999,TEN,TE,TE,84,ACT,Larry Brown,Larry,Brown,1976-09-01,76,280,,00-0001986,,,,,,,,,,"https://static.www.nfl.com/image/private/f_auto,q_auto/league/yiatksoc7waah8pzhmsi",BRO529023,,32004252-4f52-9023-6e93-6ae0edb03368,,,
1999,CLE,OL,OT,75,RES,Lomas Brown,Lomas,Brown,1963-03-30,76,290,,00-0001990,,,,,,,,,,"https://static.www.nfl.com/image/private/f_auto,q_auto/league/ogeu3kkjwnpbqrhjg7bw",BRO548964,,32004252-4f54-8964-90de-014b8453cf6e,,,
1999,PHI,WR,WR,85,ACT,Na Brown,Na,Brown,1977-02-22,72,187,,00-0002005,,,,,,,,,,"https://static.www.nfl.com/image/private/f_auto,q_auto/league/eugx6mbgh5wmenl5kwpq",BRO567145,,32004252-4f56-7145-f84d-5fa9b638bd36,,,
1999,ATL,DB,DB,27,ACT,Omar Brown,Omar,Brown,1975-03-28,70,200,,00-0002010,,,,,,,,,,"https://static.www.nfl.com/image/private/f_auto,q_auto/league/j0qzunzyp5gq8erpckom",BRO567732,,32004252-4f56-7732-faa7-1c581c089cc1,,,
1999,CLE,OL,OT,77,SUS,Orlando Brown,Orlando,Brown,1970-12-12,79,350,,00-0002012,,,,,,,,,,"https://static.www.nfl.com/image/private/f_auto,q_auto/league/e40yis0nb0q00ymfr2u6",BRO570078,,32004252-4f57-0078-e687-f7b342465cfe,,,
1999,SF,OL,G,65,ACT,Ray Brown,Leonard,Brown,1962-12-12,77,318,,00-0002020,,,,,,,,,,"https://static.www.nfl.com/image/private/f_auto,q_auto/league/xdwhokzijbzg4qjhj9jp",BRO547288,,32004252-4f54-7288-9772-605cbfa0da34,,,
1999,SEA,RB,FB,34,ACT,Reggie Brown,Regilyn,Brown,1973-06-26,72,244,,00-0002027,,,,,,,,,,"https://static.www.nfl.com/image/private/f_auto,q_auto/league/twphg1bu1oso33rwju8e",BRO611133,,32004252-4f61-1133-3562-fc6207b3861b,,,
1999,BUF,OL,G,79,ACT,Ruben Brown,Ruben,Brown,1972-02-13,75,304,,00-0002041,,,,,,,,,,"https://static.www.nfl.com/image/private/f_auto,q_auto/league/tufwgbocyimybirmyyzf",BRO668610,,32004252-4f66-8610-2791-57e9a249c48c,,,
1999,OAK,WR,WR,81,ACT,Tim Brown,Timothy,Brown,1966-07-22,72,195,,00-0002058,,,,,,,,,,"https://static.www.nfl.com/image/private/f_auto,q_auto/league/ra9kiq4ocliinelsnhlw",BRO736644,,32004252-4f73-6644-9e13-32296335558c,,,
1999,NE,WR,WR,80,ACT,Troy Brown,Troy,Brown,1971-07-02,70,190,,00-0002068,,,,,,,,,,"https://static.www.nfl.com/image/private/f_auto,q_auto/league/tejmydwbvuqydw2w3dd2",BRO741336,,32004252-4f74-1336-ba23-293b03f398d8,,,
1999,SD,OL,G,60,ACT,Wilbert Brown,Wilbert,Brown,1977-05-09,74,310,,00-0002074,,,,,,,,,,"https://static.www.nfl.com/image/private/f_auto,q_auto/league/ir3kaqlcccw0ovcpt5ng",BRO747787,,32004252-4f74-7787-c525-c9c8bd22b488,,,
1999,KC,DL,DT,93,RES,John Browning,John,Browning,1973-09-30,76,295,,00-0002090,,,,,,,,,,"https://static.www.nfl.com/image/private/f_auto,q_auto/league/vgz8pb3fitpfrs7vydd5",BRO817687,,32004252-4f81-7687-fc21-0e423d11f5ee,,,
1999,STL,WR,WR,80,ACT,Isaac Bruce,Isaac,Bruce,1972-11-10,72,188,,00-0002099,,,,,,,,,,"https://static.www.nfl.com/image/private/f_auto,q_auto/league/txgl2lvmyu3m28cltnib",BRU085284,,32004252-5508-5284-f394-5e776b7d5d81,,,
1999,PIT,TE,TE,87,ACT,Mark Bruener,Mark,Bruener,1972-09-16,76,261,,00-0002102,,,,,,,,,,"https://static.www.nfl.com/image/private/f_auto,q_auto/league/hmywleip3n6bwfgvatsi",BRU237765,,32004252-5523-7765-b54b-0d1223614bca,,,
1999,JAX,QB,QB,8,ACT,Mark Brunell,Mark,Brunell,1970-09-17,73,216,,00-0002110,,,,,,,,,,"https://static.www.nfl.com/image/private/f_auto,q_auto/league/p91vbvdb7ik4fcjuo7ym",BRU575022,,32004252-5557-5022-ece0-cf2096eec69e,,,
1999,NE,LB,OLB,54,ACT,Tedy Bruschi,Tedy,Bruschi,1973-06-09,73,245,,00-0002123,,,,,,,,,,"https://static.www.nfl.com/image/private/f_auto,q_auto/league/iqrno1bbzaixympp1a1v",BRU812794,,32004252-5581-2794-ff39-05644c21d58f,,,
1999,JAX,DB,CB,25,ACT,Fernando Bryant,Fernando,Bryant,1977-03-26,70,174,,00-0002138,,,,,,,,,,"https://static.www.nfl.com/image/private/f_auto,q_auto/league/qunx7qxyqpxt7qzmsqp6",BRY358653,,32004252-5935-8653-7afa-5fc13599ef2f,,,
1999,SF,DL,DT,90,ACT,Junior Bryant,Edward,Bryant,1971-01-16,76,278,,00-0002142,,,,,,,,,,"https://static.www.nfl.com/image/private/f_auto,q_auto/league/t1mbv8551ffwym1h8oae",BRY349215,,32004252-5934-9215-e5cf-85af9774a28f,,,
1999,OAK,DL,DE,94,RES,Tony Bryant,Tony,Bryant,1976-09-03,76,275,,00-0002151,,,,,,,,,,"https://static.www.nfl.com/image/private/f_auto,q_auto/league/n5j94fkmpjscrbixcavr",BRY629216,,32004252-5962-9216-b4a3-2be11431aa1b,,,
1999,DAL,OL,G,60,CUT,Chris Brymer,Chris,Brymer,1974-11-29,75,300,,00-0002157,,,,,,,,,,"https://static.www.nfl.com/image/private/f_auto,q_auto/league/jg1nskqjjvuwxhjn4uia",BRY815495,,32004252-5981-5495-681d-1b082d7ae8c0,,,
1999,BUF,RB,RB,38,RES,Shawn Bryson,Adrian,Bryson,1976-11-30,72,235,,00-0002159,,,,,,,,,,"https://static.www.nfl.com/image/private/f_auto,q_auto/league/tjkagzj6tmsuaorj47lz",BRY821961,,32004252-5982-1961-4e6d-fb4bd8622c54,,,
1999,PHI,OL,G,74,ACT,Doug Brzezinski,Douglas,Brzezinski,1976-03-11,76,305,,00-0002160,,,,,,,,,,"https://static.www.nfl.com/image/private/f_auto,q_auto/league/pmoshf2oaqgljemkztob",BRZ177981,,32004252-5a17-7981-eef4-ffab82ac75c2,,,
1999,ATL,DB,CB,34,ACT,Ray Buchanan,Raymond,Buchanan,1971-09-29,69,185,,00-0002166,,,,,,,,,,"https://static.www.nfl.com/image/private/f_auto,q_auto/league/mo10ppgfyt6acjwwmqs0",BUC184360,,32004255-4318-4360-2e1a-dce1e8f93afb,,,
1999,SF,OL,G,71,ACT,Jeff Buckey,Jeffery,Buckey,1974-08-07,76,295,,00-0002177,,,,,,,,,,"https://static.www.nfl.com/image/private/f_auto,q_auto/league/mxensli7qkw2bvixczx0",BUC525413,,32004255-4352-5413-c089-9b0b4753cb35,,,
1999,WAS,DB,DB,26,ACT,Curtis Buckley,Curtis,Buckley,1970-09-25,72,182,,00-0002180,,,,,,,,,,"https://static.www.nfl.com/image/private/f_auto,q_auto/league/ljzpszxvrzoesbrtw1hl",BUC661867,,32004255-4366-1867-8b09-0f10b0eb7340,,,
1999,NYG,LB,LB,55,ACT,Marcus Buckley,Marcus,Buckley,1971-02-03,75,248,,00-0002184,,,,,,,,,,"https://static.www.nfl.com/image/private/f_auto,q_auto/league/m8w2bolyttxuoemn7p5y",BUC677967,,32004255-4367-7967-5069-3f3b533202c1,,,
1999,MIA,DB,CB,27,ACT,Terrell Buckley,Douglas,Buckley,1971-06-07,70,180,,00-0002185,,,,,,,,,,"https://static.www.nfl.com/image/private/f_auto,q_auto/league/xngyzzkcgydr9zynmhiy",BUC667117,,32004255-4366-7117-3be9-587ab31793ed,,,
1999,SF,DL,DT,99,ACT,Brentson Buckner,Brentson,Buckner,1971-09-30,74,305,,00-0002186,,,,,,,,,,"https://static.www.nfl.com/image/private/f_auto,q_auto/league/hhizj9br8f9pxfpph61d",BUC764969,,32004255-4376-4969-770a-2fe80ea336e9,,,
1999,CLE,OL,C,65,ACT,Jim Bundren,James,Bundren,1974-10-06,75,303,,00-0002216,,,,,,,,,,"https://static.www.nfl.com/image/private/f_auto,q_auto/league/q9ksopqvltngpbw5ou7p",BUN324216,,32004255-4e32-4216-4bd0-9d066839542f,,,
1999,ARI,DL,DT,60,ACT,Tom Burke,Thomas,Burke,1976-10-12,75,261,,00-0002257,,,,,,,,,,"https://static.www.nfl.com/image/private/f_auto,q_auto/league/il7tsmdqnkay6pccrnj9",BUR227401,,32004255-5222-7401-85cb-3bec9f5a6d21,,,
1999,CAR,WR,WR,19,ACT,Dialleo Burks,Dialleo,Burks,1974-07-07,74,181,,00-0002266,,,,,,,,,,"https://static.www.nfl.com/image/private/f_auto,q_auto/league/p4tssenfnjrbjyfesnhv",BUR271892,,32004255-5227-1892-f2e3-cff997bcd988,,,
1999,JAX,LB,LB,54,ACT,Chester Burnett,Chester,Burnett,1975-04-15,70,238,,00-0002286,,,,,,,,,,"https://static.www.nfl.com/image/private/f_auto,q_auto/league/drgxfg4jt6x5xytoao4m",BUR402895,,32004255-5240-2895-1f51-eb2c70ce6033,,,
1999,BAL,DL,DE,90,ACT,Rob Burnett,Robert,Burnett,1967-08-27,76,270,,00-0002294,,,,,,,,,,"https://static.www.nfl.com/image/private/f_auto,q_auto/league/j2boeg3e2ozkj2pprgzb",BUR435028,,32004255-5243-5028-19eb-cf2589120f0e,,,
1999,CHI,LB,LB,52,ACT,Keith Burns,Keith,Burns,1972-05-16,74,245,,00-0002312,,,,,,,,,,"https://static.www.nfl.com/image/private/f_auto,q_auto/league/pe5cbuttvyrtz12hduuv",BUR522598,,32004255-5252-2598-ae0f-ce2b7ccdd208,,,
1999,IND,DB,CB,20,ACT,Jeff Burris,Jeffrey,Burris,1972-06-07,72,190,,00-0002328,,,,,,,,,,"https://static.www.nfl.com/image/private/f_auto,q_auto/league/vk7fnibswehatjilczfd",BUR608050,,32004255-5260-8050-1fa8-2d7a86358314,,,
1999,MIN,DL,DE,91,ACT,John Burrough,John,Burrough,1972-05-17,77,276,,00-0002332,,,,,,,,,,"https://static.www.nfl.com/image/private/f_auto,q_auto/league/m1yagp6oi06s7sogx6jc",BUR617937,,32004255-5261-7937-b805-140c02a1984c,,,
1999,NO,OL,C,0,RES,Justin Burroughs,Justin,Burroughs,1976-05-22,75,288,,00-0002336,,,,,,,,,,"https://static.www.nfl.com/image/private/f_auto,q_auto/league/oammkemla70xktpmavxp",BUR655013,,32004255-5265-5013-c862-b60a53250dce,,,
1999,MIA,LB,LB,58,CUT,Sammie Burroughs,Sammie,Burroughs,1973-06-21,72,227,,00-0002337,,,,,,,,,,"https://static.www.nfl.com/image/private/f_auto,q_auto/league/ydobj1b08pepkl6fa7r7",BUR657485,,32004255-5265-7485-4543-41e28196b7f5,,,
1999,CHI,DL,DT,94,ACT,Shane Burton,Franklin,Burton,1974-01-18,78,305,,00-0002365,,,,,,,,,,"https://static.www.nfl.com/image/private/f_auto,q_auto/league/tndh3oh2cdrg86cth1sj",BUR763770,,32004255-5276-3770-f180-e05118575160,,,
1999,STL,DB,FS,23,ACT,Devin Bush,Devin,Bush,1973-07-03,72,210,,00-0002373,,,,,,,,,,"https://static.www.nfl.com/image/private/f_auto,q_auto/league/nftbfn32n3iukep3biiv",BUS219856,,32004255-5321-9856-3e3e-1b200c9f3330,,,
1999,SD,LB,OLB,58,ACT,Lewis Bush,Lewis,Bush,1969-12-02,74,245,,00-0002377,,,,,,,,,,"https://static.www.nfl.com/image/private/f_auto,q_auto/league/nnziotkhrbpxukwg2e9r",BUS268713,,32004255-5326-8713-d8fb-ada207418862,,,
1999,CIN,TE,TE,88,ACT,Steve Bush,Steven,Bush,1974-07-04,75,258,,00-0002380,,,,,,,,,,"https://static.www.nfl.com/image/private/f_auto,q_auto/league/rqynpo970skjbegedyof",BUS305892,,32004255-5330-5892-fa7e-c3625753b310,,,
1999,GB,DB,S,36,ACT,LeRoy Butler,LeRoy,Butler,1968-07-19,72,203,,00-0002424,,,,,,,,,,"https://static.www.nfl.com/image/private/f_auto,q_auto/league/xtmullwdkw6p2mc6mmnt",BUT467190,,32004255-5446-7190-5bde-917681893e23,,,
1999,SD,RB,RB,43,ACT,Kenny Bynum,Kenneth,Bynum,1974-05-29,71,191,,00-0002459,,,,,,,,,,"https://static.www.nfl.com/image/private/f_auto,q_auto/league/mbmrxcdtu9iisxbaxiax",BYN541722,,32004259-4e54-1722-efa3-998c252ee2ab,,,
1999,TEN,WR,WR,83,ACT,Isaac Byrd,Isaac,Byrd,1974-11-16,73,188,,00-0002469,,,,,,,,,,"https://static.www.nfl.com/image/private/f_auto,q_auto/league/utnyylferccz9ehq4gps",BYR427111,,32004259-5242-7111-c010-8a3fbababcc3,,,
1999,DEN,LB,OLB,59,ACT,Glenn Cadrez,Glenn,Cadrez,1970-01-02,75,240,,00-0002493,,,,,,,,,,"https://static.www.nfl.com/image/private/f_auto,q_auto/league/btobjj3j8xwqmh9atnz1",CAD642710,,32004341-4464-2710-11fb-3ef52a6a2e5c,,,
1999,PHI,LB,LB,56,ACT,Mike Caldwell,Isaiah,Caldwell,1971-08-31,74,237,,00-0002518,,,,,,,,,,"https://static.www.nfl.com/image/private/f_auto,q_auto/league/vaptghdgp920u2k4rjdz",CAL286747,,32004341-4c28-6747-cb07-99a1542e503f,,,
1999,ATL,WR,WR,80,ACT,Chris Calloway,Christopher,Calloway,1968-03-29,70,188,,00-0002544,,,,,,,,,,"https://static.www.nfl.com/image/private/f_auto,q_auto/league/zttcfvieeohnynyu4lpa",CAL719836,,32004341-4c71-9836-19be-8ffe552f40a2,,,
1999,NYG,TE,TE,86,ACT,Dan Campbell,Daniel,Campbell,1976-04-13,77,265,,00-0002565,,,,,,,,,,"https://static.www.nfl.com/image/private/f_auto,q_auto/league/mjqfip0ythczsmgwwqze",CAM220201,,32004341-4d22-0201-4281-54eac2abfb40,,,
1999,DET,DB,DB,39,ACT,Lamar Campbell,Lamar,Campbell,1976-08-29,71,183,,00-0002583,,,,,,,,,,"https://static.www.nfl.com/image/private/f_auto,q_auto/league/pjifhisvlzqawo9iicje",CAM493190,,32004341-4d49-3190-cd9d-85228d0f6401,,,
1999,CLE,TE,TE,83,RES,Mark Campbell,Mark,Campbell,1975-12-06,78,253,,00-0002586,,,,,,,,,,"https://static.www.nfl.com/image/private/f_auto,q_auto/league/ptumwqyseaaoawuvd9p4",CAM504768,,32004341-4d50-4768-ec5f-a7b1c64834cd,,,
1999,CAR,OL,G,66,ACT,Matt Campbell,Matthew,Campbell,1972-07-14,76,300,,00-0002587,,,,,,,,,,"https://static.www.nfl.com/image/private/f_auto,q_auto/league/w7q84ocwisvvtxbsf6oy",CAM512505,,32004341-4d51-2505-48e6-640c81584f5e,,,
1999,TB,DL,DT,98,ACT,James Cannida,James,Cannida,1975-01-03,74,291,,00-0002604,,,,,,,,,,"https://static.www.nfl.com/image/private/f_auto,q_auto/league/r8wljspmzydilpwg5pix",CAN572173,,32004341-4e57-2173-b958-cb0c055b9eb6,,,
1999,CHI,DB,DB,3,RES,Jim Cantelupe,Jim,Cantelupe,1974-03-12,72,210,,00-0002610,,,,,,,,,,"https://static.www.nfl.com/image/private/f_auto,q_auto/league/mzqwzkdwkfk2hknqfgf3",CAN758181,,32004341-4e75-8181-bfaf-32a528b206d9,,,
1999,SEA,DB,DB,26,ACT,Chris Canty,Christopher,Canty,1976-03-30,69,185,,00-0002613,,,,,,,,,,"https://static.www.nfl.com/image/private/f_auto,q_auto/league/voargens0ymejnhnezdr",CAN797931,,32004341-4e79-7931-ad6d-1332ea23dbd7,,,
1999,SD,SPEC,K,3,ACT,John Carney,John,Carney,1964-04-20,71,170,,00-0002655,,,,,,,,,,"https://static.www.nfl.com/image/private/f_auto,q_auto/league/vayogcgph7k6j3uhza5d",CAR243867,,32004341-5224-3867-1223-418051f03b99,,,
1999,BUF,DB,DB,29,ACT,Keion Carpenter,Keion,Carpenter,1977-10-31,71,205,,00-0002666,,,,,,,,,,"https://static.www.nfl.com/image/private/f_auto,q_auto/league/at2eigcwwjgfrzi3ggdd",CAR302819,,32004341-5230-2819-ec0b-92aff44cfcfb,,,
1999,STL,DB,DB,24,ACT,Ron Carpenter,Ronald,Carpenter,1970-01-20,73,189,,00-0002669,,,,,,,,,,"https://static.www.nfl.com/image/private/f_auto,q_auto/league/uo9cowbwewkd1hknydga",CAR320487,,32004341-5232-0487-868a-2bf9e8cafa2f,,,
1999,DET,DB,FS,27,ACT,Mark Carrier,Mark,Carrier,1968-04-28,73,190,,00-0002688,,,,,,,,,,"https://static.www.nfl.com/image/private/f_auto,q_auto/league/ftqmpwprcj4cqhq0clgz",CAR481143,,32004341-5248-1143-2151-7c29471e884f,,,
1999,CAR,WR,WR,89,CUT,Rae Carruth,Rae,Carruth,1974-01-20,71,194,,00-0002701,,,,,,,,,,"https://static.www.nfl.com/image/private/f_auto,q_auto/league/s7ksaqavp8ihcrdv60q6",CAR563530,,32004341-5256-3530-2341-6ca2409504b5,,,
1999,DEN,TE,TE,89,ACT,Dwayne Carswell,Dwayne,Carswell,1972-01-18,75,260,,00-0002709,,,,,,,,,,"https://static.www.nfl.com/image/private/f_auto,q_auto/league/xuse1m2bepq6y1t9gcnj",CAR604724,,32004341-5260-4724-595e-238cd394cb96,,,
1999,NE,RB,FB,30,ACT,Tony Carter,Antonio,Carter,1972-08-23,72,232,,00-0002713,,,,,,,,,,"https://static.www.nfl.com/image/private/f_auto,q_auto/league/sda9g8npaf7fm1t59rws",CAR614610,,32004341-5261-4610-c568-1a2d183d9e02,,,
1999,NE,DB,FS,42,ACT,Chris Carter,Christopher,Carter,1974-09-27,74,209,,00-0002720,,,,,,,,,,"https://static.www.nfl.com/image/private/f_auto,q_auto/league/ckwpt0i66wc5emo59woi",CAR630486,,32004341-5263-0486-b1da-1e5e95529e0e,,,
1999,MIN,WR,WR,80,ACT,Cris Carter,Christopher,Carter,1965-11-25,75,220,,00-0002721,,,,,,,,,,"https://static.www.nfl.com/image/private/f_auto,q_auto/league/tb52fk83tmdpmbzwliuk",CAR632736,,32004341-5263-2736-118c-c8f710d298e2,,,
1999,DEN,DB,CB,40,ACT,Dale Carter,Dale,Carter,1969-11-28,73,188,,00-0002722,,,,,,,,,,"https://static.www.nfl.com/image/private/f_auto,q_auto/league/p0lamz2eofttqjhqvcva",CAR636031,,32004341-5263-6031-9ce4-c8faa4e776aa,,,
1999,STL,DL,DE,93,ACT,Kevin Carter,Kevin,Carter,1973-09-21,77,280,,00-0002742,,,,,,,,,,"https://static.www.nfl.com/image/private/f_auto,q_auto/league/dq4xapoi6auskplt1qrv",CAR687111,,32004341-5268-7111-a398-bc71828f6b4f,,,
1999,CIN,RB,RB,32,RES,Ki-Jana Carter,Kenneth,Carter,1973-09-12,70,222,,00-0002743,,,,,,,,,,"https://static.www.nfl.com/image/private/f_auto,q_auto/league/du6eysltm6wofdicua8j",CAR682168,,32004341-5268-2168-2e40-f2cc0367ba6a,,,
1999,ATL,DB,S,25,RES,Marty Carter,Marty,Carter,1969-12-17,73,210,,00-0002748,,,,,,,,,,"https://static.www.nfl.com/image/private/f_auto,q_auto/league/jtnr1calwawcvc250tbz",CAR716512,,32004341-5271-6512-dc11-c81ef9aee87c,,,
1999,CHI,DB,CB,25,TRC,Tom Carter,Thomas,Carter,1972-09-05,72,190,,00-0002765,,,,,,,,,,"https://static.www.nfl.com/image/private/f_auto,q_auto/league/vms6glvrufub27nzweri",CAR746980,,32004341-5274-6980-a741-803d23b072ce,,,
1999,CIN,DB,CB,21,ACT,Tom Carter,Thomas,Carter,1972-09-05,72,190,,00-0002765,,,,,,,,,,"https://static.www.nfl.com/image/private/f_auto,q_auto/league/vms6glvrufub27nzweri",CAR746980,,32004341-5274-6980-a741-803d23b072ce,,,
1999,ATL,DB,DB,35,ACT,Johndale Carty,Johndale,Carty,1977-08-27,72,203,,00-0002775,,,,,,,,,,"https://static.www.nfl.com/image/private/f_auto,q_auto/league/sgudhtszfl8fflgrbmzk",CAR809045,,32004341-5280-9045-10d4-061b6b95e7b6,,,
1999,NYJ,LB,LB,53,RES,Chad Cascadden,Chad,Cascadden,1972-05-14,73,240,,00-0002784,,,,,,,,,,"https://static.www.nfl.com/image/private/f_auto,q_auto/league/prpel5kzpcj5cnxlyjim",CAS062922,,32004341-5306-2922-43cf-0e609656cfb2,,,
1999,BAL,QB,QB,10,ACT,Stoney Case,Stoney,Case,1972-07-07,75,201,,00-0002787,,,,,,,,,,"https://static.www.nfl.com/image/private/f_auto,q_auto/league/xcfymbbw9j5rlg6q4frn",CAS138429,,32004341-5313-8429-d208-141d8e276396,,,
1999,WAS,RB,FB,37,ACT,Larry Centers,Larry,Centers,1968-06-01,72,225,,00-0002846,,,,,,,,,,"https://static.www.nfl.com/image/private/f_auto,q_auto/league/sh7w1wpurvkvvggkvf1m",CEN553722,,32004345-4e55-3722-b4d9-2fa8b1f7e832,,,
1999,JAX,OL,G,79,ACT,Anthony Cesario,Anthony,Cesario,1976-07-19,77,311,,00-0002852,,,,,,,,,,"https://static.www.nfl.com/image/private/f_auto,q_auto/league/ppdbawv3u4z4nodwdgym",CES543222,,32004345-5354-3222-4238-51e3b2364c5d,,,
1999,DEN,TE,TE,86,ACT,Byron Chamberlain,Byron,Chamberlain,1971-10-17,73,242,,00-0002861,,,,,,,,,,"https://static.www.nfl.com/image/private/f_auto,q_auto/league/wei7lijftagcldtpstmp",CHA053274,,32004348-4105-3274-1b00-1992f1241e56,,,
1999,JAX,DB,DB,23,ACT,Corey Chamblin,Corey,Chamblin,1977-05-29,70,188,,00-0002868,,,,,,,,,,"https://static.www.nfl.com/image/private/f_auto,q_auto/league/aecu2kutjyfd1okurq5l",CHA154467,,32004348-4115-4467-e5b9-dd43d3fe924e,,,
1999,DAL,RB,RB,35,ACT,Robert Chancey,Robert,Chancey,1972-09-07,72,252,,00-0002873,,,,,,,,,,"https://static.www.nfl.com/image/private/f_auto,q_auto/league/vqwvnbizgbdyfqnonync",CHA189080,,32004348-4118-9080-ecc5-0d4cd6fb6e88,,,
1999,ATL,QB,QB,12,ACT,Chris Chandler,Christopher,Chandler,1965-10-12,76,225,,00-0002876,,,,,,,,,,"https://static.www.nfl.com/image/private/f_auto,q_auto/league/yrkv7xnpwcfljbhpgz6w",CHA222838,,32004348-4122-2838-886c-316b57f3d3ce,,,
1999,CLE,OL,OT,69,ACT,Roger Chanoine,Roger,Chanoine,1976-09-11,76,295,,00-0002885,,,,,,,,,,"https://static.www.nfl.com/image/private/f_auto,q_auto/league/m1fmm3gasehoenuextai",CHA378571,,32004348-4137-8571-1605-e5ae4cf97ad3,,,
1999,BAL,DL,DT,92,ACT,Martin Chase,Cecil,Chase,1974-12-19,74,310,,00-0002908,,,,,,,,,,"https://static.www.nfl.com/image/private/f_auto,q_auto/league/jjxeb9try5igzyvdzylf",CHA690038,,32004348-4169-0038-af39-6ffef9a7156a,,,
1999,ARI,DB,CB,25,ACT,Corey Chavous,Corey,Chavous,1976-01-05,73,200,,00-0002919,,,,,,,,,,"https://static.www.nfl.com/image/private/f_auto,q_auto/league/scj5o61uhyqjkc19wt4k",CHA820452,,32004348-4182-0452-1f68-e2e03a262f41,,,
1999,NO,DB,DB,30,ACT,Je'Rod Cherry,Je'Rod,Cherry,1973-05-30,73,208,,00-0002928,,,,,,,,,,"https://static.www.nfl.com/image/private/f_auto,q_auto/league/sxuozhwmhetuporwmgyb",CHE367364,,32004348-4536-7364-7c4f-60293fcc2a69,,,
1999,NYG,QB,QB,18,ACT,Mike Cherry,Michael,Cherry,1973-12-15,75,225,,00-0002930,,,,,,,,,,"https://static.www.nfl.com/image/private/f_auto,q_auto/league/qlnmakuweeoxuafube7i",CHE379914,,32004348-4537-9914-2797-b86fddbcfa10,,,
1999,IND,DL,DT,64,ACT,Larry Chester,Larry,Chester,1975-10-17,74,305,,00-0002938,,,,,,,,,,"https://static.www.nfl.com/image/private/f_auto,q_auto/league/perqgmgdli2q5zj9lic7",CHE595160,,32004348-4559-5160-3108-6b006b15b3bf,,,
1999,CLE,WR,WR,84,ACT,Darrin Chiaverini,Darrin,Chiaverini,1977-10-12,73,210,,00-0002942,,,,,,,,,,"https://static.www.nfl.com/image/private/f_auto,q_auto/league/rggucotcwc2thchkgvg0",CHI077057,,32004348-4907-7057-44ab-47c3d3cf9dd8,,,
1999,NYG,LB,LB,57,ACT,O.J. Childress,Orin,Childress,1976-12-06,73,244,,00-0002946,,,,,,,,,,"https://static.www.nfl.com/image/private/f_auto,q_auto/league/rjbf53nutpfausmwp2t8",CHI366839,,32004348-4936-6839-4bef-03dbd8c158ba,,,
1999,GB,TE,TE,89,RES,Mark Chmura,Mark,Chmura,1969-02-22,77,255,,00-0002958,,,,,,,,,,"https://static.www.nfl.com/image/private/f_auto,q_auto/league/kzqqr8cfkggheztekg14",CHM652601,,32004348-4d65-2601-ff69-23e2e49f1214,,,
1999,NYJ,WR,WR,80,ACT,Wayne Chrebet,Wayne,Chrebet,1973-08-14,70,188,,00-0002962,,,,,,,,,,"https://static.www.nfl.com/image/private/f_auto,q_auto/league/lcdhmtmk5j8jbvesqyn0",CHR062293,,32004348-5206-2293-3fe9-9fe6d490547e,,,
1999,ATL,RB,FB,44,ACT,Bob Christian,Robert,Christian,1968-11-14,71,232,,00-0002970,,,,,,,,,,"https://static.www.nfl.com/image/private/f_auto,q_auto/league/t1o81bpnihwhsofw3gdc",CHR364011,,32004348-5236-4011-16dd-1e8883f98490,,,
1999,BUF,SPEC,K,2,ACT,Steve Christie,Geoffrey,Christie,1967-11-13,72,190,,00-0002975,,,,,,,,,,"https://static.www.nfl.com/image/private/f_auto,q_auto/league/mhh2trle2wz2yo3obn60",CHR498348,,32004348-5249-8348-1f71-3122aee08be5,,,
1999,MIN,OL,C,62,ACT,Jeff Christy,Jeffrey,Christy,1969-02-03,75,286,,00-0002983,,,,,,,,,,"https://static.www.nfl.com/image/private/f_auto,q_auto/league/doweshzqehlhr4rng1fl",CHR758848,,32004348-5275-8848-4672-41271e2d102d,,,
1999,DET,TE,TE,81,RES,Pete Chryplewicz,Peter,Chryplewicz,1974-04-27,77,261,,00-0002985,,,,,,,,,,"https://static.www.nfl.com/image/private/f_auto,q_auto/league/z8ktzeodcoxffrr7hnyu",CHR812469,,32004348-5281-2469-e181-e2feb0208d1d,,,
1999,DET,LB,OLB,50,ACT,Chris Claiborne,Christopher,Claiborne,1978-07-26,75,255,,00-0003005,,,,,,,,,,"https://static.www.nfl.com/image/private/f_auto,q_auto/league/mthgqnptspueoqdimzyw",CLA041042,,3200434c-4104-1042-40d8-0a2629d42c77,,,
1999,DEN,TE,TE,88,ACT,Desmond Clark,Desmond,Clark,1977-04-20,75,255,,00-0003035,,,,,,,,,,"https://static.www.nfl.com/image/private/f_auto,q_auto/league/g9lsnunxeacqezoeq7pk",CLA258726,,3200434c-4125-8726-589f-5947dcb0262a,,,
1999,SF,TE,TE,85,ACT,Greg Clark,Gregory,Clark,1972-04-07,76,251,,00-0003039,,,,,,,,,,"https://static.www.nfl.com/image/private/f_auto,q_auto/league/d4ovub05z90rfmhcayga",CLA314988,,3200434c-4131-4988-21c5-683192406b3a,,,
1999,ARI,OL,OT,79,CUT,Jon Clark,Jon,Clark,1973-03-11,79,345,,00-0003045,,,,,,,,,,"https://static.www.nfl.com/image/private/f_auto,q_auto/league/gwgnrox9cdy76w6wbj7x",CLA391108,,3200434c-4139-1108-bdd2-1687bc22d287,,,
1999,CIN,DB,DB,21,TRD,Rico Clark,Rico,Clark,1974-06-06,70,181,,00-0003060,,,,,,,,,,"https://static.www.nfl.com/image/private/f_auto,q_auto/league/xuq19bru6xsewzsiqaz3",CLA536653,,3200434c-4153-6653-d22a-9ee47dc6c0bd,,,
1999,NE,DB,DB,39,ACT,Rico Clark,Rico,Clark,1974-06-06,70,181,,00-0003060,,,,,,,,,,"https://static.www.nfl.com/image/private/f_auto,q_auto/league/xuq19bru6xsewzsiqaz3",CLA536653,,3200434c-4153-6653-d22a-9ee47dc6c0bd,,,
1999,DAL,TE,TE,83,RES,Hayward Clay,Hayward,Clay,1973-07-05,75,260,,00-0003090,,,,,,,,,,"https://static.www.nfl.com/image/private/f_auto,q_auto/league/atmzhjjaossfs0m7cc2e",CLA721860,,3200434c-4172-1860-112a-4e180c0e26bb,,,
1999,NO,DB,FS,42,ACT,Willie Clay,Willie,Clay,1970-09-05,70,200,,00-0003093,,,,,,,,,,"https://static.www.nfl.com/image/private/f_auto,q_auto/league/qxmvwnovlsg9jovjpltk",CLA767731,,3200434c-4176-7731-a492-146614083bfa,,,
1999,NO,TE,TE,85,ACT,Cameron Cleeland,Cameron,Cleeland,1975-08-15,76,272,,00-0003103,,,,,,,,,,"https://static.www.nfl.com/image/private/f_auto,q_auto/league/im4gg6uonnii6tas7pwk",CLE016949,,3200434c-4501-6949-2c52-af6dee2861e0,,,
1999,ARI,OL,OT,65,ACT,Anthony Clement,Anthony,Clement,1976-04-10,80,355,,00-0003105,,,,,,,,,,"https://static.www.nfl.com/image/private/f_auto,q_auto/league/zkgotx266qrgygs29qot",CLE167954,,3200434c-4516-7954-e59d-47b151374023,,,
1999,STL,LB,LB,56,ACT,Charlie Clemons,Charlie,Clemons,1972-07-04,74,255,,00-0003111,,,,,,,,,,"https://static.www.nfl.com/image/private/f_auto,q_auto/league/dbk5ryw6ychn7a8aqaah",CLE385760,,3200434c-4538-5760-8dae-0cb19627d236,,,
1999,MIN,DL,DE,92,ACT,Duane Clemons,Duane,Clemons,1974-05-23,77,280,,00-0003112,,,,,,,,,,"https://static.www.nfl.com/image/private/f_auto,q_auto/league/daujkigxmty2kfvcyns3",CLE399465,,3200434c-4539-9465-f0d0-4103ceb49295,,,
1999,SF,TE,TE,48,TRC,Tony Cline,Anthony,Cline,1971-11-24,77,260,,00-0003128,,,,,,,,,,"https://static.www.nfl.com/image/private/f_auto,q_auto/league/xy9g4y3jeopsikq8rjsl",CLI249549,,3200434c-4924-9549-681f-8bb1b766bab8,,,
1999,PIT,TE,TE,48,ACT,Tony Cline,Anthony,Cline,1971-11-24,77,260,,00-0003128,,,,,,,,,,"https://static.www.nfl.com/image/private/f_auto,q_auto/league/xy9g4y3jeopsikq8rjsl",CLI249549,,3200434c-4924-9549-681f-8bb1b766bab8,,,
1999,KC,RB,RB,34,ACT,Mike Cloud,Michael,Cloud,1975-07-01,70,205,,00-0003136,,,,,,,,,,"https://static.www.nfl.com/image/private/f_auto,q_auto/league/cvpmw7nnlq0scha5khq4",CLO178116,,3200434c-4f17-8116-e78a-8065957ee585,,,
1999,STL,DB,DB,38,ACT,Rich Coady,Richard,Coady,1976-01-26,72,203,,00-0003139,,,,,,,,,,"https://static.www.nfl.com/image/private/f_auto,q_auto/league/zu0fhtqlid1dqi5pd2si",COA165366,,3200434f-4116-5366-6cac-a82c09e67d7b,,,
1999,DAL,LB,OLB,52,ACT,Dexter Coakley,William,Coakley,1972-10-20,70,228,,00-0003140,,,,,,,,,,"https://static.www.nfl.com/image/private/f_auto,q_auto/league/wqvh5kxsgz6ik7z1nirz",COA345732,,3200434f-4134-5732-38ee-644732e0fa83,,,
1999,NE,TE,TE,87,ACT,Ben Coates,Ben,Coates,1969-08-16,77,245,,00-0003142,,,,,,,,,,"https://static.www.nfl.com/image/private/f_auto,q_auto/league/ih0cnctc2jkc0c67gpch",COA653214,,3200434f-4165-3214-2ec2-4a6eb0de9b15,,,
1999,CIN,OL,G,61,ACT,Tony Coats,Kristian,Coats,1975-10-05,78,305,,00-0003144,,,,,,,,,,"https://static.www.nfl.com/image/private/f_auto,q_auto/league/t66uxlcajleqwiqaoq2s",COA676329,,3200434f-4167-6329-fdf0-2d22aa4a0ebc,,,
1999,SEA,DL,DE,90,ACT,Antonio Cochran,Antonio,Cochran,1976-06-21,76,297,,00-0003161,,,,,,,,,,"https://static.www.nfl.com/image/private/f_auto,q_auto/league/jtuz3z8fmfk8qlx1pufj",COC108154,,3200434f-4310-8154-2fc2-4164bc012789,,,
1999,ARI,WR,WR,82,ACT,Mac Cody,Macler,Cody,1972-08-07,71,182,,00-0003175,,,,,,,,,,"https://static.www.nfl.com/image/private/f_auto,q_auto/league/hjwbiv7ewxn8ujf8yxvq",COD507576,,3200434f-4450-7576-9db0-5cb2379e75f2,,,
1999,DEN,DB,FS,48,ACT,George Coghill,George,Coghill,1970-03-30,72,210,,00-0003187,,,,,,,,,,"https://static.www.nfl.com/image/private/f_auto,q_auto/league/hom8jjsd6fblhuvfl0c3",COG487515,,3200434f-4748-7515-21db-869dfde3a787,,,
1999,JAX,OL,G,62,ACT,Ben Coleman,Benjamin,Coleman,1971-05-18,77,323,,00-0003212,,,,,,,,,,"https://static.www.nfl.com/image/private/f_auto,q_auto/league/afuqwafczyh3usv5p9jq",COL220461,,3200434f-4c22-0461-e282-6b872cf86cdc,,,
1999,WAS,DL,DE,99,ACT,Marco Coleman,Marco,Coleman,1969-12-18,75,267,,00-0003230,,,,,,,,,,"https://static.www.nfl.com/image/private/f_auto,q_auto/league/lw63cmsnjbwgenbwxdtg",COL302493,,3200434f-4c30-2493-8603-2c63dbb5aebc,,,
1999,NYJ,DB,CB,42,ACT,Marcus Coleman,Marcus,Coleman,1974-05-24,74,210,,00-0003231,,,,,,,,,,"https://static.www.nfl.com/image/private/f_auto,q_auto/league/xhjeqwrhxqqzoqjeaj1e",COL303957,,3200434f-4c30-3957-a86d-8629c22faa95,,,
1999,OAK,DL,DT,91,ACT,Rod Coleman,Roderick,Coleman,1976-08-16,74,265,,00-0003239,,,,,,,,,,"https://static.www.nfl.com/image/private/f_auto,q_auto/league/fxowpouclwhx8zerf2ep",COL333003,,3200434f-4c33-3003-e7e0-91d826e43650,,,
1999,CLE,DL,DT,93,ACT,Stalin Colinet,Stalin,Colinet,1974-07-17,78,284,,00-0003248,,,,,,,,,,"https://static.www.nfl.com/image/private/f_auto,q_auto/league/xab8c7lnpmaqxb8l4t3e",COL380679,,3200434f-4c38-0679-92a0-c95cf51ba875,,,
1999,MIN,DL,DE,99,TRC,Stalin Colinet,Stalin,Colinet,1974-07-17,78,284,,00-0003248,,,,,,,,,,"https://static.www.nfl.com/image/private/f_auto,q_auto/league/xab8c7lnpmaqxb8l4t3e",COL380679,,3200434f-4c38-0679-92a0-c95cf51ba875,,,
1999,DET,LB,LB,53,CUT,Andre Collins,Andre,Collins,1968-05-04,73,240,,00-0003264,,,,,,,,,,"https://static.www.nfl.com/image/private/f_auto,q_auto/league/ihfqzrpiau8q0ge7wg5s",COL502446,,3200434f-4c50-2446-3e27-f24a4bf5c5ac,,,
1999,BUF,TE,TE,84,ACT,Bobby Collins,Bobby,Collins,1976-08-20,76,249,,00-0003266,,,,,,,,,,"https://static.www.nfl.com/image/private/f_auto,q_auto/league/uxzcuvpgeq1bu4il2wvb",COL513981,,3200434f-4c51-3981-ab88-f94928997009,,,
1999,ATL,OL,G,68,ACT,Calvin Collins,Calvin,Collins,1974-01-05,74,305,,00-0003269,,,,,,,,,,"https://static.www.nfl.com/image/private/f_auto,q_auto/league/ljsmawth3vbjhmofqnae",COL520390,,3200434f-4c52-0390-99b3-66365b696fb6,,,
1999,MIA,RB,RB,34,EXE,Cecil Collins,Cecil,Collins,1976-11-19,70,207,,00-0003271,,,,,,,,,,"https://static.www.nfl.com/image/private/f_auto,q_auto/league/jausxjeb3v2t7ozng3aq",COL521322,,3200434f-4c52-1322-e9a7-e827b5dc6bf9,,,
1999,NYG,QB,QB,5,ACT,Kerry Collins,Kerry,Collins,1972-12-30,77,250,,00-0003292,,,,,,,,,,"https://static.www.nfl.com/image/private/f_auto,q_auto/league/jse9o88qf7weuicc1wwz",COL620367,,3200434f-4c62-0367-e9e9-6254a27bef4a,,,
1999,OAK,OL,OT,79,RES,Mo Collins,Damon,Collins,1976-09-22,76,330,,00-0003305,,,,,,,,,,"https://static.www.nfl.com/image/private/f_auto,q_auto/league/s8wzfnhhnpijnxxuiksj",COL528081,,3200434f-4c52-8081-e38e-288a696b2990,,,
1999,BAL,TE,TE,49,RES,Ryan Collins,Ryan,Collins,1975-11-01,78,259,,00-0003310,,,,,,,,,,"https://static.www.nfl.com/image/private/f_auto,q_auto/league/xdwv4hv004flv0fq1azd",COL681036,,3200434f-4c68-1036-4b17-79edbe0d462a,,,
1999,CLE,TE,TE,88,TRT,Ryan Collins,Ryan,Collins,1975-11-01,78,259,,00-0003310,,,,,,,,,,"https://static.www.nfl.com/image/private/f_auto,q_auto/league/xdwv4hv004flv0fq1azd",COL681036,,3200434f-4c68-1036-4b17-79edbe0d462a,,,
1999,KC,QB,QB,15,ACT,Todd Collins,Todd,Collins,1971-11-05,76,228,,00-0003315,,,,,,,,,,"https://static.www.nfl.com/image/private/f_auto,q_auto/league/vggpgpp9tb4aoeejafze",COL694708,,3200434f-4c69-4708-19c1-34a28c98e006,,,
1999,STL,LB,OLB,54,ACT,Todd F. Collins,Todd,Collins,1970-05-27,74,248,,00-0003316,,,,,,,,,,"https://static.www.nfl.com/image/private/f_auto,q_auto/league/bc7gzummekfoqvz5xsfw",COL692145,,3200434f-4c69-2145-5a15-d4fd65b130dc,,,
1999,NE,DL,DE,92,ACT,Ferric Collons,Ferric,Collons,1969-12-04,79,300,,00-0003319,,,,,,,,,,"https://static.www.nfl.com/image/private/f_auto,q_auto/league/v8lsxxgvzbw647ovk99h",COL722907,,3200434f-4c72-2907-e850-3ba5638d4c69,,,
1999,TEN,LB,LB,59,ACT,Doug Colman,Douglass,Colman,1973-06-04,74,250,,00-0003320,,,,,,,,,,"https://static.www.nfl.com/image/private/f_auto,q_auto/league/re5rz05ry7u0wpoh7av3",COL725470,,3200434f-4c72-5470-fa18-94c38683f933,,,
1999,CHI,LB,LB,59,ACT,Rosevelt Colvin,Rosevelt,Colvin,1977-09-05,74,260,,00-0003338,,,,,,,,,,"https://static.www.nfl.com/image/private/f_auto,q_auto/league/kxcizznpvmun30gk56qs",COL815193,,3200434f-4c81-5193-50c6-9b584da177e4,,,
1999,NYG,RB,RB,34,ACT,Greg Comella,Gregory,Comella,1975-07-29,73,240,,00-0003344,,,,,,,,,,"https://static.www.nfl.com/image/private/f_auto,q_auto/league/e70osgcsvfjjzvb87ney",COM241675,,3200434f-4d24-1675-7496-a418aa4ca5f0,,,
1999,DET,OL,C,77,ACT,Mike Compton,Michael,Compton,1970-09-18,78,298,,00-0003354,,,,,,,,,,"https://static.www.nfl.com/image/private/f_auto,q_auto/league/yaotzp4ksrvztps9ml2r",COM583382,,3200434f-4d58-3382-cc2b-0ac607c4bd16,,,
1999,BUF,OL,C,63,ACT,Bill Conaty,William,Conaty,1973-03-08,74,300,,00-0003356,,,,,,,,,,"https://static.www.nfl.com/image/private/f_auto,q_auto/league/awkpuetoisytrvtnvsrf",CON010381,,3200434f-4e01-0381-7bdd-7d7508bc9596,,,
1999,WAS,WR,WR,83,ACT,Albert Connell,Gene,Connell,1974-05-13,72,179,,00-0003378,,,,,,,,,,"https://static.www.nfl.com/image/private/f_auto,q_auto/league/sqcic4cp6meckcxitx3q",CON386729,,3200434f-4e38-6729-b0e2-af9c6f2db975,,,
1999,PIT,OL,OT,78,ACT,Chris Conrad,Christopher,Conrad,1975-05-27,78,310,,00-0003388,,,,,,,,,,"https://static.www.nfl.com/image/private/f_auto,q_auto/league/yvckvatb7cwzmsxufqvc",CON647535,,3200434f-4e64-7535-4e84-ecfe2ae53c92,,,
1999,WAS,SPEC,K,5,ACT,Brett Conway,Brett,Conway,1975-03-08,74,192,,00-0003395,,,,,,,,,,"https://static.www.nfl.com/image/private/f_auto,q_auto/league/yrfrxzo1bvuxbxdunyrb",CON755290,,3200434f-4e75-5290-1a07-9a500bc49c5e,,,
1999,CHI,WR,WR,80,RES,Curtis Conway,Curtis,Conway,1971-01-13,72,194,,00-0003396,,,,,,,,,,"https://static.www.nfl.com/image/private/f_auto,q_auto/league/xi2qseh2pqknw9xseuhw",CON757886,,3200434f-4e75-7886-6272-386995630659,,,
1999,STL,TE,TE,84,ACT,Ernie Conwell,Ernest,Conwell,1972-08-17,73,265,,00-0003400,,,,,,,,,,"https://static.www.nfl.com/image/private/f_auto,q_auto/league/rtb7sinjaratqbw4zjpn",CON783841,,3200434f-4e78-3841-d044-bc69e36b66c9,,,
1999,WAS,DL,DE,75,ACT,Anthony Cook,Anthony,Cook,1972-05-30,75,295,,00-0003404,,,,,,,,,,"https://static.www.nfl.com/image/private/f_auto,q_auto/league/lv5vlqyi6plhn10yf7my",COO009657,,3200434f-4f00-9657-1fac-29ebb925dfb6,,,
1999,PHI,DB,DB,42,ACT,Rashard Cook,Rashard,Cook,1977-04-18,71,197,,00-0003422,,,,,,,,,,"https://static.www.nfl.com/image/private/f_auto,q_auto/league/cj2srvacme6mtfz75ryi",COO225571,,3200434f-4f22-5571-25bf-e5fc8b6be9aa,,,
1999,DEN,WR,WR,81,ACT,Andre Cooper,Andre,Cooper,1975-06-21,74,210,,00-0003441,,,,,,,,,,"https://static.www.nfl.com/image/private/f_auto,q_auto/league/trad18fmsupy90smc5gy",COO492532,,3200434f-4f49-2532-bf48-da4cfeff3539,,,
1999,OAK,WR,WR,80,ACT,Horace Copeland,Horace,Copeland,1971-01-02,75,200,,00-0003467,,,,,,,,,,"https://static.www.nfl.com/image/private/f_auto,q_auto/league/j4obmltuqgm063tkogxh",COP355962,,3200434f-5035-5962-667f-b94fd7583bbe,,,
1999,CIN,DL,DE,92,ACT,John Copeland,John,Copeland,1970-09-20,75,280,,00-0003470,,,,,,,,,,"https://static.www.nfl.com/image/private/f_auto,q_auto/league/nucxl2ukvp1fzxur4sqc",COP367827,,3200434f-5036-7827-6f4f-22f3a6270293,,,
1999,SEA,OL,G,65,RES,Mondell Corbett,Mondell,Corbett,1977-02-11,74,308,,00-0003474,,,,,,,,,,"https://static.www.nfl.com/image/private/f_auto,q_auto/league/iwyx5rgllcl3i0hmfgtl",COR049693,,3200434f-5204-9693-195a-d04d674cdd83,,,
1999,NYG,SPEC,K,2,CUT,Jose Cortez,Jose,Cortez,1975-05-27,71,205,,00-0003501,,,,,,,,,,"https://static.www.nfl.com/image/private/f_auto,q_auto/league/op8y9v83tn4hnsxjgsd7",COR777340,,3200434f-5277-7340-467f-968488c537cd,,,
1999,DAL,LB,LB,57,ACT,Quentin Coryatt,Quentin,Coryatt,1970-08-01,75,250,,00-0003504,,,,,,,,,,"https://static.www.nfl.com/image/private/f_auto,q_auto/league/wb3nnrovwkjplgwswnhk",COR803961,,3200434f-5280-3961-963d-5a8594d03aff,,,
1999,CIN,SPEC,P,6,ACT,Brad Costello,Bradford,Costello,1974-12-12,73,230,,00-0003512,,,,,,,,,,"https://static.www.nfl.com/image/private/f_auto,q_auto/league/dblsi4khf1x0hrlkwr0e",COS488598,,3200434f-5348-8598-b301-e13567a5a40f,,,
1999,IND,DB,S,37,ACT,Chad Cota,Chad,Cota,1971-08-08,73,198,,00-0003516,,,,,,,,,,"https://static.www.nfl.com/image/private/f_auto,q_auto/league/aefuegrpdfesvm7ptssk",COT013945,,3200434f-5401-3945-defa-9c04060b6722,,,
1999,CLE,QB,QB,2,ACT,Tim Couch,Timothy,Couch,1977-07-31,76,227,,00-0003535,,,,,,,,,,"https://static.www.nfl.com/image/private/f_auto,q_auto/league/uwvfr0sckhgi2r583qyg",COU041732,,3200434f-5504-1732-4557-70304a24cc3b,,,
1999,MIN,DL,DT,95,ACT,Keith Council,Keith,Council,1974-12-03,78,285,,00-0003536,,,,,,,,,,"https://static.www.nfl.com/image/private/f_auto,q_auto/league/qxrppsqfybx32rhxjyce",COU182895,,3200434f-5518-2895-49dd-5600171bd84b,,,
1999,CHI,DB,CB,21,ACT,Terry Cousin,Terry,Cousin,1975-04-11,69,182,,00-0003547,,,,,,,,,,"https://static.www.nfl.com/image/private/f_auto,q_auto/league/jstthwwo7huweibinwre",COU610935,,3200434f-5561-0935-12ab-0a0e0dbcc500,,,
1999,CIN,QB,QB,4,ACT,Scott Covington,Scott,Covington,1976-01-17,74,217,,00-0003557,,,,,,,,,,"https://static.www.nfl.com/image/private/f_auto,q_auto/league/mfokusuxho5iiwokxp26",COV562272,,3200434f-5656-2272-ff89-b334ef221ddc,,,
1999,BUF,LB,ILB,56,ACT,Sam Cowart,Samuel,Cowart,1975-02-26,74,245,,00-0003563,,,,,,,,,,"https://static.www.nfl.com/image/private/f_auto,q_auto/league/rxgpdick1cnakmopcd4z",COW336216,,3200434f-5733-6216-dfa0-e11e2372ca0c,,,
1999,NYJ,LB,ILB,51,RES,Bryan Cox,Bryan,Cox,1968-02-17,76,250,,00-0003572,,,,,,,,,,"https://static.www.nfl.com/image/private/f_auto,q_auto/league/ulohyrsra39hwlhjqyan",COX152273,,3200434f-5815-2273-ea67-e276135136f4,,,
1999,JAX,DB,DB,29,ACT,Jason Craft,Jason,Craft,1976-02-13,70,178,,00-0003597,,,,,,,,,,"https://static.www.nfl.com/image/private/f_auto,q_auto/league/aoj4pssk8pmmqx8w7mns",CRA155133,,32004352-4115-5133-5aa5-a4a01f0ccb47,,,
1999,CAR,QB,QB,2,ACT,Dameyune Craig,Dameyune,Craig,1974-04-19,73,200,,00-0003600,,,,,,,,,,"https://static.www.nfl.com/image/private/f_auto,q_auto/league/px34d4jf9tw1e32fkw4l",CRA212709,,32004352-4121-2709-7ae9-5b4d5e7bbf83,,,
1999,NO,RB,FB,32,ACT,Aaron Craver,Aaron,Craver,1968-12-18,72,232,,00-0003610,,,,,,,,,,"https://static.www.nfl.com/image/private/f_auto,q_auto/league/m3n9nxiskacawfqsnwon",CRA536837,,32004352-4153-6837-af19-3d27e4f153d4,,,
1999,GB,DB,DB,45,CUT,Keith Crawford,Keith,Crawford,1970-11-21,73,185,,00-0003619,,,,,,,,,,"https://static.www.nfl.com/image/private/f_auto,q_auto/league/fqk6wp1nsvnjuv0um453",CRA680522,,32004352-4168-0522-3c6c-13f1aef663bb,,,
1999,NE,LB,LB,99,ACT,Vernon Crawford,Vernon,Crawford,1974-06-25,76,245,,00-0003629,,,,,,,,,,"https://static.www.nfl.com/image/private/f_auto,q_auto/league/krfjdssjxeesm2hf59mz",CRA763051,,32004352-4176-3051-de84-5f609a115549,,,
1999,ATL,LB,OLB,94,ACT,Henri Crockett,Henri,Crockett,1974-10-28,74,238,,00-0003660,,,,,,,,,,"https://static.www.nfl.com/image/private/f_auto,q_auto/league/ikpe5ztfxeepst6zcscb",CRO026651,,32004352-4f02-6651-fa32-cd13daca6795,,,
1999,DEN,DB,CB,39,ACT,Ray Crockett,Donald,Crockett,1967-01-05,70,184,,00-0003661,,,,,,,,,,"https://static.www.nfl.com/image/private/f_auto,q_auto/league/bl0qabvmbhzzxaddowol",CRO025060,,32004352-4f02-5060-ca6d-b2a17c52a7dd,,,
1999,OAK,RB,RB,32,ACT,Zack Crockett,Zachary,Crockett,1972-12-02,74,240,,00-0003663,,,,,,,,,,"https://static.www.nfl.com/image/private/f_auto,q_auto/league/sf1zvlx6pabbv5gtqece",CRO076373,,32004352-4f07-6373-c771-498ee26e4abf,,,
1999,STL,DB,CB,26,TRC,Clifton Crosby,Clifton,Crosby,1974-09-17,69,172,,00-0003676,,,,,,,,,,"https://static.www.nfl.com/image/private/f_auto,q_auto/league/nar1lrclpjrzpwqpodaa",CRO365160,,32004352-4f36-5160-c3bc-b3e6bee869df,,,
1999,CIN,DB,CB,23,CUT,Clifton Crosby,Clifton,Crosby,1974-09-17,69,172,,00-0003676,,,,,,,,,,"https://static.www.nfl.com/image/private/f_auto,q_auto/league/nar1lrclpjrzpwqpodaa",CRO365160,,32004352-4f36-5160-c3bc-b3e6bee869df,,,
1999,NYG,TE,TE,87,ACT,Howard Cross,Howard,Cross,1967-08-08,77,285,,00-0003681,,,,,,,,,,"https://static.www.nfl.com/image/private/f_auto,q_auto/league/nitu6iw0obqvvqhg2lmc",CRO400960,,32004352-4f40-0960-7cff-caf32aa6f5e0,,,
1999,DET,WR,WR,82,ACT,Germane Crowell,Germane,Crowell,1976-09-13,75,216,,00-0003700,,,,,,,,,,"https://static.www.nfl.com/image/private/f_auto,q_auto/league/pbrzbrc3yf1hl1zokhqi",CRO733900,,32004352-4f73-3900-5c47-5547cb62c061,,,
1999,MIN,TE,TE,87,ACT,Carlester Crumpler,Carlester,Crumpler,1971-09-05,78,253,,00-0003715,,,,,,,,,,"https://static.www.nfl.com/image/private/f_auto,q_auto/league/ozb1mu7ikmuur3zx996a",CRU474185,,32004352-5547-4185-8dc2-77d968aed781,,,
1999,NYJ,DB,DB,36,ACT,Buddy Crutchfield,Wellington,Crutchfield,1976-03-07,72,196,,00-0003718,,,,,,,,,,"https://static.www.nfl.com/image/private/f_auto,q_auto/league/v3lfeqtfysulv8f8xalb",CRU730796,,32004352-5573-0796-9be7-8d577fb787f1,,,
1999,NE,RB,RB,29,RES,Derrick Cullors,Derrick,Cullors,1972-12-26,72,195,,00-0003736,,,,,,,,,,"https://static.www.nfl.com/image/private/f_auto,q_auto/league/ts0yfrludlwkbylruqko",CUL465792,,32004355-4c46-5792-64ff-48a3a7994e21,,,
1999,TB,DL,NT,77,ACT,Brad Culpepper,John,Culpepper,1969-05-08,73,270,,00-0003738,,,,,,,,,,"https://static.www.nfl.com/image/private/f_auto,q_auto/league/carhwsp2s6iulffl1mjp",CUL595056,,32004355-4c59-5056-8226-42add1da62cb,,,
1999,MIN,QB,QB,12,ACT,Daunte Culpepper,Daunte,Culpepper,1977-01-28,76,250,,00-0003739,,,,,,,,,,"https://static.www.nfl.com/image/private/f_auto,q_auto/league/vmvl5xojgtwm6jadhy7l",CUL586056,,32004355-4c58-6056-a454-cb19b95e8f55,,,
1999,BUF,LB,ILB,51,ACT,Joe Cummings,Joe,Cummings,1974-06-08,74,242,,00-0003748,,,,,,,,,,"https://static.www.nfl.com/image/private/f_auto,q_auto/league/lgx7kkgqzml0ypoxgyvk",CUM602170,,32004355-4d60-2170-5830-ff43d5c86f3b,,,
1999,MIN,QB,QB,7,ACT,Randall Cunningham,Randall,Cunningham,1963-03-27,76,213,,00-0003761,,,,,,,,,,"https://static.www.nfl.com/image/private/f_auto,q_auto/league/gwa0zs48uxqe3xto4ofx",CUN664464,,32004355-4e66-4464-bcec-7070eac124f6,,,
1999,DAL,SPEC,K,3,TRD,Richie Cunningham,Richard,Cunningham,1970-08-18,70,167,,00-0003762,,,,,,,,,,"https://static.www.nfl.com/image/private/f_auto,q_auto/league/xfafoptrnnjnxastmort",CUN717586,,32004355-4e71-7586-7b01-22252e1f8076,,,
1999,CAR,SPEC,K,3,ACT,Richie Cunningham,Richard,Cunningham,1970-08-18,70,167,,00-0003762,,,,,,,,,,"https://static.www.nfl.com/image/private/f_auto,q_auto/league/xfafoptrnnjnxastmort",CUN717586,,32004355-4e71-7586-7b01-22252e1f8076,,,
1999,TB,OL,OT,76,ACT,DeMarcus Curry,DeMarcus,Curry,1975-04-30,77,332,,00-0003780,,,,,,,,,,"https://static.www.nfl.com/image/private/f_auto,q_auto/league/hga3eqnsfj9gmvqsdkdr",CUR452554,,32004355-5245-2554-fae3-999a759b65c0,,,
1999,JAX,DL,DE,75,RES,Eric Curry,Eric,Curry,1970-02-03,78,277,,00-0003781,,,,,,,,,,"https://static.www.nfl.com/image/private/f_auto,q_auto/league/czn3qpbbprc7hsmxgm5n",CUR457878,,32004355-5245-7878-50c7-db1d38215bb5,,,
1999,GB,OL,OT,61,ACT,Scott Curry,Scott,Curry,1975-12-25,77,300,,00-0003788,,,,,,,,,,"https://static.www.nfl.com/image/private/f_auto,q_auto/league/w7jtts1gh3rpu7wein11",CUR514314,,32004355-5251-4314-fa16-c91c6eb620b2,,,
1999,CIN,LB,LB,98,ACT,Canute Curtis,Canute,Curtis,1974-08-04,74,256,,00-0003794,,,,,,,,,,"https://static.www.nfl.com/image/private/f_auto,q_auto/league/uifogrrix5nh8yku6byp",CUR630462,,32004355-5263-0462-84d0-3959a0e5a540,,,
1999,PIT,TE,TE,80,ACT,Matt Cushing,Matthew,Cushing,1975-07-02,75,258,,00-0003803,,,,,,,,,,"https://static.www.nfl.com/image/private/f_auto,q_auto/league/wzi1dz2onkpprmmylxiw",CUS373761,,32004355-5337-3761-47c5-546da0dba3db,,,
1999,TEN,QB,QB,13,ACT,Kevin Daft,Kevin,Daft,1975-11-19,73,202,,00-0003819,,,,,,,,,,"https://static.www.nfl.com/image/private/f_auto,q_auto/league/grasxide783a7h7ltify",DAF692152,,32004441-4669-2152-a288-5f6027a86024,,,
1999,NYJ,LB,LB,94,ACT,Casey Dailey,Casey,Dailey,1975-06-11,75,249,,00-0003825,,,,,,,,,,"https://static.www.nfl.com/image/private/f_auto,q_auto/league/jehdhuovjyhtilrdzeon",DAI404041,,32004441-4940-4041-4c35-69706ac91f7d,,,
1999,SF,OL,C,67,ACT,Chris Dalman,Christopher,Dalman,1970-03-15,75,297,,00-0003835,,,,,,,,,,"https://static.www.nfl.com/image/private/f_auto,q_auto/league/ecs72uijmdxpkfnvkpja",DAL507576,,32004441-4c50-7576-4be1-4b12591007ac,,,
1999,MIN,LB,LB,50,CUT,Antico Dalton,Antico,Dalton,1975-12-31,73,243,,00-0003837,,,,,,,,,,"https://static.www.nfl.com/image/private/f_auto,q_auto/league/e3oroiukflneemc5rovu",DAL669650,,32004441-4c66-9650-ef3a-57ba32768c80,,,
1999,BAL,DL,DT,91,ACT,Lional Dalton,Lional,Dalton,1975-02-21,73,320,,00-0003838,,,,,,,,,,"https://static.www.nfl.com/image/private/f_auto,q_auto/league/yy172g56rj6xuaxfupk4",DAL680900,,32004441-4c68-0900-a05d-44f5f89fc066,,,
1999,NYG,SPEC,K,3,RES,Brad Daluiso,Bradley,Daluiso,1967-12-31,74,180,,00-0003841,,,,,,,,,,"https://static.www.nfl.com/image/private/f_auto,q_auto/league/mxooxtztmxm6uwlwghwp",DAL771253,,32004441-4c77-1253-a30a-00e15bfaeba5,,,
1999,CAR,DL,DE,72,RES,Robert Daniel,Robert,Daniel,1975-10-19,78,275,,00-0003857,,,,,,,,,,"https://static.www.nfl.com/image/private/f_auto,q_auto/league/rcmlja2gdj9ekprpw4ze",DAN314927,,32004441-4e31-4927-fbe4-27a8493d9e25,,,
1999,ARI,OL,OT,72,RES,Jerome Daniels,Jerome,Daniels,1974-09-13,77,350,,00-0003869,,,,,,,,,,"https://static.www.nfl.com/image/private/f_auto,q_auto/league/ddtlqgqbcehvaso15iv9",DAN570056,,32004441-4e57-0056-ccc2-461fc8375525,,,
1999,SEA,DL,DE,93,ACT,Phillip Daniels,Phillip,Daniels,1973-03-04,77,263,,00-0003874,,,,,,,,,,"https://static.www.nfl.com/image/private/f_auto,q_auto/league/djld5mlcobtb0bir5snd",DAN576866,,32004441-4e57-6866-1904-975edd71bea6,,,
1999,JAX,DB,S,20,ACT,Donovin Darius,Donovin,Darius,1975-08-12,73,216,,00-0003897,,,,,,,,,,"https://static.www.nfl.com/image/private/f_auto,q_auto/league/gjawldaxn0jnskxnytcs",DAR336714,,32004441-5233-6714-b5e4-8ad12b5b8651,,,
1999,PHI,LB,OLB,57,ACT,James Darling,James,Darling,1974-12-29,72,250,,00-0003902,,,,,,,,,,"https://static.www.nfl.com/image/private/f_auto,q_auto/league/o3uqipp2ru0fhmnd5to3",DAR366462,,32004441-5236-6462-e2cf-5a6d4824fd21,,,
1999,CAR,OL,OT,76,ACT,Norberto Davidds-Garrido,Norberto,Davidds-Garrido,1972-06-11,77,315,,00-0003930,,,,,,,,,,"https://static.www.nfl.com/image/private/f_auto,q_auto/league/k6ifuf07vvqtwxpswzdk",DAV038985,,32004441-5603-8985-9f2d-2110f33867b7,,,
1999,GB,LB,LB,50,RES,Anthony Davis,Anthony,Davis,1969-03-07,72,235,,00-0003942,,,,,,,,,,"https://static.www.nfl.com/image/private/f_auto,q_auto/league/rgokrrvfowk9n4htwdeq",DAV136546,,32004441-5613-6546-7571-8f49a60bb2f8,,,
1999,BAL,WR,WR,86,ACT,Billy Davis,William,Davis,1972-07-06,73,205,,00-0003944,,,,,,,,,,"https://static.www.nfl.com/image/private/f_auto,q_auto/league/ogis0bcpy1elld5ip2p0",DAV802056,,32004441-5680-2056-a158-a83da4baa683,,,
1999,TB,LB,LB,58,ACT,Don Davis,Donald,Davis,1972-12-17,73,234,,00-0003970,,,,,,,,,,"https://static.www.nfl.com/image/private/f_auto,q_auto/league/pzzarnw5dxpmbqxzffss",DAV266679,,32004441-5626-6679-7f7b-068e5b5cab73,,,
1999,CAR,DB,CB,25,ACT,Eric Davis,Eric,Davis,1968-01-26,71,185,,00-0003977,,,,,,,,,,"https://static.www.nfl.com/image/private/f_auto,q_auto/league/fwhlk16t8hvig8qcnpxe",DAV306762,,32004441-5630-6762-6242-9784f32fceb0,,,
1999,TB,TE,TE,80,ACT,John Davis,John,Davis,1973-05-14,76,270,,00-0004004,,,,,,,,,,"https://static.www.nfl.com/image/private/f_auto,q_auto/league/i0n1png6bwrngmloxl4k",DAV485862,,32004441-5648-5862-c5b8-f7d9952f7e22,,,
1999,DAL,DL,DE,99,CUT,Nathan Davis,Nathan,Davis,1974-02-06,77,328,,00-0004025,,,,,,,,,,"https://static.www.nfl.com/image/private/f_auto,q_auto/league/mer4dupxbkmhgmpgsp8b",DAV574243,,32004441-5657-4243-91a8-8f8a8a3d434b,,,
1999,PHI,DL,DT,93,ACT,Pernell Davis,Pernell,Davis,1976-05-19,74,320,,00-0004031,,,,,,,,,,"https://static.www.nfl.com/image/private/f_auto,q_auto/league/jqv9orch8hghjilz0fcl",DAV607802,,32004441-5660-7802-954c-571e8fb3c693,,,
1999,GB,SPEC,LS,60,ACT,Rob Davis,Robert,Davis,1968-12-10,75,285,,00-0004038,,,,,,,,,,"https://static.www.nfl.com/image/private/f_auto,q_auto/league/u7e2pgwxr9cydpubme5m",DAV692085,,32004441-5669-2085-e0c8-958d3f69bbe0,,,
1999,CHI,DL,DE,95,ACT,Russell Davis,Russell,Davis,1975-03-28,76,295,,00-0004046,,,,,,,,,,"https://static.www.nfl.com/image/private/f_auto,q_auto/league/a4rjcl7iqfgiyfcqzvfk",DAV722013,,32004441-5672-2013-5d52-50d6fc2061da,,,
1999,WAS,RB,RB,48,ACT,Stephen Davis,Stephen,Davis,1974-03-01,72,234,,00-0004052,,,,,,,,,,"https://static.www.nfl.com/image/private/f_auto,q_auto/league/mzhrluspnc3bpp2e9ruy",DAV751941,,32004441-5675-1941-5aab-1806442fb0b8,,,
1999,DEN,RB,RB,30,RES,Terrell Davis,Terrell,Davis,1972-10-28,71,210,,00-0004054,,,,,,,,,,"https://static.www.nfl.com/image/private/f_auto,q_auto/league/smkzf1k9eeymmon7dzco",DAV766905,,32004441-5676-6905-2b47-c597d123aee3,,,
1999,PIT,DB,FS,27,ACT,Travis Davis,Travis,Davis,1973-01-10,72,209,,00-0004059,,,,,,,,,,"https://static.www.nfl.com/image/private/f_auto,q_auto/league/eyd1jj1c8cozvl60osgj",DAV777753,,32004441-5677-7753-8905-e1d82aef4323,,,
1999,NO,RB,RB,28,ACT,Troy Davis,Troy,Davis,1975-09-14,67,191,,00-0004060,,,,,,,,,,"https://static.www.nfl.com/image/private/f_auto,q_auto/league/smqe3fz4fnjcbn8w5jeu",DAV780933,,32004441-5678-0933-169e-0c2b327cf397,,,
1999,GB,TE,TE,81,ACT,Tyrone Davis,Tyrone,Davis,1972-06-30,76,255,,00-0004063,,,,,,,,,,"https://static.www.nfl.com/image/private/f_auto,q_auto/league/kjuq3p6bj8jbwcc52j2e",DAV783739,,32004441-5678-3739-36cc-bb44744a4d42,,,
1999,DAL,DB,DB,41,ACT,Wendell Davis,Wendell,Davis,1973-06-27,70,185,,00-0004067,,,,,,,,,,"https://static.www.nfl.com/image/private/f_auto,q_auto/league/tm5q6irv6stxqbolyozc",DAV791221,,32004441-5679-1221-896f-2e3ca8cc0554,,,
1999,CLE,WR,WR,87,ACT,Zola Davis,Zola,Davis,1975-01-16,72,185,,00-0004071,,,,,,,,,,"https://static.www.nfl.com/image/private/f_auto,q_auto/league/dd6wedhxfffuu2i5zxlu",DAV815538,,32004441-5681-5538-44a9-bc760edf6191,,,
1999,PHI,DB,FS,20,ACT,Brian Dawkins,Brian,Dawkins,1973-10-13,71,200,,00-0004073,,,,,,,,,,"https://static.www.nfl.com/image/private/f_auto,q_auto/league/uer4z98pum4pancbyvnw",DAW041411,,32004441-5704-1411-7a01-b4072a96b22c,,,
1999,SEA,WR,WR,81,ACT,Sean Dawkins,Sean,Dawkins,1971-02-03,76,218,,00-0004077,,,,,,,,,,"https://static.www.nfl.com/image/private/f_auto,q_auto/league/sgsfwpwyxftgqkaxg8rs",DAW202452,,32004441-5720-2452-e16f-4327f98e953d,,,
1999,NO,WR,WR,81,ACT,Lawrence Dawsey,Lawrence,Dawsey,1967-11-16,72,198,,00-0004079,,,,,,,,,,"https://static.www.nfl.com/image/private/f_auto,q_auto/league/xn4idha7f7klypludgr2",DAW300216,,32004441-5730-0216-9a83-1432c3662370,,,
1999,PIT,OL,C,63,RES,Dermontti Dawson,Dermontti,Dawson,1965-06-17,74,292,,00-0004085,,,,,,,,,,"https://static.www.nfl.com/image/private/f_auto,q_auto/league/d4n1bb6dn67wzrg2dfp8",DAW415288,,32004441-5741-5288-6e9a-ed6c8ab150ba,,,
1999,IND,WR,WR,87,RES,Lake Dawson,Lake,Dawson,1972-01-02,74,207,,00-0004088,,,,,,,,,,"https://static.www.nfl.com/image/private/f_auto,q_auto/league/dza5qdogwu4ngtovlmtv",DAW612432,,32004441-5761-2432-ecd6-f2bdee1e89df,,,
1999,CLE,SPEC,K,4,ACT,Phil Dawson,Philip,Dawson,1975-01-23,70,190,Texas,00-0004091,1440,e5247e5f-c4af-4a9b-8c7c-da75ef7fbf8d,4269,994,422,,5714,229,1,"https://static.www.nfl.com/image/private/f_auto,q_auto/league/dypn7kf7fsaz30ey0ayc",DAW705989,23860,32004441-5770-5989-ac23-bf6cdafcb988,1998,1998,
1999,CLE,TE,TE,88,ACT,James Dearth,James,Dearth,1976-01-22,75,269,,00-0004112,,,,,,,,,,"https://static.www.nfl.com/image/private/f_auto,q_auto/league/ouhiniy7wlpevye7vaue",DEA741611,,32004445-4174-1611-5c8a-19fb6b3074b7,,,
1999,SF,OL,OT,63,ACT,Derrick Deese,Derrick,Deese,1970-05-17,75,289,,00-0004128,,,,,,,,,,"https://static.www.nfl.com/image/private/f_auto,q_auto/league/dluxsjyxacnhhx6m4t12",DEE705650,,32004445-4570-5650-9788-a30e7ded8ec2,,,
1999,TEN,SPEC,K,3,ACT,Al Del Greco,Albert,Del Greco,1962-03-02,70,202,,00-0004147,,,,,,,,,,"https://static.www.nfl.com/image/private/f_auto,q_auto/league/u7rxuqu2qo0yc6i0syyo",DEL351395,,32004445-4c35-1395-c429-b9182e7e7bf5,,,
1999,NO,QB,QB,9,ACT,Jake Delhomme,Jake,Delhomme,1975-01-10,74,205,,00-0004161,,,,,,,,,,"https://static.www.nfl.com/image/private/f_auto,q_auto/league/k5ovzylfya7c86x91067",DEL367367,,32004445-4c36-7367-f75e-2e1555e1a440,,,
1999,PHI,OL,G,66,ACT,Jeff Dellenbach,Jeffrey,Dellenbach,1963-02-14,78,300,,00-0004168,,,,,,,,,,"https://static.www.nfl.com/image/private/f_auto,q_auto/league/vyxcc2ivinhnoiwsqxu6",DEL447230,,32004445-4c44-7230-291e-928740b57fb4,,,
1999,BAL,TE,TE,85,ACT,Greg DeLong,Gregory,DeLong,1973-04-03,76,255,,00-0004172,,,,,,,,,,"https://static.www.nfl.com/image/private/f_auto,q_auto/league/rpqseejwrwvylk2fcmse",DEL563760,,32004445-4c56-3760-460e-03953ddc6ea1,,,
1999,CIN,OL,G,73,RES,Brian DeMarco,Brian,DeMarco,1972-04-09,79,323,,00-0004180,,,,,,,,,,"https://static.www.nfl.com/image/private/f_auto,q_auto/league/ygpkgq6tew0nzconlh7m",DEM100244,,32004445-4d10-0244-46e8-ab1556fc3b9b,,,
1999,MIA,RB,RB,21,ACT,Autry Denson,Autry,Denson,1976-12-08,70,193,,00-0004200,,,,,,,,,,"https://static.www.nfl.com/image/private/f_auto,q_auto/league/ydzqqrnx3xk3byu5dpts",DEN579801,,32004445-4e57-9801-16a7-c9ebe62bb53e,,,
1999,NE,OL,G,61,CUT,Damon Denson,Damon,Denson,1975-02-08,76,305,,00-0004201,,,,,,,,,,"https://static.www.nfl.com/image/private/f_auto,q_auto/league/netbbyz9zyerflo7oyxe",DEN584593,,32004445-4e58-4593-9c12-435c28e32608,,,
1999,WAS,DB,DB,25,ACT,Tim Denton,Timothy,Denton,1973-01-02,71,182,,00-0004208,,,,,,,,,,"https://static.www.nfl.com/image/private/f_auto,q_auto/league/sejf0ysndadcwah7scns",DEN739235,,32004445-4e73-9235-126e-3e0aa6a31217,,,
1999,SF,OL,OT,79,ACT,Dan Dercher,Daniel,Dercher,1976-06-02,77,293,,00-0004214,,,,,,,,,,"https://static.www.nfl.com/image/private/f_auto,q_auto/league/ezdvn9rauh2jkuslrxnb",DER259690,,32004445-5225-9690-b15b-eb1c66bb89fa,,,
1999,PHI,QB,QB,10,ACT,Koy Detmer,Koy,Detmer,1973-07-05,73,195,,00-0004229,,,,,,,,,,"https://static.www.nfl.com/image/private/f_auto,q_auto/league/pelabyebeegnjnhnmv3n",DET302524,,32004445-5430-2524-941b-cafaffb7990a,,,
1999,CLE,QB,QB,11,ACT,Ty Detmer,Ty,Detmer,1967-10-30,72,194,,00-0004230,,,,,,,,,,"https://static.www.nfl.com/image/private/f_auto,q_auto/league/xfjfwb1uf3ubcey7rzwz",DET313774,,32004445-5431-3774-4e25-4f1adedf32e9,,,
1999,MIN,DB,DB,27,CUT,Kevin Devine,Kevin,Devine,1974-12-11,69,179,,00-0004237,,,,,,,,,,"https://static.www.nfl.com/image/private/f_auto,q_auto/league/idapdb9b5y1xufiw0bee",DEV221308,,32004445-5622-1308-611d-8d64afa95990,,,
1999,ARI,OL,C,62,ACT,Mike Devlin,Michael,Devlin,1969-11-16,74,325,,00-0004241,,,,,,,,,,"https://static.www.nfl.com/image/private/f_auto,q_auto/league/mklhq9pgsphzufje8esg",DEV722424,,32004445-5672-2424-d676-14372d58a721,,,
1999,DET,DL,DE,95,ACT,Jared DeVries,Jared,DeVries,1976-06-11,76,280,,00-0004242,,,,,,,,,,"https://static.www.nfl.com/image/private/f_auto,q_auto/league/eqlqkwtpikbualywtjpa",DEV741307,,32004445-5674-1307-9419-5340a1bcfdbd,,,
1999,ARI,OL,G,64,ACT,James Dexter,James,Dexter,1973-03-03,79,320,,00-0004250,,,,,,,,,,"https://static.www.nfl.com/image/private/f_auto,q_auto/league/siq9jhl9k2goodvezau3",DEX622937,,32004445-5862-2937-5dab-a342467dcbd3,,,
1999,OAK,OL,G,64,ACT,Gennaro DiNapoli,Gennaro,DiNapoli,1975-05-25,75,300,,00-0004252,,,,,,,,,,"https://static.www.nfl.com/image/private/f_auto,q_auto/league/ijylageycvwfjovwgh2k",DIN065839,,32004449-4e06-5839-d702-391c5d068330,,,
1999,TB,OL,G,64,ACT,Jorge Diaz,Jorge,Diaz,1973-11-15,76,304,,00-0004256,,,,,,,,,,"https://static.www.nfl.com/image/private/f_auto,q_auto/league/rcr8vt6uqxanobv4yxjt",DIA713254,,32004449-4171-3254-eab8-008947ebdec7,,,
1999,PHI,OL,G,63,ACT,David Diaz-Infante,Gustavo,Diaz-Infante,1964-03-31,75,295,,00-0004257,,,,,,,,,,"https://static.www.nfl.com/image/private/f_auto,q_auto/league/ff7p3cxw3foemjjrlpu2",DIA726754,,32004449-4172-6754-9848-cc6824475369,,,
1999,TB,QB,QB,12,ACT,Trent Dilfer,Trent,Dilfer,1972-03-13,76,229,,00-0004293,,,,,,,,,,"https://static.www.nfl.com/image/private/f_auto,q_auto/league/ssbi0ektdltubjtxsbvv",DIL049692,,32004449-4c04-9692-11e1-88ec1642adf7,,,
1999,IND,TE,TE,85,ACT,Ken Dilger,Kenneth,Dilger,1971-02-02,77,259,,00-0004294,,,,,,,,,,"https://static.www.nfl.com/image/private/f_auto,q_auto/league/j1odrkjvw7dkzmf8nr28",DIL056791,,32004449-4c05-6791-2f1a-5ac4a2f1f87f,,,
1999,CIN,RB,RB,28,ACT,Corey Dillon,Corey,Dillon,1974-10-24,73,225,,00-0004304,,,,,,,,,,"https://static.www.nfl.com/image/private/f_auto,q_auto/league/fkbrkwz0nztu20g3ljde",DIL255767,,32004449-4c25-5767-3a1d-51df79ea21a5,,,
1999,SD,DB,CB,27,ACT,Charles Dimry,Charles,Dimry,1966-01-31,72,176,,00-0004318,,,,,,,,,,"https://static.www.nfl.com/image/private/f_auto,q_auto/league/frjo8zahuntwnjy8kprh",DIM726754,,32004449-4d72-6754-8ce7-dc10b21025e6,,,
1999,SD,DL,DE,90,ACT,Adrian Dingle,Adrian,Dingle,1977-06-25,75,272,,00-0004320,,,,,,,,,,"https://static.www.nfl.com/image/private/f_auto,q_auto/league/eiet9pgtnxlcsbjohr5o",DIN241610,,32004449-4e24-1610-aaba-a13cd01a0ad1,,,
1999,CAR,DL,DT,74,ACT,Antonio Dingle,Antonio,Dingle,1976-10-07,73,315,,00-0004321,,,,,,,,,,"https://static.www.nfl.com/image/private/f_auto,q_auto/league/pmd4bckvl8cegjrichrw",DIN252110,,32004449-4e25-2110-41c0-5c7162c9b2fe,,,
1999,GB,DL,DT,74,TRD,Antonio Dingle,Antonio,Dingle,1976-10-07,73,315,,00-0004321,,,,,,,,,,"https://static.www.nfl.com/image/private/f_auto,q_auto/league/pmd4bckvl8cegjrichrw",DIN252110,,32004449-4e25-2110-41c0-5c7162c9b2fe,,,
1999,ARI,OL,G,67,ACT,Chris Dishman,Christopher,Dishman,1974-02-27,75,338,,00-0004336,,,,,,,,,,"https://static.www.nfl.com/image/private/f_auto,q_auto/league/llogbfeqvfnidn5z65w6",DIS613185,,32004449-5361-3185-93c9-276644c924fb,,,
1999,KC,DB,CB,26,ACT,Cris Dishman,Cris,Dishman,1965-08-13,72,196,,00-0004337,,,,,,,,,,"https://static.www.nfl.com/image/private/f_auto,q_auto/league/nagkdko7yzlsaj6lsrax",DIS622935,,32004449-5362-2935-abf4-1cb78a685da3,,,
1999,DET,DB,DB,38,RES,Andre Dixon,Andre,Dixon,1975-12-04,73,200,,00-0004344,,,,,,,,,,"https://static.www.nfl.com/image/private/f_auto,q_auto/league/se4pypmrt9pc1nvnc1ef",DIX075141,,32004449-5807-5141-2d18-3357805da8f5,,,
1999,MIN,OL,G,71,ACT,David Dixon,David,Dixon,1969-01-05,77,346,,00-0004349,,,,,,,,,,"https://static.www.nfl.com/image/private/f_auto,q_auto/league/rt3ph0ssxpwjlqbqpsxr",DIX122457,,32004449-5812-2457-9a0f-56ef46c18443,,,
1999,SD,LB,LB,51,ACT,Gerald Dixon,Gerald,Dixon,1969-06-20,75,250,,00-0004353,,,,,,,,,,"https://static.www.nfl.com/image/private/f_auto,q_auto/league/kkflbokzjdipmhgyeunl",DIX223618,,32004449-5822-3618-dc4c-12511acee317,,,
1999,MIA,OL,G,63,ACT,Mark Dixon,Mark,Dixon,1970-11-26,76,300,,00-0004360,,,,,,,,,,"https://static.www.nfl.com/image/private/f_auto,q_auto/league/pujo2mckeujjybe7wwxv",DIX471196,,32004449-5847-1196-3af8-17751c06b72c,,,
1999,DEN,WR,WR,85,ACT,Chris Doering,Christopher,Doering,1973-05-19,76,195,,00-0004386,,,,,,,,,,"https://static.www.nfl.com/image/private/f_auto,q_auto/league/xtw1oboswuuwpij5onvk",DOE677964,,3200444f-4567-7964-6910-73c7dc30e7d5,,,
1999,TB,OL,G,65,ACT,Kevin Dogins,Kevin,Dogins,1972-12-07,73,301,,00-0004388,,,,,,,,,,"https://static.www.nfl.com/image/private/f_auto,q_auto/league/whlchns0onsrdyjpfu3s",DOG296636,,3200444f-4729-6636-6a44-20b3baeae4a4,,,
1999,MIN,DL,DE,56,ACT,Chris Doleman,Christopher,Doleman,1961-10-16,77,287,,00-0004396,,,,,,,,,,"https://static.www.nfl.com/image/private/f_auto,q_auto/league/gqiibamun09e1tg065p9",DOL237308,,3200444f-4c23-7308-406c-f7cc4c25ec14,,,
1999,MIA,OL,G,65,ACT,Kevin Donnalley,Kevin,Donnalley,1968-06-10,77,310,,00-0004419,,,,,,,,,,"https://static.www.nfl.com/image/private/f_auto,q_auto/league/xxgffmxmj4mugmezaolv",DON483675,,3200444f-4e48-3675-5815-d521d7f1cca8,,,
1999,TEN,DB,DB,33,ACT,Anthony Dorsett,Anthony,Dorsett,1973-09-14,71,200,,00-0004440,,,,,,,,,,"https://static.www.nfl.com/image/private/f_auto,q_auto/league/odpv6aahnr8bsqyh7rat",DOR466824,,3200444f-5246-6824-4ac4-6c9141068121,,,
1999,GB,OL,OT,72,ACT,Earl Dotson,Earl,Dotson,1970-12-17,76,310,,00-0004455,,,,,,,,,,"https://static.www.nfl.com/image/private/f_auto,q_auto/league/efgpdrtqamsrgsrmseen",DOT279361,,3200444f-5427-9361-7664-1253332ee030,,,
1999,GB,DL,DT,71,ACT,Santana Dotson,Santana,Dotson,1969-12-19,77,290,,00-0004456,,,,,,,,,,"https://static.www.nfl.com/image/private/f_auto,q_auto/league/suwthkwlabdis4snhg9a",DOT288111,,3200444f-5428-8111-19e0-5e9c7548df18,,,
1999,CIN,OL,OT,76,RES,Mike Doughty,Mike,Doughty,1975-02-18,78,315,,00-0004461,,,,,,,,,,"https://static.www.nfl.com/image/private/f_auto,q_auto/league/jybvuquahqnbzemz8b6s",DOU183535,,3200444f-5518-3535-8958-e65853669fc2,,,
1999,PHI,WR,WR,82,ACT,Dameane Douglas,Dameane,Douglas,1976-03-15,72,195,,00-0004463,,,,,,,,,,"https://static.www.nfl.com/image/private/f_auto,q_auto/league/gy73ndsfeqibqgeniqk5",DOU233249,,3200444f-5523-3249-f390-de500501531d,,,
1999,PHI,DL,DE,53,RES,Hugh Douglas,Hugh,Douglas,1971-08-23,74,280,,00-0004470,,,,,,,,,,"https://static.www.nfl.com/image/private/f_auto,q_auto/league/mwo4q3dfzulkpfitnpjp",DOU392212,,3200444f-5539-2212-3ca0-1f2323fda574,,,
1999,BAL,DL,DE,94,ACT,Marques Douglas,Marques,Douglas,1977-03-15,74,270,,00-0004472,,,,,,,,,,"https://static.www.nfl.com/image/private/f_auto,q_auto/league/fik4btinfyl074kc3u7q",DOU543962,,3200444f-5554-3962-a6a8-6806079e77ba,,,
1999,ATL,RB,RB,45,RES,Gary Downs,Gary,Downs,1972-06-06,73,218,,00-0004495,,,,,,,,,,"https://static.www.nfl.com/image/private/f_auto,q_auto/league/qtzrxhtsegthoordmmcz",DOW680145,,3200444f-5768-0145-1db2-850234ba5dd7,,,
1999,MIA,WR,WR,17,CUT,Todd Doxzon,Todd,Doxzon,1975-03-28,73,186,,00-0004497,,,,,,,,,,"https://static.www.nfl.com/image/private/f_auto,q_auto/league/uugqhpwuiyl8ux7wnxux",DOX800920,,3200444f-5880-0920-4431-63763407b887,,,
1999,SF,LB,LB,57,ACT,Chris Draft,Christopher,Draft,1976-02-26,71,230,,00-0004505,,,,,,,,,,"https://static.www.nfl.com/image/private/f_auto,q_auto/league/hkqlzjisunrkmfcq1ysq",DRA080751,,32004452-4108-0751-55d2-dc750d1da3ca,,,
1999,ARI,DL,DT,76,ACT,Jerry Drake,Jerry,Drake,1969-07-09,77,312,,00-0004514,,,,,,,,,,"https://static.www.nfl.com/image/private/f_auto,q_auto/league/mvqvwort2szm6gnvtxhz",DRA173324,,32004452-4117-3324-2c88-c798b58cdf33,,,
1999,NO,DB,CB,22,ACT,Tyronne Drakeford,Tyronne,Drakeford,1971-06-21,71,185,,00-0004519,,,,,,,,,,"https://static.www.nfl.com/image/private/f_auto,q_auto/league/rt1hwlaw2bxep87u2rdv",DRA381898,,32004452-4138-1898-7ed5-f0af5d749cca,,,
1999,MIA,TE,TE,84,ACT,Troy Drayton,Troy,Drayton,1970-06-29,75,265,,00-0004524,,,,,,,,,,"https://static.www.nfl.com/image/private/f_auto,q_auto/league/jfnf25aqe7nvghvvj3hq",DRA659509,,32004452-4165-9509-cc22-d85e91e24077,,,
1999,OAK,QB,QB,10,ACT,Scott Dreisbach,Scott,Dreisbach,1975-12-16,75,210,,00-0004527,,,,,,,,,,"https://static.www.nfl.com/image/private/f_auto,q_auto/league/nz8tsefkkajbbhumh9hv",DRE188768,,32004452-4518-8768-9120-a33b5069b0f2,,,
1999,GB,WR,WR,80,ACT,Donald Driver,Donald,Driver,1975-02-02,72,175,,00-0004541,1966,25b678cc-e81b-46b2-8fd7-34d78441a922,,1450,533,DrivDo00,,,,"https://static.www.nfl.com/image/private/f_auto,q_auto/league/meghf1spsre8cqmyobo7",DRI611685,,32004452-4961-1685-1588-a156d3654c00,,,
1999,ATL,DL,DT,75,ACT,Shane Dronett,Carlton,Dronett,1971-01-12,78,298,,00-0004543,,,,,,,,,,"https://static.www.nfl.com/image/private/f_auto,q_auto/league/x6jymul0jhlwzs7yje0z",DRO207645,,32004452-4f20-7645-2a15-1bd8bde04825,,,
1999,MIA,QB,QB,16,ACT,Jim Druckenmiller,James,Druckenmiller,1972-09-19,77,234,,00-0004546,,,,,,,,,,"https://static.www.nfl.com/image/private/f_auto,q_auto/league/bjmdhahfc3qcv7v9slat",DRU056791,,32004452-5505-6791-7707-733c7c9e1314,,,
1999,OAK,TE,TE,83,ACT,Rickey Dudley,Rickey,Dudley,1972-07-15,78,255,,00-0004574,,,,,,,,,,"https://static.www.nfl.com/image/private/f_auto,q_auto/league/lc4dsvmpz9iefv1tbzfg",DUD672376,,32004455-4467-2376-5bd6-f4781cb43678,,,
1999,CLE,DL,DT,62,ACT,Bill Duff,William,Duff,1974-02-24,75,284,,00-0004581,,,,,,,,,,"https://static.www.nfl.com/image/private/f_auto,q_auto/league/wso88yitpfcu4dikyir5",DUF330898,,32004455-4633-0898-f1d2-341be8f44049,,,
1999,PIT,OL,C,62,ACT,Roger Duffy,Roger,Duffy,1967-07-16,75,299,,00-0004586,,,,,,,,,,"https://static.www.nfl.com/image/private/f_auto,q_auto/league/oovb0uero3gvtm38vrsf",DUF553722,,32004455-4655-3722-d141-83b7ac6d5ab8,,,
1999,SD,DB,FS,38,ACT,Mike Dumas,Michael,Dumas,1969-03-18,72,202,,00-0004609,,,,,,,,,,"https://static.www.nfl.com/image/private/f_auto,q_auto/league/iphiqynjs8f4fu4modku",DUM092286,,32004455-4d09-2286-628f-69f8ba544486,,,
1999,TB,LB,LB,59,ACT,Jamie Duncan,Jamie,Duncan,1975-07-20,72,244,,00-0004624,,,,,,,,,,"https://static.www.nfl.com/image/private/f_auto,q_auto/league/ttd3fiiaynohdjmwnddt",DUN271284,,32004455-4e27-1284-99a8-1615e7297bfa,,,
1999,CLE,WR,WR,81,ACT,Damon Dunn,Damon,Dunn,1976-03-15,69,180,,00-0004633,,,,,,,,,,"https://static.www.nfl.com/image/private/f_auto,q_auto/league/ubys0cgdcdw4vw1trttc",DUN527300,,32004455-4e52-7300-77fd-8905e9c56a4a,,,
1999,CLE,WR,WR,81,CUT,David Dunn,David,Dunn,1972-06-10,74,220,,00-0004634,,,,,,,,,,"https://static.www.nfl.com/image/private/f_auto,q_auto/league/bjv8dzqir9jvvk2uk9id",DUN530032,,32004455-4e53-0032-3f29-074915624765,,,
1999,TB,RB,RB,28,ACT,Warrick Dunn,Warrick,Dunn,1975-01-05,68,180,,00-0004640,,,,,,,,,,"https://static.www.nfl.com/image/private/f_auto,q_auto/league/g5mn0hydlozzo7cuasg8",DUN705495,,32004455-4e70-5495-f3e4-6dc7c4e368a2,,,
1999,ATL,WR,WR,83,ACT,Tim Dwight,Timothy,Dwight,1975-07-13,68,180,,00-0004673,,,,,,,,,,"https://static.www.nfl.com/image/private/f_auto,q_auto/league/vbytsq96swkztalryyul",DWI237309,,32004457-4923-7309-7145-3ca86cf62fa2,,,
1999,ARI,OL,OT,75,RES,Ernest Dye,Ernest,Dye,1971-07-15,78,330,,00-0004678,,,,,,,,,,"https://static.www.nfl.com/image/private/f_auto,q_auto/league/vtea4x8eehsd5iwmubjz",DYE194145,,32004459-4519-4145-2d90-de47f80d4537,,,
1999,TEN,WR,WR,87,ACT,Kevin Dyson,Kevin,Dyson,1975-06-23,73,201,,00-0004694,,,,,,,,,,"https://static.www.nfl.com/image/private/f_auto,q_auto/league/f6p5ssuugfkybzxoktlu",DYS462619,,32004459-5346-2619-dc99-d519add1d774,,,
1999,NYJ,WR,WR,88,ACT,Quinn Early,Quinn,Early,1965-04-13,72,190,,00-0004705,,,,,,,,,,"https://static.www.nfl.com/image/private/f_auto,q_auto/league/rqhbkjnz0ey9rxfmdsfx",EAR461435,,32004541-5246-1435-bacd-3d87b6f2c87a,,,
1999,NE,DL,DT,90,ACT,Chad Eaton,Chad,Eaton,1972-04-06,77,300,,00-0004717,,,,,,,,,,"https://static.www.nfl.com/image/private/f_auto,q_auto/league/yhv90rj3hy0dyfaomiwr",EAT264860,,32004541-5426-4860-473e-729234b02639,,,
1999,CAR,DL,DE,96,ACT,Antonio Edwards,Antonio,Edwards,1970-03-10,75,271,,00-0004746,,,,,,,,,,"https://static.www.nfl.com/image/private/f_auto,q_auto/league/dsbl99gvi8jgposiic0y",EDW100536,,32004544-5710-0536-698f-e082a15fb206,,,
1999,GB,DB,CB,24,ACT,Antuan Edwards,Antuan,Edwards,1977-05-26,73,205,,00-0004747,,,,,,,,,,"https://static.www.nfl.com/image/private/f_auto,q_auto/league/rfg4valless8iaz0efih",EDW108786,,32004544-5710-8786-3825-08c4e5050490,,,
1999,MIA,RB,RB,37,ACT,Brian Edwards,Brian,Edwards,1976-06-06,73,220,,00-0004752,,,,,,,,,,"https://static.www.nfl.com/image/private/f_auto,q_auto/league/lb1jjn3beglihy0icvll",EDW132048,,32004544-5713-2048-decf-0a6c86f814ba,,,
1999,KC,LB,OLB,59,ACT,Donnie Edwards,Donald,Edwards,1973-04-06,74,235,,00-0004757,,,,,,,,,,"https://static.www.nfl.com/image/private/f_auto,q_auto/league/ni3stsjft3xjzyz0d59e",EDW327120,,32004544-5732-7120-bca1-8c3aece77242,,,
1999,CLE,RB,FB,44,ACT,Marc Edwards,Marc,Edwards,1974-11-17,72,229,,00-0004768,,,,,,,,,,"https://static.www.nfl.com/image/private/f_auto,q_auto/league/znwj9srxhjzvi7ni5ds1",EDW606990,,32004544-5760-6990-4155-5a39b2ee6e4c,,,
1999,NE,RB,RB,47,RES,Robert Edwards,Robert,Edwards,1974-10-02,71,218,,00-0004774,,,,,,,,,,"https://static.www.nfl.com/image/private/f_auto,q_auto/league/idmnfrtnzdmpp3plskwr",EDW650877,,32004544-5765-0877-38df-1d561571962b,,,
1999,PIT,WR,WR,81,ACT,Troy Edwards,Troy,Edwards,1977-04-07,69,192,,00-0004780,,,,,,,,,,"https://static.www.nfl.com/image/private/f_auto,q_auto/league/zmoyydlwwxbfwhyidp0o",EDW724280,,32004544-5772-4280-7f37-c4971cdafab8,,,
1999,DAL,DL,DE,96,ACT,Ebenezer Ekuban,Ebenezer,Ekuban,1976-05-29,75,280,,00-0004808,,,,,,,,,,"https://static.www.nfl.com/image/private/f_auto,q_auto/league/p1vlrelwalrrxedmnnlu",EKU088990,,3200454b-5508-8990-9bb4-ef426394a456,,,
1999,DEN,SPEC,K,1,ACT,Jason Elam,Jason,Elam,1970-03-08,71,200,,00-0004811,,,,,,,,,,"https://static.www.nfl.com/image/private/f_auto,q_auto/league/psqpnvgzgpxykmmuwoq5",ELA548409,,3200454c-4154-8409-2b92-de20a874147f,,,
1999,IND,RB,RB,23,ACT,Keith Elias,Keith,Elias,1972-02-03,69,203,,00-0004824,,,,,,,,,,"https://static.www.nfl.com/image/private/f_auto,q_auto/league/uaecjnzj0y2lrujok86t",ELI344232,,3200454c-4934-4232-ead0-dbfd2781f821,,,
1999,NYJ,OL,OT,76,ACT,Jumbo Elliott,John,Elliott,1965-04-01,79,305,,00-0004836,,,,,,,,,,"https://static.www.nfl.com/image/private/f_auto,q_auto/league/go6sn6kbvhfcajcoyvhi",ELL319455,,3200454c-4c31-9455-1202-e686bc3d0212,,,
1999,NE,OL,OT,66,ACT,Ed Ellis,Edward,Ellis,1975-10-13,79,330,,00-0004848,,,,,,,,,,"https://static.www.nfl.com/image/private/f_auto,q_auto/league/ikabinvvjxj9qm9323fg",ELL464383,,3200454c-4c46-4383-5b3c-1c1c020f20d9,,,
1999,DAL,DL,DE,98,RES,Greg Ellis,Gregory,Ellis,1975-08-14,78,286,,00-0004851,,,,,,,,,,"https://static.www.nfl.com/image/private/f_auto,q_auto/league/ifcvhyfnkphnppffcqby",ELL500479,,3200454c-4c50-0479-f38a-988bea0ccc9c,,,
1999,NE,RB,RB,35,ACT,Jerry Ellison,Jerry,Ellison,1971-12-20,70,204,,00-0004871,,,,,,,,,,"https://static.www.nfl.com/image/private/f_auto,q_auto/league/j5veavwqnduezweborrh",ELL692152,,3200454c-4c69-2152-d897-39c6f24be6f6,,,
1999,DET,DL,DT,94,ACT,Luther Elliss,Luther,Elliss,1973-03-22,77,305,,00-0004874,,,,,,,,,,"https://static.www.nfl.com/image/private/f_auto,q_auto/league/xrie8zca2tekv4f6rocs",ELL756043,,3200454c-4c75-6043-b92c-f4f560eff7df,,,
1999,NYG,DB,FS,43,ACT,Percy Ellsworth,Percy,Ellsworth,1974-10-19,74,225,,00-0004875,,,,,,,,,,"https://static.www.nfl.com/image/private/f_auto,q_auto/league/h6lud7spmzyhscgl277j",ELL798637,,3200454c-4c79-8637-d034-901ab9ce6d90,,,
1999,SEA,DB,DB,43,ACT,Joey Eloms,Joey,Eloms,1976-10-02,70,183,,00-0004881,,,,,,,,,,"https://static.www.nfl.com/image/private/f_auto,q_auto/league/j743v9hxoaubvatcf98n",ELO415291,,3200454c-4f41-5291-454b-123a63c49d32,,,
1999,TB,WR,WR,87,ACT,Bert Emanuel,Bert,Emanuel,1970-10-26,70,176,,00-0004888,,,,,,,,,,"https://static.www.nfl.com/image/private/f_auto,q_auto/league/lc3z0qk31ezffm2zex2w",EMA405343,,3200454d-4140-5343-a20f-92233ab5e769,,,
1999,PIT,LB,OLB,51,ACT,Carlos Emmons,Carlos,Emmons,1973-09-03,77,250,,00-0004901,,,,,,,,,,"https://static.www.nfl.com/image/private/f_auto,q_auto/league/crgxtdyfi24c3nvncqup",EMM404041,,3200454d-4d40-4041-6e70-01063cce53da,,,
1999,DET,OL,C,51,CUT,Greg Engel,Gregory,Engel,1971-01-18,75,285,,00-0004906,,,,,,,,,,"https://static.www.nfl.com/image/private/f_auto,q_auto/league/pisoxfips7gl7hbop1r9",ENG154116,,3200454e-4715-4116-7330-b32d704112db,,,
1999,NYG,OL,C,69,ACT,Derek Engler,Derek,Engler,1974-07-11,77,300,,00-0004909,,,,,,,,,,"https://static.www.nfl.com/image/private/f_auto,q_auto/league/qwrwkokuzuygdhvpajsd",ENG408540,,3200454e-4740-8540-1464-1c96a1ff7d44,,,
1999,CHI,WR,WR,81,ACT,Bobby Engram,Simon,Engram,1973-01-07,70,192,,00-0004915,,,,,,,,,,"https://static.www.nfl.com/image/private/f_auto,q_auto/league/u18aupjv3gtlivfcnkyv",ENG735656,,3200454e-4773-5656-5602-f65399daac35,,,
1999,CHI,RB,RB,44,RES,Curtis Enis,Curtis,Enis,1976-06-15,72,240,,00-0004916,,,,,,,,,,"https://static.www.nfl.com/image/private/f_auto,q_auto/league/njqff7inehiv5pryf5pi",ENI540972,,3200454e-4954-0972-afce-23d725de1958,,,
1999,CHI,QB,QB,19,ACT,Craig Erickson,Craig,Erickson,1969-05-17,74,213,,00-0004925,,,,,,,,,,"https://static.www.nfl.com/image/private/f_auto,q_auto/league/im5vivd8jjrofw9iwswn",ERI112822,,32004552-4911-2822-9e26-be6f347719db,,,
1999,NO,DL,DT,79,CUT,Justin Ernest,Justin,Ernest,1972-12-17,75,284,,00-0004928,,,,,,,,,,"https://static.www.nfl.com/image/private/f_auto,q_auto/league/flnojfsuuakvhpskkkfi",ERN069557,,32004552-4e06-9557-bb10-bdc48723d3bc,,,
1999,BAL,RB,FB,29,ACT,Chuck Evans,Charles,Evans,1967-04-16,73,245,,00-0004972,,,,,,,,,,"https://static.www.nfl.com/image/private/f_auto,q_auto/league/lxxtq0fznknbc8htkm96",EVA094239,,32004556-4109-4239-664a-e95c143bea6b,,,
1999,CAR,DB,CB,33,ACT,Doug Evans,Douglas,Evans,1970-05-13,73,190,,00-0004978,,,,,,,,,,"https://static.www.nfl.com/image/private/f_auto,q_auto/league/nfbciz3wpjybcwc2piyj",EVA158815,,32004556-4115-8815-4c54-d8e99d4c0706,,,
1999,TEN,DL,DT,91,ACT,Josh Evans,Mijoshki,Evans,1972-09-06,74,288,,00-0004989,,,,,,,,,,"https://static.www.nfl.com/image/private/f_auto,q_auto/league/k1qywfs4tmcnw287hnzx",EVA544434,,32004556-4154-4434-7642-50ceb5eb5444,,,
1999,WAS,DB,FS,35,ACT,Leomont Evans,Leomont,Evans,1974-07-12,73,202,,00-0004993,,,,,,,,,,"https://static.www.nfl.com/image/private/f_auto,q_auto/league/kb94jnzjkntgkzxyjmbu",EVA464858,,32004556-4146-4858-192a-cc00a230bab4,,,
1999,PHI,OL,C,61,ACT,Steve Everitt,Steven,Everitt,1970-08-21,77,310,,00-0005020,,,,,,,,,,"https://static.www.nfl.com/image/private/f_auto,q_auto/league/omxfzencmfzy6dgkowmx",EVE508517,,32004556-4550-8517-a740-2eec758215ee,,,
1999,NYJ,OL,OT,69,RES,Jason Fabini,Jason,Fabini,1974-08-25,79,312,,00-0005031,,,,,,,,,,"https://static.www.nfl.com/image/private/f_auto,q_auto/league/syazo6a82rgimuiojdfx",FAB296636,,32004641-4229-6636-c323-85d7fb3049e5,,,
1999,DET,DB,CB,23,RES,Terry Fair,Terrance,Fair,1976-07-20,69,184,,00-0005044,,,,,,,,,,"https://static.www.nfl.com/image/private/f_auto,q_auto/league/fa5zruuojtwgmlgxulbv",FAI137514,,32004641-4913-7514-6001-718638cccdd2,,,
1999,PIT,OL,G,65,ACT,Alan Faneca,Alan,Faneca,1976-12-07,76,315,,00-0005058,,,,,,,,,,"https://static.www.nfl.com/image/private/f_auto,q_auto/league/meyhtfvgyfanktcjjqjf",FAN049971,,32004641-4e04-9971-c500-ee40b2060be3,,,
1999,SF,TE,TE,86,ACT,Chad Fann,Chad,Fann,1970-06-07,75,250,,00-0005060,,,,,,,,,,"https://static.www.nfl.com/image/private/f_auto,q_auto/league/csacz8wtnfiu94mikjtb",FAN124930,,32004641-4e12-4930-5151-fa52f118f58a,,,
1999,NYJ,RB,RB,25,ACT,Robert Farmer,Robert,Farmer,1974-03-04,71,217,,00-0005071,,,,,,,,,,"https://static.www.nfl.com/image/private/f_auto,q_auto/league/fm6ssb5ehjrgcxx3g5v1",FAR397454,,32004641-5239-7454-31c3-a9741232cb33,,,
1999,NO,TE,TE,87,RES,John Farquhar,John,Farquhar,1972-03-22,78,278,,00-0005073,,,,,,,,,,"https://static.www.nfl.com/image/private/f_auto,q_auto/league/mgy5dtocgciwxksvoxbf",FAR437940,,32004641-5243-7940-fde6-ef060edc1d9e,,,
1999,STL,DL,DT,75,ACT,D'Marco Farr,D'Marco,Farr,1971-06-09,73,280,,00-0005074,,,,,,,,,,"https://static.www.nfl.com/image/private/f_auto,q_auto/league/nlkpab2zqjivuapfyvcf",FAR440457,,32004641-5244-0457-cdcc-822d5fb54b99,,,
1999,NYJ,LB,OLB,58,ACT,James Farrior,James,Farrior,1975-01-06,74,244,,00-0005082,,,,,,,,,,"https://static.www.nfl.com/image/private/f_auto,q_auto/league/e1snpx7u4x2unff9vosl",FAR709765,,32004641-5270-9765-9ecd-f536c6ba8abe,,,
1999,PIT,OL,OT,77,RES,Kris Farris,Kristofer,Farris,1977-03-27,79,322,,00-0005084,,,,,,,,,,"https://static.www.nfl.com/image/private/f_auto,q_auto/league/ndfk4rqow5v6ymphjhxy",FAR732417,,32004641-5273-2417-7c6d-76ce6bb7e386,,,
1999,NE,RB,RB,33,RES,Kevin Faulk,Kevin,Faulk,1976-06-05,68,197,,00-0005091,,,,,,,,,,"https://static.www.nfl.com/image/private/f_auto,q_auto/league/tn3w20ec8x9oacqg51p5",FAU126264,,32004641-5512-6264-ad42-2b0145d4969d,,,
1999,STL,RB,RB,28,ACT,Marshall Faulk,Marshall,Faulk,1973-02-26,70,211,,00-0005092,,,,,,,,,,"https://static.www.nfl.com/image/private/f_auto,q_auto/league/ker7p0exticomqhcbtjt",FAU138264,,32004641-5513-8264-5585-49996fee909b,,,
1999,SEA,TE,TE,86,ACT,Christian Fauria,Christian,Fauria,1971-09-22,76,245,,00-0005101,,,,,,,,,,"https://static.www.nfl.com/image/private/f_auto,q_auto/league/evp2lv6ovuvqn30yjkxy",FAU439542,,32004641-5543-9542-eb1b-6fe092f40be9,,,
1999,TEN,LB,LB,51,ACT,Greg Favors,Gregory,Favors,1974-09-30,73,236,,00-0005105,,,,,,,,,,"https://static.www.nfl.com/image/private/f_auto,q_auto/league/cwbfzji9yl3m5rusby4g",FAV479446,,32004641-5647-9446-5617-a09f2effe659,,,
1999,GB,QB,QB,4,ACT,Brett Favre,Brett,Favre,1969-10-10,74,220,,00-0005106,,,,,,,,,,"https://static.www.nfl.com/image/private/f_auto,q_auto/league/m3sggjgdqlp4jqpxktvr",FAV540222,,32004641-5654-0222-99cf-751115fb00cb,,,
1999,SD,RB,RB,35,ACT,Jermaine Fazande,Jermaine,Fazande,1975-01-14,74,255,,00-0005110,,,,,,,,,,"https://static.www.nfl.com/image/private/f_auto,q_auto/league/xk1mcslqmalzwdf9if28",FAZ083057,,32004641-5a08-3057-8ae1-f3fb5e5626ac,,,
1999,SEA,SPEC,P,10,ACT,Jeff Feagles,Jeffrey,Feagles,1966-03-07,73,207,,00-0005113,,,,,,,,,,"https://static.www.nfl.com/image/private/f_auto,q_auto/league/ypoocygzfeucbr8sqat0",FEA207645,,32004645-4120-7645-e4e2-23d46bf06e49,,,
1999,NYJ,DL,NT,72,ACT,Jason Ferguson,Jason,Ferguson,1974-11-28,75,305,,00-0005150,,,,,,,,,,"https://static.www.nfl.com/image/private/f_auto,q_auto/league/gyga3xfpkllxpgcib8s4",FER162060,,32004645-5216-2060-ec42-a45bc9746a28,,,
1999,PIT,LB,LB,57,ACT,John Fiala,John,Fiala,1973-11-25,74,235,,00-0005176,,,,,,,,,,"https://static.www.nfl.com/image/private/f_auto,q_auto/league/zsvpgpjazlmlgdfldm31",FIA385627,,32004649-4138-5627-37fc-8321194da42d,,,
1999,JAX,QB,QB,11,ACT,Jay Fiedler,Jay,Fiedler,1971-12-29,74,217,,00-0005180,,,,,,,,,,"https://static.www.nfl.com/image/private/f_auto,q_auto/league/fplaj9oxvmgrampjqywq",FIE053391,,32004649-4505-3391-8983-9887bf685ca6,,,
1999,NO,LB,OLB,55,ACT,Mark Fields,Mark,Fields,1972-11-09,74,244,,00-0005202,,,,,,,,,,"https://static.www.nfl.com/image/private/f_auto,q_auto/league/tskf2hzz2qxprsmyqadd",FIE777942,,32004649-4577-7942-d6b7-cb9cf2e7fdcd,,,
1999,SEA,LB,LB,46,CUT,Scott Fields,Scott,Fields,1973-04-22,74,220,,00-0005205,,,,,,,,,,"https://static.www.nfl.com/image/private/f_auto,q_auto/league/wp58qkbozxitu04xpdeb",FIE789192,,32004649-4578-9192-2bff-fd11668e5f05,,,
1999,BUF,OL,OT,70,ACT,John Fina,John,Fina,1969-03-11,76,300,,00-0005217,,,,,,,,,,"https://static.www.nfl.com/image/private/f_auto,q_auto/league/c1zsdqvhb1q1sj4qqsag",FIN029663,,32004649-4e02-9663-ff3e-6204b33c48ff,,,
1999,DEN,OL,G,64,RES,Dan Finn,Daniel,Finn,1976-08-23,75,316,,00-0005228,,,,,,,,,,"https://static.www.nfl.com/image/private/f_auto,q_auto/league/zxb6mi6k6gzo1yuv2vrg",FIN430120,,32004649-4e43-0120-d9a8-9fe230fc523d,,,
1999,PHI,WR,WR,86,CUT,Brian Finneran,Brian,Finneran,1976-01-31,77,210,,00-0005231,,,,,,,,,,"https://static.www.nfl.com/image/private/f_auto,q_auto/league/uyaqqmwgjyx6yfvxsipg",FIN583520,,32004649-4e58-3520-402c-d27b0be70001,,,
1999,SF,OL,OT,74,ACT,Dave Fiore,David,Fiore,1974-08-10,76,290,,00-0005234,,,,,,,,,,"https://static.www.nfl.com/image/private/f_auto,q_auto/league/bifwetgpiznq3piw9fl9",FIO264111,,32004649-4f26-4111-f487-59433f251679,,,
1999,WAS,OL,C,60,ACT,Mark Fischer,Mark,Fischer,1974-07-29,75,293,,00-0005236,,,,,,,,,,"https://static.www.nfl.com/image/private/f_auto,q_auto/league/kydegywsbpmpyflbjwqp",FIS069974,,32004649-5306-9974-ad30-290b6b94f2b1,,,
1999,CIN,DB,CB,25,RES,Charles Fisher,Charles,Fisher,1976-02-02,71,186,,00-0005244,,,,,,,,,,"https://static.www.nfl.com/image/private/f_auto,q_auto/league/slhlk1m9d3k8axppz1nc",FIS194942,,32004649-5319-4942-fc98-7f378f0bff8d,,,
1999,TEN,DL,DT,97,ACT,Jason Fisk,Jason,Fisk,1972-09-04,75,295,,00-0005263,,,,,,,,,,"https://static.www.nfl.com/image/private/f_auto,q_auto/league/ojhgc7xawr2p9yhmsrk7",FIS699168,,32004649-5369-9168-1285-34672e615778,,,
1999,GB,OL,C,58,ACT,Mike Flanagan,Michael,Flanagan,1973-11-10,77,295,,00-0005293,,,,,,,,,,"https://static.www.nfl.com/image/private/f_auto,q_auto/league/ksywy5wi8dwvnta8ibji",FLA475850,,3200464c-4147-5850-745b-13b91ea0ef97,,,
1999,CHI,DL,DT,99,ACT,Jim Flanigan,James,Flanigan,1971-08-27,74,288,,00-0005296,,,,,,,,,,"https://static.www.nfl.com/image/private/f_auto,q_auto/league/m0rivrmtdadmozamyitg",FLA580021,,3200464c-4158-0021-b675-6b298a555eaf,,,
1999,STL,OL,G,63,RES,John Flannery,John,Flannery,1969-01-13,76,295,,00-0005298,,,,,,,,,,"https://static.www.nfl.com/image/private/f_auto,q_auto/league/q3hepujsspubdyygwnzz",FLA610182,,3200464c-4161-0182-ef88-20e4c0d883df,,,
1999,NE,OL,OT,64,ACT,Derrick Fletcher,Derrick,Fletcher,1975-09-09,78,348,,00-0005318,,,,,,,,,,"https://static.www.nfl.com/image/private/f_auto,q_auto/league/cu1q8dhva385sphwq7pr",FLE601745,,3200464c-4560-1745-5865-0ade99151399,,,
1999,STL,LB,MLB,59,ACT,London Fletcher,London,Fletcher,1975-05-19,70,241,,00-0005322,,,,,,,,,,"https://static.www.nfl.com/image/private/f_auto,q_auto/league/l2wnk9teqefwcsap4np0",FLE665780,,3200464c-4566-5780-2985-0ae52863117a,,,
1999,SD,RB,RB,41,ACT,Terrell Fletcher,Terrell,Fletcher,1973-09-14,68,196,,00-0005324,,,,,,,,,,"https://static.www.nfl.com/image/private/f_auto,q_auto/league/wjujd10uh6t0jbybbaek",FLE726755,,3200464c-4572-6755-bc90-6e247a460e3b,,,
1999,PIT,DB,S,41,ACT,Lee Flowers,Lethon,Flowers,1973-01-14,72,213,,00-0005346,,,,,,,,,,"https://static.www.nfl.com/image/private/f_auto,q_auto/league/gdiiyvqnljonxhlnoxpe",FLO444811,,3200464c-4f44-4811-60cf-1cd4150278a3,,,
1999,NE,RB,RB,37,ACT,Chris Floyd,Christopher,Floyd,1975-06-23,74,235,,00-0005348,,,,,,,,,,"https://static.www.nfl.com/image/private/f_auto,q_auto/league/r7gbgku7msbjrqcqbo0z",FLO613040,,3200464c-4f61-3040-e0eb-f925b3380600,,,
1999,NO,WR,WR,18,CUT,Malcolm Floyd,Malcolm,Floyd,1972-12-19,72,194,,00-0005355,,,,,,,,,,"https://static.www.nfl.com/image/private/f_auto,q_auto/league/iwbluc5pqxmzw3wn3xjy",FLO761356,,3200464c-4f76-1356-7726-d470c3d1bb43,,,
1999,CAR,RB,FB,40,ACT,William Floyd,William,Floyd,1972-02-17,73,242,,00-0005361,,,,,,,,,,"https://static.www.nfl.com/image/private/f_auto,q_auto/league/fihsrgr2kjmrjt8qgyef",FLO803020,,3200464c-4f80-3020-5cf4-38d4c5c45542,,,
1999,BUF,QB,QB,7,ACT,Doug Flutie,Douglas,Flutie,1962-10-23,70,178,,00-0005363,,,,,,,,,,"https://static.www.nfl.com/image/private/f_auto,q_auto/league/unmsud4qh5emea93d31q",FLU553722,,3200464c-5555-3722-43d5-c43775306395,,,
1999,BAL,OL,G,62,ACT,Mike Flynn,Michael,Flynn,1974-06-15,75,295,,00-0005366,,,,,,,,,,"https://static.www.nfl.com/image/private/f_auto,q_auto/league/reopsuzg12lypecl4ns7",FLY498348,,3200464c-5949-8348-c3a7-24cf010e88a6,,,
1999,BAL,OL,OT,71,ACT,Spencer Folau,Spencer,Folau,1973-04-05,77,300,,00-0005377,,,,,,,,,,"https://static.www.nfl.com/image/private/f_auto,q_auto/league/x8muueqfxwxv9l3rzzfu",FOL021296,,3200464f-4c02-1296-73c6-9defb34f5108,,,
1999,SEA,QB,QB,13,ACT,Glenn Foley,Glenn,Foley,1970-10-10,74,220,,00-0005379,,,,,,,,,,"https://static.www.nfl.com/image/private/f_auto,q_auto/league/mmg3wmyt52x7nvtkdbvy",FOL095836,,3200464f-4c09-5836-36ec-f9ae48773765,,,
1999,CIN,LB,OLB,95,ACT,Steve Foley,Steve,Foley,1975-09-11,75,260,,00-0005384,,,,,,,,,,"https://static.www.nfl.com/image/private/f_auto,q_auto/league/vmjd5bvp4eqy1paft3oj",FOL201423,,3200464f-4c20-1423-91e1-576020c055ab,,,
1999,ARI,LB,LB,58,ACT,James Folston,James,Folston,1971-08-14,75,240,,00-0005392,,,,,,,,,,"https://static.www.nfl.com/image/private/f_auto,q_auto/league/kfbbo3zfffgtzrcaz3zw",FOL652410,,3200464f-4c65-2410-73ea-4e6f7865a5a8,,,
1999,SD,DL,DE,95,ACT,Albert Fontenot,Albert,Fontenot,1970-09-17,76,287,,00-0005395,,,,,,,,,,"https://static.www.nfl.com/image/private/f_auto,q_auto/league/dygldxezzx2uttv1sqm4",FON197520,,3200464f-4e19-7520-a115-3cab100b4d68,,,
1999,NO,OL,C,62,ACT,Jerry Fontenot,Jerry,Fontenot,1966-11-21,75,300,,00-0005399,,,,,,,,,,"https://static.www.nfl.com/image/private/f_auto,q_auto/league/ueo2vybh32z1xqravsst",FON415290,,3200464f-4e41-5290-9d23-709096c922b6,,,
1999,CLE,DB,DB,39,ACT,Marlon Forbes,Marlon,Forbes,1971-12-25,73,215,,00-0005405,,,,,,,,,,"https://static.www.nfl.com/image/private/f_auto,q_auto/league/izknqayw7gsfh9adgzwx",FOR015101,,3200464f-5201-5101-e79c-7c69ee27f292,,,
1999,TEN,DL,DE,92,ACT,Henry Ford,Henry,Ford,1971-10-30,75,295,,00-0005417,,,,,,,,,,"https://static.www.nfl.com/image/private/f_auto,q_auto/league/jsflbwgeatumzfdgb9zj",FOR175808,,3200464f-5217-5808-8146-d18a561d23f9,,,
1999,JAX,OL,OT,78,RES,Todd Fordham,Lindsey,Fordham,1973-10-09,77,308,,00-0005432,,,,,,,,,,"https://static.www.nfl.com/image/private/f_auto,q_auto/league/y8bu7lphwm5pysivkvn7",FOR388035,,3200464f-5238-8035-c4c7-90f092e3d205,,,
1999,BUF,LB,LB,55,ACT,Jay Foreman,Jamal,Foreman,1976-02-18,73,240,,00-0005434,,,,,,,,,,"https://static.www.nfl.com/image/private/f_auto,q_auto/league/hnaguj8t7nvqsvrm1puu",FOR395369,,3200464f-5239-5369-35cb-78b132bdda24,,,
1999,SD,OL,C,67,ACT,Roman Fortin,Roman,Fortin,1967-02-26,77,297,,00-0005446,,,,,,,,,,"https://static.www.nfl.com/image/private/f_auto,q_auto/league/qspnhlx0y2mj7v0tqnri",FOR666978,,3200464f-5266-6978-1971-6b18374aca4c,,,
1999,WAS,LB,LB,51,ACT,James Francis,James,Francis,1968-08-04,77,257,,00-0005504,,,,,,,,,,"https://static.www.nfl.com/image/private/f_auto,q_auto/league/pk98aqp3wmicemmxpl1a",FRA118647,,32004652-4111-8647-17ff-8664b1c73524,,,
1999,TEN,DL,DE,94,ACT,Mike Frederick,Thomas,Frederick,1972-08-06,77,280,,00-0005558,,,,,,,,,,"https://static.www.nfl.com/image/private/f_auto,q_auto/league/kjihenqc7ls0nip1rima",FRE055143,,32004652-4505-5143-8265-0f81cc979dc3,,,
1999,ARI,LB,OLB,59,ACT,Rob Fredrickson,Robert,Fredrickson,1971-05-13,76,235,,00-0005560,,,,,,,,,,"https://static.www.nfl.com/image/private/f_auto,q_auto/league/n9nanfiu3efrhzvkxpkc",FRE105786,,32004652-4510-5786-66c8-9208c1a9b658,,,
1999,GB,WR,WR,86,ACT,Antonio Freeman,Antonio,Freeman,1972-05-27,73,198,,00-0005562,,,,,,,,,,"https://static.www.nfl.com/image/private/f_auto,q_auto/league/k13f45sxomyljubafc1d",FRE163572,,32004652-4516-3572-17a6-cf6bdfab9b37,,,
1999,SEA,TE,TE,84,ACT,Rufus French,Rufus,French,1978-03-15,75,257,,00-0005588,,,,,,,,,,"https://static.www.nfl.com/image/private/f_auto,q_auto/league/pe8a9nvqbtvsc4oguial",FRE633184,,32004652-4563-3184-c470-0a2d4ffdee2c,,,
1999,DET,QB,QB,12,ACT,Gus Frerotte,Gustave,Frerotte,1971-07-31,75,230,,00-0005589,,,,,,,,,,"https://static.www.nfl.com/image/private/f_auto,q_auto/league/arjzgtjgdzfjcsvwqkej",FRE682395,,32004652-4568-2395-3e8d-d9ba13a29933,,,
1999,DAL,OL,C,69,ACT,Ben Fricke,Benjamin,Fricke,1975-11-03,72,295,,00-0005592,,,,,,,,,,"https://static.www.nfl.com/image/private/f_auto,q_auto/league/wyeplo7kjoc8hqlbf9bw",FRI045926,,32004652-4904-5926-8c9a-613e9b0d466c,,,
1999,DEN,OL,C,64,RES,Lennie Friedman,Leonard,Friedman,1976-10-13,75,298,,00-0005596,,,,,,,,,,"https://static.www.nfl.com/image/private/f_auto,q_auto/league/zr7pvlnkfetyazi97jvm",FRI247193,,32004652-4924-7193-5bc5-780f30940d02,,,
1999,NE,QB,QB,17,ACT,John Friesz,John,Friesz,1967-05-19,76,223,,00-0005600,,,,,,,,,,"https://static.www.nfl.com/image/private/f_auto,q_auto/league/ckh8mav1rdt0khwbufyj",FRI395510,,32004652-4939-5510-713c-b421a37d6bdf,,,
1999,STL,OL,OT,79,PUP,Todd Frohbieter,Todd,Frohbieter,1975-03-07,78,328,,00-0005607,,,,,,,,,,"https://static.www.nfl.com/image/private/f_auto,q_auto/league/iynljbp5xsct45zc2r9n",FRO153366,,32004652-4f15-3366-e58f-5252351583bc,,,
1999,NYJ,DB,SAF,47,ACT,Scott Frost,Scott,Frost,1975-01-04,75,219,,00-0005609,,,,,,,,,,"https://static.www.nfl.com/image/private/f_auto,q_auto/league/rjp9owirxmltzscaa9b5",FRO688464,,32004652-4f68-8464-efff-9c05847a4c9f,,,
1999,WAS,WR,WR,86,ACT,Irving Fryar,Irving,Fryar,1962-09-28,72,198,,00-0005616,,,,,,,,,,"https://static.www.nfl.com/image/private/f_auto,q_auto/league/f1cetjfdapgnqaeonxzy",FRY369148,,32004652-5936-9148-ba45-62efe4663112,,,
1999,PIT,RB,RB,45,ACT,Chris Fuamatu-Ma'afala,Chris,Fuamatu-Ma'afala,1977-03-04,71,252,,00-0005620,,,,,,,,,,"https://static.www.nfl.com/image/private/f_auto,q_auto/league/g4qj5wnwrwfqzjzog3yk",FUA415291,,32004655-4141-5291-5d04-3342656a5544,,,
1999,CLE,DB,FS,24,ACT,Corey Fuller,Corey,Fuller,1971-05-01,70,217,,00-0005627,,,,,,,,,,"https://static.www.nfl.com/image/private/f_auto,q_auto/league/sawlzzidwfcqu23jhd9i",FUL176616,,32004655-4c17-6616-fc62-755c763db2f7,,,
1999,SEA,DB,DB,21,ACT,Randy Fuller,Randy,Fuller,1970-06-02,70,184,,00-0005635,,,,,,,,,,"https://static.www.nfl.com/image/private/f_auto,q_auto/league/qozgdtpf2cdvnb66fy1z",FUL449897,,32004655-4c44-9897-281f-5d0153ca15ee,,,
1999,MIA,WR,WR,86,ACT,Oronde Gadsden,Oronde,Gadsden,1971-08-20,74,215,,00-0005668,,,,,,,,,,"https://static.www.nfl.com/image/private/f_auto,q_auto/league/gfdzmimvhptrme2x72d3",GAD720784,,32004741-4472-0784-1b6d-ca39becf9d93,,,
1999,SEA,WR,WR,84,ACT,Joey Galloway,Joseph,Galloway,1971-11-20,71,188,,00-0005720,,,,,,,,,,"https://static.www.nfl.com/image/private/f_auto,q_auto/league/pfioccpzeifhnunjtdy2",GAL752888,,32004741-4c75-2888-2534-f926e3c8de76,,,
1999,NYG,LB,LB,52,ACT,Scott Galyon,Gregory,Galyon,1974-03-23,74,245,,00-0005723,,,,,,,,,,"https://static.www.nfl.com/image/private/f_auto,q_auto/league/hrthx0afyjo0wa34ockq",GAL813091,,32004741-4c81-3091-54d8-f69609699b4e,,,
1999,NO,TE,TE,86,ACT,Kendall Gammon,Kendall,Gammon,1968-10-23,76,265,,00-0005732,,,,,,,,,,"https://static.www.nfl.com/image/private/f_auto,q_auto/league/d5v5naevtv9p4nhs4cxh",GAM764134,,32004741-4d76-4134-970f-f68b96bd103e,,,
1999,PIT,OL,OT,72,ACT,Wayne Gandy,Wayne,Gandy,1971-02-10,77,310,,00-0005736,,,,,,,,,,"https://static.www.nfl.com/image/private/f_auto,q_auto/league/dtfzyy2yeft8jgju2n1i",GAN132154,,32004741-4e13-2154-c200-bcec211a394d,,,
1999,OAK,QB,QB,12,ACT,Rich Gannon,Richard,Gannon,1965-12-20,75,210,,00-0005741,,,,,,,,,,"https://static.www.nfl.com/image/private/f_auto,q_auto/league/wy2haknzelfdpaxh0pig",GAN296635,,32004741-4e29-6635-5bed-79d7939ff1f3,,,
1999,CAR,OL,C,65,ACT,Frank Garcia,Frank,Garcia,1972-01-28,74,302,,00-0005753,,,,,,,,,,"https://static.www.nfl.com/image/private/f_auto,q_auto/league/oifddp05rrlxphquae8y",GAR085105,,32004741-5208-5105-fbde-d66bcd0c7c9b,,,
1999,SF,QB,QB,5,ACT,Jeff Garcia,Jeff,Garcia,1970-02-24,73,195,,00-0005755,,,,,,,,,,"https://static.www.nfl.com/image/private/f_auto,q_auto/league/bysr1fkpqdhljtvlkcrm",GAR101861,,32004741-5210-1861-9cbf-db3f3deac07c,,,
1999,MIA,DL,DT,92,ACT,Daryl Gardener,Daryl,Gardener,1973-02-25,78,315,,00-0005760,,,,,,,,,,"https://static.www.nfl.com/image/private/f_auto,q_auto/league/wk6fekxe6mf5oyxmxwph",GAR133203,,32004741-5213-3203-c984-6bf791fa008d,,,
1999,PHI,LB,OLB,52,ACT,Barry Gardner,Barry,Gardner,1976-12-13,72,248,,00-0005763,,,,,,,,,,"https://static.www.nfl.com/image/private/f_auto,q_auto/league/jnc2oclsxnkhr7poy5mi",GAR154378,,32004741-5215-4378-d2a6-70e8dec7ebc8,,,
1999,CLE,SPEC,P,17,ACT,Chris Gardocki,Christopher,Gardocki,1970-02-07,73,200,,00-0005771,,,,,,,,,,"https://static.www.nfl.com/image/private/f_auto,q_auto/league/kcmjgepucpdyxqjy8r1j",GAR211558,,32004741-5221-1558-be02-366640354ca6,,,
1999,DAL,OL,G,61,RES,Kelvin Garmon,Kelvin,Garmon,1976-10-26,74,330,,00-0005778,,,,,,,,,,"https://static.www.nfl.com/image/private/f_auto,q_auto/league/rbxjbvpabpsq17ezbstn",GAR258571,,32004741-5225-8571-424a-b41d7b7c7582,,,
1999,SF,RB,RB,25,ACT,Charlie Garner,Charles,Garner,1972-02-13,69,187,,00-0005779,,,,,,,,,,"https://static.www.nfl.com/image/private/f_auto,q_auto/league/i6vgoizxzlnf1ecxnzbq",GAR274242,,32004741-5227-4242-521a-ec9b9c57ee37,,,
1999,NYG,DB,S,20,ACT,Sam Garnes,Samuel,Garnes,1974-07-12,75,225,,00-0005785,,,,,,,,,,"https://static.www.nfl.com/image/private/f_auto,q_auto/league/rr9posgvpcae0zgw9tbf",GAR333008,,32004741-5233-3008-685d-7b30c1c49e29,,,
1999,DAL,QB,QB,17,ACT,Jason Garrett,Jason,Garrett,1966-03-28,74,198,,00-0005794,,,,,,,,,,"https://static.www.nfl.com/image/private/f_auto,q_auto/league/dgrr8txfkt9xv2fjte8g",GAR446623,,32004741-5244-6623-92d2-a8735d7c1cf8,,,
1999,DEN,RB,RB,22,ACT,Olandis Gary,Olandis,Gary,1975-05-18,71,218,,00-0005816,,,,,,,,,,"https://static.www.nfl.com/image/private/f_auto,q_auto/league/zg01lde6sju8yg6b2eib",GAR764520,,32004741-5276-4520-2a67-aa90c10d4fdb,,,
1999,BUF,RB,FB,33,ACT,Sam Gash,Samuel,Gash,1969-03-07,72,240,,00-0005822,,,,,,,,,,"https://static.www.nfl.com/image/private/f_auto,q_auto/league/pguoym85xaq8uwimu14m",GAS153366,,32004741-5315-3366-4b8e-fdb02836f04f,,,
1999,TEN,RB,RB,27,ACT,Eddie George,Edward,George,1973-09-24,75,240,,00-0005883,,,,,,,,,,"https://static.www.nfl.com/image/private/f_auto,q_auto/league/htepvetwtvjnl3viu9af",GEO098287,,32004745-4f09-8287-631f-400f952f639b,,,
1999,MIN,QB,QB,3,ACT,Jeff George,Jeffrey,George,1967-12-08,76,214,,00-0005885,,,,,,,,,,"https://static.www.nfl.com/image/private/f_auto,q_auto/league/uabmi177yp8gxi5rjgsz",GEO276861,,32004745-4f27-6861-51a3-488268d13ae0,,,
1999,KC,LB,LB,55,ACT,Ron George,Ronald,George,1970-03-20,74,247,,00-0005890,,,,,,,,,,"https://static.www.nfl.com/image/private/f_auto,q_auto/league/vstbi8iumfb4skh2ai1z",GEO471935,,32004745-4f47-1935-7ae2-da5c66c71f70,,,
1999,TEN,RB,RB,26,ACT,Spencer George,Spencer,George,1973-10-28,69,200,,00-0005891,,,,,,,,,,"https://static.www.nfl.com/image/private/f_auto,q_auto/league/xbmowoatzvwbqltwtouy",GEO543222,,32004745-4f54-3222-2628-6fde69fb0d61,,,
1999,NE,DB,DB,41,ACT,Tony George,Houston,George,1975-08-10,71,200,,00-0005893,,,,,,,,,,"https://static.www.nfl.com/image/private/f_auto,q_auto/league/zmx4ryzycbcaxg4yqicz",GEO150059,,32004745-4f15-0059-aa21-c961d051c899,,,
1999,STL,QB,QB,9,ACT,Joe Germaine,Joe,Germaine,1975-11-16,72,203,,00-0005902,,,,,,,,,,"https://static.www.nfl.com/image/private/f_auto,q_auto/league/sp0m6qzk19n968zmj5as",GER485598,,32004745-5248-5598-36b0-666c6d847cea,,,
1999,ATL,WR,WR,87,ACT,Jammi German,Jammi,German,1974-07-04,73,192,,00-0005903,,,,,,,,,,"https://static.www.nfl.com/image/private/f_auto,q_auto/league/sepwnogd7mrun8krnqlv",GER507348,,32004745-5250-7348-fd0d-233f7868df74,,,
1999,DET,OL,OT,71,RES,Aaron Gibson,Aaron,Gibson,1977-09-27,78,380,,00-0005927,,,,,,,,,,"https://static.www.nfl.com/image/private/f_auto,q_auto/league/pxzghdx0vp3r6mlliqzp",GIB385010,,32004749-4238-5010-177e-b70b976a15cf,,,
1999,CLE,WR,WR,81,CUT,Damon Gibson,Damon,Gibson,1975-02-25,68,185,,00-0005932,,,,,,,,,,"https://static.www.nfl.com/image/private/f_auto,q_auto/league/q5htjj90zt3yubdxfugl",GIB543214,,32004749-4254-3214-a528-0943df68ed01,,,
1999,CIN,DL,NT,99,ACT,Oliver Gibson,Oliver,Gibson,1972-03-15,74,290,,00-0005939,,,,,,,,,,"https://static.www.nfl.com/image/private/f_auto,q_auto/league/eh6ysnf8lmltbzs4pwzx",GIB707523,,32004749-4270-7523-3d70-c917a08f08b1,,,
1999,CAR,DL,DT,94,ACT,Sean Gilbert,Sean,Gilbert,1970-04-10,77,318,,00-0005962,,,,,,,,,,"https://static.www.nfl.com/image/private/f_auto,q_auto/league/mgnmjvpegeb0elh07qqy",GIL126525,,32004749-4c12-6525-2c0d-f05abaab922e,,,
1999,PIT,LB,OLB,92,ACT,Jason Gildon,Jason,Gildon,1972-07-31,75,255,,00-0005967,,,,,,,,,,"https://static.www.nfl.com/image/private/f_auto,q_auto/league/yigpbh3tpseg3a7orez5",GIL258152,,32004749-4c25-8152-15d1-06b9578c1ca9,,,
1999,NE,DB,DB,26,PUP,Cory Gilliard,Cory,Gilliard,1974-10-10,72,210,,00-0005990,,,,,,,,,,"https://static.www.nfl.com/image/private/f_auto,q_auto/league/k6cipwr68i74izcqwmcy",GIL566718,,32004749-4c56-6718-6ca1-fe07addfc45e,,,
1999,NYJ,OL,C,67,ACT,Mike Gisler,Michael,Gisler,1969-08-26,76,300,,00-0006009,,,,,,,,,,"https://static.www.nfl.com/image/private/f_auto,q_auto/league/tzd5xi3b8y1unabhue8p",GIS269938,,32004749-5326-9938-da43-0ec6b41d67c2,,,
1999,SF,LB,LB,59,ACT,Reggie Givens,Reginald,Givens,1971-10-03,72,234,,00-0006014,,,,,,,,,,"https://static.www.nfl.com/image/private/f_auto,q_auto/league/spoffocg7g8ljzhh2tte",GIV249174,,32004749-5624-9174-a82d-a27985be4089,,,
1999,NYJ,DB,CB,31,ACT,Aaron Glenn,Aaron,Glenn,1972-07-16,69,185,,00-0006034,,,,,,,,,,"https://static.www.nfl.com/image/private/f_auto,q_auto/league/iy9kejgttnjveyt4dkbu",GLE126430,,3200474c-4512-6430-eee9-da3b42c95ace,,,
1999,IND,OL,OT,78,ACT,Tarik Glenn,Tarik,Glenn,1976-05-25,77,335,,00-0006042,,,,,,,,,,"https://static.www.nfl.com/image/private/f_auto,q_auto/league/qmvkyn0paxamyr1za6xv",GLE378870,,3200474c-4537-8870-1f95-3d3bf1091001,,,
1999,NE,WR,WR,88,ACT,Terry Glenn,Terry,Glenn,1974-07-23,71,185,,00-0006043,,,,,,,,,,"https://static.www.nfl.com/image/private/f_auto,q_auto/league/uaafdatd9hccayjfwh1e",GLE390120,,3200474c-4539-0120-466d-90638a249e44,,,
1999,MIN,TE,TE,82,ACT,Andrew Glover,Andrew,Glover,1967-08-12,78,249,,00-0006047,,,,,,,,,,"https://static.www.nfl.com/image/private/f_auto,q_auto/league/oqp41bj93zjllmudwfrf",GLO404040,,3200474c-4f40-4040-2cd3-b129b23d89ca,,,
1999,SEA,OL,C,53,RES,Kevin Glover,Kevin,Glover,1963-06-17,74,282,,00-0006050,,,,,,,,,,"https://static.www.nfl.com/image/private/f_auto,q_auto/league/waev3hnfyvybz1kdmfhf",GLO553720,,3200474c-4f55-3720-ed06-3d9fe51b5ca7,,,
1999,NO,DL,DT,97,ACT,La'Roi Glover,La'Roi,Glover,1974-07-04,74,285,,00-0006051,,,,,,,,,,"https://static.www.nfl.com/image/private/f_auto,q_auto/league/wwyiwzmd5lr7wropehos",GLO573495,,3200474c-4f57-3495-d40f-7c3887d1f291,,,
1999,TEN,LB,LB,54,ACT,Phil Glover,Phillip,Glover,1975-12-17,71,241,,00-0006052,,,,,,,,,,"https://static.www.nfl.com/image/private/f_auto,q_auto/league/yjro5azf4kftioqzdcr4",GLO652598,,3200474c-4f65-2598-af02-c838392713ed,,,
1999,DAL,LB,MLB,56,ACT,Randall Godfrey,Randall,Godfrey,1973-04-06,74,235,,00-0006063,,,,,,,,,,"https://static.www.nfl.com/image/private/f_auto,q_auto/league/nr90d4ub5xgldbiklaqk",GOD425790,,3200474f-4442-5790-26a1-f0b496875baf,,,
1999,CIN,OL,G,63,ACT,Mike Goff,Michael,Goff,1976-01-06,77,316,,00-0006072,,,,,,,,,,"https://static.www.nfl.com/image/private/f_auto,q_auto/league/rtgdsgyh40djm78fop4s",GOF276860,,3200474f-4627-6860-3abf-381e65fc2b8b,,,
1999,MIA,OL,G,66,ACT,Kevin Gogan,Kevin,Gogan,1964-11-02,79,325,,00-0006078,,,,,,,,,,"https://static.www.nfl.com/image/private/f_auto,q_auto/league/bwzqaiksazjgt8pimxmy",GOG207645,,3200474f-4720-7645-cc0f-546f34f00436,,,
1999,PIT,QB,QB,7,ACT,Pete Gonzalez,Pete,Gonzalez,1974-07-04,73,216,,00-0006100,,,,,,,,,,"https://static.www.nfl.com/image/private/f_auto,q_auto/league/lvrxlnzahzawkrn3cazi",GON721674,,3200474f-4e72-1674-a04c-47613d3b494b,,,
1999,KC,TE,TE,88,ACT,Tony Gonzalez,Anthony,Gonzalez,1976-02-27,76,251,,00-0006101,1231,382154cf-7cc6-494c-8426-9f78aa4c4b90,,721,237,GonzTo00,,,,"https://static.www.nfl.com/image/private/f_auto,q_auto/league/enbspvy0ahsyznomitre",GON587645,,3200474f-4e58-7645-6a3b-551f0c43b0ae,,,
1999,TB,LB,LB,50,ACT,Jeff Gooch,Jeffrey,Gooch,1974-10-31,71,224,,00-0006103,,,,,,,,,,"https://static.www.nfl.com/image/private/f_auto,q_auto/league/xggr0znva9ioylg10frl",GOO018456,,3200474f-4f01-8456-dbf2-e09496a0a815,,,
1999,GB,WR,WR,20,ACT,Tyrone Goodson,Tyrone,Goodson,1974-02-24,74,195,,00-0006130,,,,,,,,,,"https://static.www.nfl.com/image/private/f_auto,q_auto/league/jngr4itja2jq8ktw5lvc",GOO587275,,3200474f-4f58-7275-6a88-17873588ab3f,,,
1999,MIA,TE,TE,83,ACT,Hunter Goodwin,Robert,Goodwin,1972-10-10,77,270,,00-0006133,,,,,,,,,,"https://static.www.nfl.com/image/private/f_auto,q_auto/league/pmle58qdbscn4lowa3w5",GOO706201,,3200474f-4f70-6201-50c3-948db2c2d234,,,
1999,OAK,DB,DB,23,ACT,Darrien Gordon,Darrien,Gordon,1970-11-14,71,190,,00-0006148,,,,,,,,,,"https://static.www.nfl.com/image/private/f_auto,q_auto/league/lpgrasgfiatbl3b23xcf",GOR097836,,3200474f-5209-7836-d4cf-9cb0707040b8,,,
1999,NYJ,LB,ILB,54,ACT,Dwayne Gordon,Dwayne,Gordon,1969-11-02,73,245,,00-0006149,,,,,,,,,,"https://static.www.nfl.com/image/private/f_auto,q_auto/league/z1pci91xliyawwllhb6l",GOR118836,,3200474f-5211-8836-80b9-137d9c662bf5,,,
1999,BUF,RB,RB,31,ACT,Lennox Gordon,Lennox,Gordon,1978-09-09,71,201,,00-0006155,,,,,,,,,,"https://static.www.nfl.com/image/private/f_auto,q_auto/league/n2ahzho8zoebynfsnzg8",GOR226989,,3200474f-5222-6989-ae92-6a3607e48653,,,
1999,WAS,LB,LB,56,ACT,Kurt Gouveia,Kurt,Gouveia,1964-09-14,73,240,,00-0006178,,,,,,,,,,"https://static.www.nfl.com/image/private/f_auto,q_auto/league/ptctf7fv5zmfugabwzim",GOU415291,,3200474f-5541-5291-5817-3d8f120fe031,,,
1999,DAL,SPEC,P,4,ACT,Toby Gowin,Toby,Gowin,1975-03-30,70,167,,00-0006181,,,,,,,,,,"https://static.www.nfl.com/image/private/f_auto,q_auto/league/ukark6j4u1rouit89frg",GOW505572,,3200474f-5750-5572-cd7a-4deaed28e6b6,,,
1999,CHI,SPEC,K,11,CUT,Brian Gowins,Phillip,Gowins,1976-06-03,69,174,,00-0006182,,,,,,,,,,"https://static.www.nfl.com/image/private/f_auto,q_auto/league/qmmbyc6fzpipqefiecwy",GOW518322,,3200474f-5751-8322-ec28-7aabbf628ce2,,,
1999,NYG,OL,OT,74,ACT,Scott Gragg,Christopher,Gragg,1972-02-28,80,325,,00-0006196,,,,,,,,,,"https://static.www.nfl.com/image/private/f_auto,q_auto/league/onoqijporkmfdpvvwuji",GRA109779,,32004752-4110-9779-9f6f-3d18a218bda7,,,
1999,ARI,OL,C,54,ACT,Aaron Graham,Aaron,Graham,1973-05-22,76,301,,00-0006197,,,,,,,,,,"https://static.www.nfl.com/image/private/f_auto,q_auto/league/okitedtvlxgog1phvgdm",GRA112165,,32004752-4111-2165-d65d-09ad7d4ee256,,,
1999,SD,OL,G,71,ACT,DeMingo Graham,DeMingo,Graham,1973-09-10,75,310,,00-0006202,,,,,,,,,,"https://static.www.nfl.com/image/private/f_auto,q_auto/league/zemttdp8zuomrkccn2e5",GRA169441,,32004752-4116-9441-e759-40a882124c13,,,
1999,BAL,RB,RB,34,ACT,Jay Graham,Herman,Graham,1975-07-14,71,215,,00-0006208,,,,,,,,,,"https://static.www.nfl.com/image/private/f_auto,q_auto/league/ga4dqm5zux4yrqyts2ik",GRA198079,,32004752-4119-8079-b86b-3cf0ab389196,,,
1999,SD,WR,WR,81,ACT,Jeff Graham,Jeffrey,Graham,1969-02-14,74,206,,00-0006210,,,,,,,,,,"https://static.www.nfl.com/image/private/f_auto,q_auto/league/mqzq4wjc9gvcgexxi6pj",GRA207028,,32004752-4120-7028-3d70-093b94b9d681,,,
1999,NYG,QB,QB,10,ACT,Kent Graham,Kent,Graham,1968-11-01,77,245,,00-0006212,,,,,,,,,,"https://static.www.nfl.com/image/private/f_auto,q_auto/league/vz3a1vly64t07tpjtqx0",GRA207625,,32004752-4120-7625-3486-508856a6335c,,,
1999,TB,SPEC,K,7,ACT,Martin Gramatica,Martin,Gramatica,1975-11-27,68,170,,00-0006223,,,,,,,,,,"https://static.www.nfl.com/image/private/f_auto,q_auto/league/h0qppqataalqlduk2xwt",GRA271265,,32004752-4127-1265-a9b5-178ad79aa6cf,,,
1999,CIN,LB,LB,91,ACT,Billy Granville,William,Granville,1974-03-11,75,252,,00-0006250,,,,,,,,,,"https://static.www.nfl.com/image/private/f_auto,q_auto/league/putfzo9tisenqzmguodt",GRA530996,,32004752-4153-0996-8168-795c18805707,,,
1999,STL,DL,DT,93,TRC,Paul Grasmanis,Paul,Grasmanis,1974-08-02,74,298,,00-0006251,,,,,,,,,,"https://static.www.nfl.com/image/private/f_auto,q_auto/league/uu9svqsehz5vngt37qna",GRA532985,,32004752-4153-2985-f0e3-f1d91f42967d,,,
1999,DEN,DL,DT,95,ACT,Paul Grasmanis,Paul,Grasmanis,1974-08-02,74,298,,00-0006251,,,,,,,,,,"https://static.www.nfl.com/image/private/f_auto,q_auto/league/uu9svqsehz5vngt37qna",GRA532985,,32004752-4153-2985-f0e3-f1d91f42967d,,,
1999,KC,DB,DB,23,ACT,Carlton Gray,Carlton,Gray,1971-06-26,72,198,,00-0006265,,,,,,,,,,"https://static.www.nfl.com/image/private/f_auto,q_auto/league/h6cndrldpaprh3igdand",GRA606171,,32004752-4160-6171-7a0d-2fac85d542dc,,,
1999,SEA,OL,C,62,ACT,Chris Gray,Christopher,Gray,1970-06-19,76,305,,00-0006268,,,,,,,,,,"https://static.www.nfl.com/image/private/f_auto,q_auto/league/jztlihtoidyrqqwq2ze0",GRA615717,,32004752-4161-5717-fa56-08cc4394a4bc,,,
1999,MIN,DB,DB,23,PUP,Torrian Gray,Torrian,Gray,1974-03-18,72,200,,00-0006292,,,,,,,,,,"https://static.www.nfl.com/image/private/f_auto,q_auto/league/mmrujwjbtylikfjlnmhn",GRA788738,,32004752-4178-8738-80f3-130b3f3d0783,,,
1999,ATL,QB,QB,7,ACT,Tony Graziani,Anthony,Graziani,1973-12-23,74,215,,00-0006299,,,,,,,,,,"https://static.www.nfl.com/image/private/f_auto,q_auto/league/huodkz48bw6qpl3rgmeb",GRA827270,,32004752-4182-7270-3c66-3edc1ef26318,,,
1999,KC,QB,QB,18,ACT,Elvis Grbac,Elvis,Grbac,1970-08-13,77,237,,00-0006300,,,,,,,,,,"https://static.www.nfl.com/image/private/f_auto,q_auto/league/s4ry52iclpzzgg1aave6",GRB059326,,32004752-4205-9326-9fe8-deefcf9b4605,,,
1999,SEA,RB,RB,30,ACT,Ahman Green,Ahman,Green,1977-02-16,72,213,,00-0006305,,,,,,,,,,"https://static.www.nfl.com/image/private/f_auto,q_auto/league/jywr5x0yw6oryiiaikbp",GRE035797,,32004752-4503-5797-873c-7b6697647ad8,,,
1999,WAS,DB,CB,28,ACT,Darrell Green,Darrell,Green,1960-02-15,68,184,,00-0006316,,,,,,,,,,"https://static.www.nfl.com/image/private/f_auto,q_auto/league/cwcts1c4ok7r03ssniua",GRE152736,,32004752-4515-2736-107e-fa289c286924,,,
1999,IND,WR,WR,84,ACT,E.G. Green,Ernest,Green,1975-06-28,71,190,,00-0006322,,,,,,,,,,"https://static.www.nfl.com/image/private/f_auto,q_auto/league/jtbcqmdmlas1cq5kuck8",GRE195693,,32004752-4519-5693-632a-cd2cc9a3126c,,,
1999,NYJ,TE,TE,86,RES,Eric Green,Bernard,Green,1967-06-22,77,279,,00-0006324,,,,,,,,,,"https://static.www.nfl.com/image/private/f_auto,q_auto/league/pq08efgj1t149rtjoizt",GRE085914,,32004752-4508-5914-656d-ed8865500266,,,
1999,TB,WR,WR,81,ACT,Jacquez Green,D'Tanyian,Green,1976-01-15,69,168,,00-0006331,,,,,,,,,,"https://static.www.nfl.com/image/private/f_auto,q_auto/league/krmknzzctlbj0sjnsmrv",GRE183760,,32004752-4518-3760-de90-0e8a851b5f9a,,,
1999,ATL,LB,LB,50,CUT,Lamont Green,Lamont,Green,1976-07-10,75,230,,00-0006335,,,,,,,,,,"https://static.www.nfl.com/image/private/f_auto,q_auto/league/xerqlgdnq3hfr0b090xb",GRE298653,,32004752-4529-8653-a5f9-22bf1e7dc91d,,,
1999,STL,QB,QB,10,RES,Trent Green,Trent,Green,1970-07-09,75,215,,00-0006355,,,,,,,,,,"https://static.www.nfl.com/image/private/f_auto,q_auto/league/pwsxlc2rah1aqy1tnbsb",GRE367521,,32004752-4536-7521-181e-86f69396db17,,,
1999,NYJ,DB,S,21,ACT,Victor Green,Victor,Green,1969-12-08,71,210,,00-0006356,,,,,,,,,,"https://static.www.nfl.com/image/private/f_auto,q_auto/league/icbakbwocujuheg0akez",GRE377067,,32004752-4537-7067-c2e2-208b789444fa,,,
1999,MIA,WR,WR,87,ACT,Yatil Green,Yatil,Green,1973-11-25,74,205,,00-0006359,,,,,,,,,,"https://static.www.nfl.com/image/private/f_auto,q_auto/league/yoi88e77guflemfjj11f",GRE396159,,32004752-4539-6159-e2ef-59cdf4856253,,,
1999,CAR,LB,OLB,91,ACT,Kevin Greene,Kevin,Greene,1962-07-31,75,247,,00-0006373,,,,,,,,,,"https://static.www.nfl.com/image/private/f_auto,q_auto/league/nwdcpjkal7ye5lew1wts",GRE486846,,32004752-4548-6846-4bac-0fb747d5fc9d,,,
1999,IND,RB,RB,43,ACT,Scott Greene,Scott,Greene,1972-06-01,70,240,,00-0006380,,,,,,,,,,"https://static.www.nfl.com/image/private/f_auto,q_auto/league/zyjgdlck1hekjohx68y0",GRE504574,,32004752-4550-4574-8b15-6329bfb5e007,,,
1999,BUF,DB,CB,25,ACT,Donovan Greer,Donovan,Greer,1974-09-11,69,178,,00-0006395,,,,,,,,,,"https://static.www.nfl.com/image/private/f_auto,q_auto/league/jxifdvyk6ixudgezmnpb",GRE650491,,32004752-4565-0491-58a5-3ca2abaaa813,,,
1999,PHI,DL,DT,94,ACT,Kelly Gregg,Kelly,Gregg,1976-11-01,72,285,,00-0006398,,,,,,,,,,"https://static.www.nfl.com/image/private/f_auto,q_auto/league/dooazxp8hql7swr4rqwr",GRE701631,,32004752-4570-1631-ce4b-67a2e6206ed9,,,
1999,ARI,QB,QB,15,ACT,Chris Greisen,Christopher,Greisen,1976-07-02,75,225,,00-0006410,,,,,,,,,,"https://static.www.nfl.com/image/private/f_auto,q_auto/league/tmjmwlhacslgjsest3mt",GRE805046,,32004752-4580-5046-7cac-886bdc9c40ef,,,
1999,DEN,QB,QB,14,ACT,Brian Griese,Brian,Griese,1975-03-18,75,215,,00-0006423,,,,,,,,,,"https://static.www.nfl.com/image/private/f_auto,q_auto/league/h4yl6l8aqzgdqcjrckvk",GRI028314,,32004752-4902-8314-be21-2f901c510300,,,
1999,CIN,WR,WR,87,ACT,Damon Griffin,Damon,Griffin,1976-06-14,69,186,,00-0006431,,,,,,,,,,"https://static.www.nfl.com/image/private/f_auto,q_auto/league/lelc809on2tzhjbf51cu",GRI089661,,32004752-4908-9661-4739-3917072e7b72,,,
1999,DEN,RB,FB,29,ACT,Howard Griffith,Howard,Griffith,1967-11-17,72,230,,00-0006456,,,,,,,,,,"https://static.www.nfl.com/image/private/f_auto,q_auto/league/pdlcmruxpeaz8jausch1",GRI439086,,32004752-4943-9086-3901-cf20fbff1bb3,,,
1999,JAX,TE,TE,85,ACT,Rich Griffith,Richard,Griffith,1969-07-31,77,260,,00-0006458,,,,,,,,,,"https://static.www.nfl.com/image/private/f_auto,q_auto/league/fzk9zrhy62dxudhghrtj",GRI444024,,32004752-4944-4024-f9d4-b60075e746e9,,,
1999,MIN,DB,S,24,ACT,Robert Griffith,Robert,Griffith,1970-11-30,71,198,,00-0006459,,,,,,,,,,"https://static.www.nfl.com/image/private/f_auto,q_auto/league/mgxxpzvauryexjhku7ee",GRI448524,,32004752-4944-8524-abaf-14125a6e0c20,,,
1999,CIN,RB,FB,46,ACT,Clif Groce,Clifton,Groce,1972-07-30,71,245,,00-0006482,,,,,,,,,,"https://static.www.nfl.com/image/private/f_auto,q_auto/league/b9tuknosag4lebyuqtgy",GRO025753,,32004752-4f02-5753-cdd3-9347fb4b289e,,,
1999,TB,OL,OT,74,RES,Paul Gruber,Paul,Gruber,1965-02-24,77,292,,00-0006508,,,,,,,,,,"https://static.www.nfl.com/image/private/f_auto,q_auto/league/ummmw7vk4qohm27ruvju",GRU369148,,32004752-5536-9148-9188-46762bef71bb,,,
1999,KC,OL,C,61,ACT,Tim Grunhard,Timothy,Grunhard,1968-05-17,74,311,,00-0006513,,,,,,,,,,"https://static.www.nfl.com/image/private/f_auto,q_auto/league/knhptvitloa4f18cnbmz",GRU646009,,32004752-5564-6009-11b9-06e3d9c26177,,,
1999,STL,OL,C,60,ACT,Mike Gruttadauria,Michael,Gruttadauria,1972-12-06,75,297,,00-0006516,,,,,,,,,,"https://static.www.nfl.com/image/private/f_auto,q_auto/league/nmd3xqkmflrv00u7cfre",GRU771855,,32004752-5577-1855-8929-c500dcb2c370,,,
1999,CIN,OL,G,62,ACT,Brock Gutierrez,James,Gutierrez,1973-09-25,75,304,,00-0006562,,,,,,,,,,"https://static.www.nfl.com/image/private/f_auto,q_auto/league/ntfewam2qzfs6dkeon8b",GUT323003,,32004755-5432-3003-6067-c5c229283036,,,
1999,SEA,OL,G,68,ACT,Brian Habib,Brian,Habib,1964-12-02,79,299,,00-0006577,,,,,,,,,,"https://static.www.nfl.com/image/private/f_auto,q_auto/league/t8vxmqjyd1nkboriedix",HAB415291,,32004841-4241-5291-e29e-515e78479f62,,,
1999,STL,WR,WR,81,ACT,Az-Zahir Hakim,Az-Zahir,Hakim,1977-06-03,70,179,,00-0006627,,,,,,,,,,"https://static.www.nfl.com/image/private/f_auto,q_auto/league/mejrrdu6zfd1muziriw6",HAK307681,,32004841-4b30-7681-6712-8c8b8f8b9253,,,
1999,NO,OL,G,79,ACT,Mike Halapin,Richard,Halapin,1973-07-01,77,310,,00-0006628,,,,,,,,,,"https://static.www.nfl.com/image/private/f_auto,q_auto/league/x3fysd62asm5htyog57q",HAL008287,,32004841-4c00-8287-7948-b65d23ac08fb,,,
1999,NYG,DL,DT,93,ACT,Ryan Hale,Ryan,Hale,1975-07-10,76,300,,00-0006631,,,,,,,,,,"https://static.www.nfl.com/image/private/f_auto,q_auto/league/z8bq5czilqqfquob9usz",HAL057291,,32004841-4c05-7291-2752-de2b6fbe60c7,,,
1999,SF,DL,DE,94,ACT,Charles Haley,Charles,Haley,1964-01-06,77,255,,00-0006633,,,,,,,,,,"https://static.www.nfl.com/image/private/f_auto,q_auto/league/y4qk3ik6rv3uyf4agg1y",HAL084750,,32004841-4c08-4750-b963-5cd83f3b5a36,,,
1999,CIN,DB,FS,26,ACT,Cory Hall,Cory,Hall,1976-12-05,72,205,,00-0006647,,,,,,,,,,"https://static.www.nfl.com/image/private/f_auto,q_auto/league/ap3yh2ot29lenl0qilc9",HAL228825,,32004841-4c22-8825-64b2-cef0bf9e48f9,,,
1999,NYJ,SPEC,K,9,ACT,John Hall,John,Hall,1974-03-17,75,228,,00-0006662,,,,,,,,,,"https://static.www.nfl.com/image/private/f_auto,q_auto/league/gjoorvt0bijl04qrklmd",HAL364425,,32004841-4c36-4425-ce30-30695283148a,,,
1999,GB,TE,TE,88,ACT,Lamont Hall,James,Hall,1974-11-16,76,260,,00-0006666,,,,,,,,,,"https://static.www.nfl.com/image/private/f_auto,q_auto/league/mtvwi8xx7rxafyqr96pm",HAL358068,,32004841-4c35-8068-6b3b-ff0fa616a844,,,
1999,DAL,LB,LB,55,ACT,Lemanski Hall,Lemanski,Hall,1970-11-24,72,235,,00-0006668,,,,,,,,,,"https://static.www.nfl.com/image/private/f_auto,q_auto/league/zjmcceoqblgnq7mo6lbs",HAL432225,,32004841-4c43-2225-8230-b2aabeab30dd,,,
1999,ATL,DL,DT,98,ACT,Travis Hall,Travis,Hall,1972-08-03,77,300,,00-0006684,,,,,,,,,,"https://static.www.nfl.com/image/private/f_auto,q_auto/league/pmn0mbfpk5grt42gxxeh",HAL550875,,32004841-4c55-0875-ae7e-11839406b07a,,,
1999,ATL,OL,G,64,ACT,Bob Hallen,Robert,Hallen,1975-03-09,76,305,,00-0006688,,,,,,,,,,"https://static.www.nfl.com/image/private/f_auto,q_auto/league/isyhvlw8qsgmt6v9dill",HAL633365,,32004841-4c63-3365-4818-6a59669503c2,,,
1999,CHI,RB,FB,49,ACT,Ty Hallock,Ty,Hallock,1971-04-30,74,254,,00-0006692,,,,,,,,,,"https://static.www.nfl.com/image/private/f_auto,q_auto/league/zl6mlfofayl7kbpmljir",HAL652575,,32004841-4c65-2575-9b68-0d865fc5bd7e,,,
1999,DAL,LB,OLB,54,ACT,Darren Hambrick,Darren,Hambrick,1975-08-30,74,227,,00-0006702,,,,,,,,,,"https://static.www.nfl.com/image/private/f_auto,q_auto/league/nfldgbzgtkkg6pe8nlvt",HAM118504,,32004841-4d11-8504-c505-78cfcb416ab5,,,
1999,NYJ,DL,DE,92,ACT,Bobby Hamilton,Bobby,Hamilton,1971-07-01,77,280,,00-0006708,,,,,,,,,,"https://static.www.nfl.com/image/private/f_auto,q_auto/league/htkdwxuq21zp83upwuro",HAM195059,,32004841-4d19-5059-b4bf-0589708dc08b,,,
1999,NYG,DB,DB,41,ACT,Conrad Hamilton,Conrad,Hamilton,1974-11-05,70,195,,00-0006711,,,,,,,,,,"https://static.www.nfl.com/image/private/f_auto,q_auto/league/bcatvbk0z7g8ucqfq90w",HAM198205,,32004841-4d19-8205-d134-89d261780d0e,,,
1999,NYG,DL,DT,75,ACT,Keith Hamilton,Keith,Hamilton,1971-05-25,78,300,,00-0006719,,,,,,,,,,"https://static.www.nfl.com/image/private/f_auto,q_auto/league/l6jlkr4pxp3y3h0s2b2r",HAM245397,,32004841-4d24-5397-238b-761ee8f0c34c,,,
1999,WAS,LB,LB,58,RES,Malcolm Hamilton,Malcolm,Hamilton,1972-12-31,73,235,,00-0006722,,,,,,,,,,"https://static.www.nfl.com/image/private/f_auto,q_auto/league/leilizfwjdsgxoj15h37",HAM277907,,32004841-4d27-7907-17a8-067e780d8fff,,,
1999,SD,LB,LB,53,ACT,Michael Hamilton,Michael,Hamilton,1973-12-03,74,245,,00-0006724,,,,,,,,,,"https://static.www.nfl.com/image/private/f_auto,q_auto/league/h2tss2dm4zpt6alosehg",HAM278956,,32004841-4d27-8956-8b27-f53c584068fd,,,
1999,ATL,LB,LB,54,RES,Ruffin Hamilton,Ruffin,Hamilton,1971-03-02,73,235,,00-0006728,,,,,,,,,,"https://static.www.nfl.com/image/private/f_auto,q_auto/league/zaectv2rqraqtritjuxt",HAM344281,,32004841-4d34-4281-3bc8-a99ba176ddd9,,,
1999,NO,DL,DE,96,ACT,Uhuru Hamiter,Uhuru,Hamiter,1973-03-14,76,280,,00-0006733,,,,,,,,,,"https://static.www.nfl.com/image/private/f_auto,q_auto/league/qmvqqxhizfp4pqrmifzr",HAM383827,,32004841-4d38-3827-ad24-703b21d6477a,,,
1999,SD,DL,DT,96,ACT,Norman Hand,Norman,Hand,1972-09-04,75,313,,00-0006766,,,,,,,,,,"https://static.www.nfl.com/image/private/f_auto,q_auto/league/der7isuyajmqg04dilrb",HAN119783,,32004841-4e11-9783-9376-aae5bd7878e1,,,
1999,SEA,DB,DB,36,ACT,Merton Hanks,Merton,Hanks,1968-03-12,74,181,,00-0006775,,,,,,,,,,"https://static.www.nfl.com/image/private/f_auto,q_auto/league/hbjcnbxfm9qhrziwcwjx",HAN175341,,32004841-4e17-5341-774a-d6ea6ba8fd79,,,
1999,WAS,SPEC,P,12,CUT,Brian Hansen,Brian,Hansen,1960-10-26,76,215,,00-0006791,,,,,,,,,,"https://static.www.nfl.com/image/private/f_auto,q_auto/league/la6gqkslk3l3bxl6fpp6",HAN498339,,32004841-4e49-8339-29bd-560704f88968,,,
1999,BUF,DL,DE,90,ACT,Phil Hansen,Philip,Hansen,1968-05-20,77,278,,00-0006795,,,,,,,,,,"https://static.www.nfl.com/image/private/f_auto,q_auto/league/vs9t9eplw7unflv7eh8z",HAN587268,,32004841-4e58-7268-f1d2-a89ed3c2b74f,,,
1999,GB,SPEC,P,7,CUT,Chris Hanson,Christopher,Hanson,1976-10-25,73,210,,00-0006799,,,,,,,,,,"https://static.www.nfl.com/image/private/f_auto,q_auto/league/tk0pr4kpvdiph4quruuf",HAN639047,,32004841-4e63-9047-ebd8-df27316c55bf,,,
1999,DET,SPEC,K,4,ACT,Jason Hanson,Jason,Hanson,1970-06-17,71,182,,00-0006800,,,,,,,,,,"https://static.www.nfl.com/image/private/f_auto,q_auto/league/q9nslxhklckxgph3hwac",HAN671834,,32004841-4e67-1834-e621-20350f67aa24,,,
1999,ATL,RB,RB,24,ACT,Byron Hanspard,Byron,Hanspard,1976-01-23,70,200,,00-0006803,,,,,,,,,,"https://static.www.nfl.com/image/private/f_auto,q_auto/league/gcczko1mq5gkcgwgmedt",HAN779808,,32004841-4e77-9808-7a25-eb86ee345b0d,,,
1999,TB,TE,TE,82,ACT,Patrick Hape,Patrick,Hape,1974-06-06,76,262,,00-0006804,,,,,,,,,,"https://static.www.nfl.com/image/private/f_auto,q_auto/league/ie8dudx6mqii3pxy7ukz",HAP401791,,32004841-5040-1791-50f6-e38a52862419,,,
1999,SD,QB,QB,4,ACT,Jim Harbaugh,James,Harbaugh,1963-12-23,75,215,,00-0006808,,,,,,,,,,"https://static.www.nfl.com/image/private/f_auto,q_auto/league/twafi9vpvkbhnzzlgfij",HAR004303,,32004841-5200-4303-8cf1-d02ef8d84a63,,,
1999,SD,DL,DE,92,ACT,Cedric Harden,Cedric,Harden,1974-10-19,78,260,,00-0006818,,,,,,,,,,"https://static.www.nfl.com/image/private/f_auto,q_auto/league/dbps6ozh8woudfdzjgm3",HAR036575,,32004841-5203-6575-d3da-c5d9b7ce86fe,,,
1999,JAX,LB,OLB,51,ACT,Kevin Hardy,Kevin,Hardy,1973-07-24,76,247,,00-0006843,,,,,,,,,,"https://static.www.nfl.com/image/private/f_auto,q_auto/league/gsnjoes4ydh8gr0cw94k",HAR114029,,32004841-5211-4029-4829-f492ce9fdca8,,,
1999,ARI,TE,TE,80,ACT,Terry Hardy,Terry,Hardy,1976-05-31,76,271,,00-0006848,,,,,,,,,,"https://static.www.nfl.com/image/private/f_auto,q_auto/league/c25ibt0shr5rgabxswqy",HAR128014,,32004841-5212-8014-8438-f1289a248719,,,
1999,DAL,WR,WR,82,CUT,Alvin Harper,Alvin,Harper,1968-07-06,76,218,,00-0006877,,,,,,,,,,"https://static.www.nfl.com/image/private/f_auto,q_auto/league/oybjuhxua9jsnw8cdohe",HAR238816,,32004841-5223-8816-f17c-679d3b92d358,,,
1999,DET,DB,DB,40,ACT,Dwayne Harper,Dwayne,Harper,1966-03-29,71,175,,00-0006881,,,,,,,,,,"https://static.www.nfl.com/image/private/f_auto,q_auto/league/elzasilbsim0oadopunj",HAR258180,,32004841-5225-8180-cde1-73e6aaf4cfa9,,,
1999,PHI,DB,CB,31,ACT,Al Harris,Alshinard,Harris,1974-12-07,73,185,,00-0006915,,,,,,,,,,"https://static.www.nfl.com/image/private/f_auto,q_auto/league/nxow7ngfzjkkfejyvia2",HAR337785,,32004841-5233-7785-1655-35fe9108ba2e,,,
1999,MIA,LB,LB,51,ACT,Anthony Harris,Anthony,Harris,1973-01-25,73,240,,00-0006918,,,,,,,,,,"https://static.www.nfl.com/image/private/f_auto,q_auto/league/vfwzudtwtqjhzyhulep9",HAR342088,,32004841-5234-2088-cc2e-159ecac3bdba,,,
1999,GB,LB,MLB,55,ACT,Bernardo Harris,Bernardo,Harris,1971-10-15,74,250,,00-0006920,,,,,,,,,,"https://static.www.nfl.com/image/private/f_auto,q_auto/league/epwgdnbrkz3brfcxw9sc",HAR346391,,32004841-5234-6391-8e02-36e6635601eb,,,
1999,BAL,DB,DB,45,ACT,Corey Harris,Corey,Harris,1969-10-25,71,200,,00-0006927,,,,,,,,,,"https://static.www.nfl.com/image/private/f_auto,q_auto/league/xnunbd4ncwi93v7zc5mp",HAR359300,,32004841-5235-9300-601b-817211689873,,,
1999,STL,RB,RB,33,CUT,Derrick Harris,Sidney,Harris,1972-09-18,72,253,,00-0006930,,,,,,,,,,"https://static.www.nfl.com/image/private/f_auto,q_auto/league/fya5lyd0uycwhijau950",HAR536296,,32004841-5253-6296-2f5a-77cfcc52a9c3,,,
1999,TEN,TE,TE,88,ACT,Jackie Harris,Jackie,Harris,1968-01-04,76,250,,00-0006949,,,,,,,,,,"https://static.www.nfl.com/image/private/f_auto,q_auto/league/uf1p0ysr0rawya3gytug",HAR417391,,32004841-5241-7391-fc4a-44fb3286867e,,,
1999,OAK,DL,DE,93,ACT,James Harris,James,Harris,1968-05-13,78,285,,00-0006953,,,,,,,,,,"https://static.www.nfl.com/image/private/f_auto,q_auto/league/po77zwfao76tu8edd6pt",HAR428148,,32004841-5242-8148-c99e-e9df64fe9742,,,
1999,OAK,DB,DB,44,ACT,Johnnie Harris,Johnnie,Harris,1972-08-21,74,210,,00-0006960,,,,,,,,,,"https://static.www.nfl.com/image/private/f_auto,q_auto/league/jgew1kc7muypdbmuyeig",HAR450249,,32004841-5245-0249-82d5-ddae407d2448,,,
1999,CLE,DL,DE,70,TRC,Jon Harris,Jonathan,Harris,1974-06-09,79,292,,00-0006962,,,,,,,,,,"https://static.www.nfl.com/image/private/f_auto,q_auto/league/o54co9mpwu7fs1hsvqou",HAR450836,,32004841-5245-0836-8ca8-80d6e8dd9983,,,
1999,GB,DL,DE,74,ACT,Jon Harris,Jonathan,Harris,1974-06-09,79,292,,00-0006962,,,,,,,,,,"https://static.www.nfl.com/image/private/f_auto,q_auto/league/o54co9mpwu7fs1hsvqou",HAR450836,,32004841-5245-0836-8ca8-80d6e8dd9983,,,
1999,PHI,DB,DB,38,RES,Kenny Harris,Kenny,Harris,1975-04-25,73,198,,00-0006965,,,,,,,,,,"https://static.www.nfl.com/image/private/f_auto,q_auto/league/r2p3cemyfebibufbzw1w",HAR456655,,32004841-5245-6655-c222-f1768b0653fe,,,
1999,SF,WR,WR,88,ACT,Mark Harris,Mark,Harris,1970-04-28,76,201,,00-0006977,,,,,,,,,,"https://static.www.nfl.com/image/private/f_auto,q_auto/league/c2sxojwoyfmxiacypha4",HAR475481,,32004841-5247-5481-5206-cfadf63257a7,,,
1999,NYG,DL,DT,97,RES,Robert Harris,Robert,Harris,1969-06-13,76,300,,00-0006991,,,,,,,,,,"https://static.www.nfl.com/image/private/f_auto,q_auto/league/ishitefnbwbjlsjz50mi",HAR527117,,32004841-5252-7117-6353-1b9ca5334abd,,,
1999,ATL,WR,WR,82,ACT,Ronnie Harris,Ronnie,Harris,1970-06-04,71,185,,00-0006994,,,,,,,,,,"https://static.www.nfl.com/image/private/f_auto,q_auto/league/rnc4tiwo7lxbpg5pjhdy",HAR531318,,32004841-5253-1318-cebc-047aba4b1832,,,
1999,CHI,LB,MLB,55,ACT,Sean Harris,Sean,Harris,1972-02-25,75,252,,00-0006997,,,,,,,,,,"https://static.www.nfl.com/image/private/f_auto,q_auto/league/mud76tawn3rtfhnunbr7",HAR535723,,32004841-5253-5723-13e1-fd7333b52ce6,,,
1999,CHI,DB,CB,27,ACT,Walt Harris,Walter,Harris,1974-08-10,71,195,,00-0007007,,,,,,,,,,"https://static.www.nfl.com/image/private/f_auto,q_auto/league/qf1eihgukfdjxknuodb4",HAR550409,,32004841-5255-0409-9a91-b9dffb146b28,,,
1999,BAL,OL,OT,67,CUT,Chris Harrison,Christopher,Harrison,1972-02-25,75,290,,00-0007017,,,,,,,,,,"https://static.www.nfl.com/image/private/f_auto,q_auto/league/mn5fjkjerux7z7dbwub1",HAR576333,,32004841-5257-6333-612f-1a2da1b6bf87,,,
1999,MIN,DL,DE,95,CUT,Martin Harrison,Martin,Harrison,1967-09-20,77,258,,00-0007023,,,,,,,,,,"https://static.www.nfl.com/image/private/f_auto,q_auto/league/qbxhfh5hxrnogv5xha65",HAR606723,,32004841-5260-6723-f3e1-447dd4992ff3,,,
1999,IND,WR,WR,88,ACT,Marvin Harrison,Marvin,Harrison,1972-08-25,72,181,,00-0007024,,,,,,,,,,"https://static.www.nfl.com/image/private/f_auto,q_auto/league/fni7z2tqhhaq5kbe5a0s",HAR608874,,32004841-5260-8874-cb46-5e045899dea1,,,
1999,PIT,DL,DT,74,RES,Nolan Harrison,Nolan,Harrison,1969-01-25,77,291,,00-0007026,,,,,,,,,,"https://static.www.nfl.com/image/private/f_auto,q_auto/league/fsatkiaphdtevy49dysh",HAR612460,,32004841-5261-2460-2ae2-2fb041c78d1e,,,
1999,SD,DB,S,37,ACT,Rodney Harrison,Rodney,Harrison,1972-12-15,73,207,,00-0007030,,,,,,,,,,"https://static.www.nfl.com/image/private/f_auto,q_auto/league/ilzsp4jyf1ltn17ittxc",HAR637919,,32004841-5263-7919-460b-06e2b45ac6ea,,,
1999,DET,OL,G,64,ACT,Jeff Hartings,Jeffrey,Hartings,1972-09-07,75,295,,00-0007051,,,,,,,,,,"https://static.www.nfl.com/image/private/f_auto,q_auto/league/lhcpzgxnxtim2bmicaj9",HAR712453,,32004841-5271-2453-2081-3f2b2619e297,,,
1999,OAK,LB,OLB,52,ACT,Richard Harvey,Richard,Harvey,1966-09-11,73,235,,00-0007075,,,,,,,,,,"https://static.www.nfl.com/image/private/f_auto,q_auto/league/xu9rzm5ptsqgjmn86vnw",HAR817570,,32004841-5281-7570-82ef-03bf35bbd1e4,,,
1999,SD,LB,LB,59,RES,Jon Haskins,Jon,Haskins,1975-10-06,74,245,,00-0007084,,,,,,,,,,"https://static.www.nfl.com/image/private/f_auto,q_auto/league/ntgxbgkherls2ahoibkd",HAS291241,,32004841-5329-1241-40ed-174eabec5a21,,,
1999,DEN,DL,DE,96,ACT,Harald Hasselbach,Harald,Hasselbach,1967-09-22,78,285,,00-0007089,,,,,,,,,,"https://static.www.nfl.com/image/private/f_auto,q_auto/league/s5mcmpro9byq8be7ikwp",HAS517299,,32004841-5351-7299-d091-8b4f5b2df983,,,
1999,GB,QB,QB,11,ACT,Matt Hasselbeck,Matthew,Hasselbeck,1975-09-25,76,220,Boston College,00-0007091,1575,7d8eba61-208d-4d91-86cd-704ad05cb7f4,4416,949,408,HassMa00,1034,36,1,"https://static.www.nfl.com/image/private/f_auto,q_auto/league/t1nf9avoy2kauqwrvzza",HAS536799,23636,32004841-5353-6799-a37b-f4bab15e4312,1998,1998,GB
1999,NO,WR,WR,88,ACT,Andre Hastings,Andre,Hastings,1971-11-07,73,190,,00-0007093,,,,,,,,,,"https://static.www.nfl.com/image/private/f_auto,q_auto/league/tt2bbaqdihadpecpqhuv",HAS594306,,32004841-5359-4306-9b3d-433c4f5ba3f7,,,
1999,KC,DB,CB,40,ACT,James Hasty,James,Hasty,1965-05-23,72,213,,00-0007095,,,,,,,,,,"https://static.www.nfl.com/image/private/f_auto,q_auto/league/mq17n3vulqyxyi9jqrzx",HAS755070,,32004841-5375-5070-ee97-2368e31ebd71,,,
1999,MIN,WR,WR,89,ACT,Matt Hatchette,Matthew,Hatchette,1974-05-01,74,201,,00-0007103,,,,,,,,,,"https://static.www.nfl.com/image/private/f_auto,q_auto/league/plvdp70sewyh07u1gagw",HAT321966,,32004841-5432-1966-16fd-0c908e08788f,,,
1999,PHI,DB,S,45,ACT,Tim Hauck,Timothy,Hauck,1966-12-20,70,187,,00-0007108,,,,,,,,,,"https://static.www.nfl.com/image/private/f_auto,q_auto/league/kjbhrtkseevibims32zt",HAU118654,,32004841-5511-8654-1911-9392e4f15cb6,,,
1999,CIN,DB,CB,27,ACT,Artrell Hawkins,Artrell,Hawkins,1976-11-24,70,190,,00-0007115,,,,,,,,,,"https://static.www.nfl.com/image/private/f_auto,q_auto/league/aufyxdtprg3vozwsuvfk",HAW113572,,32004841-5711-3572-2b4f-25816756a7ac,,,
1999,PIT,WR,WR,88,ACT,Courtney Hawkins,Courtney,Hawkins,1969-12-12,69,190,,00-0007120,,,,,,,,,,"https://static.www.nfl.com/image/private/f_auto,q_auto/league/utgzfxhrl49iw2likcot",HAW321216,,32004841-5732-1216-fd60-954bd7078925,,,
1999,NYJ,DB,SAF,30,ACT,Chris Hayes,Christopher,Hayes,1972-05-07,72,206,,00-0007143,,,,,,,,,,"https://static.www.nfl.com/image/private/f_auto,q_auto/league/boury64bzwcvqiwyauhy",HAY093931,,32004841-5909-3931-706f-3023c4a6b59d,,,
1999,CAR,WR,WR,81,ACT,Donald Hayes,Donald,Hayes,1975-07-13,76,208,,00-0007144,,,,,,,,,,"https://static.www.nfl.com/image/private/f_auto,q_auto/league/hveufttffdrcsevdxy2j",HAY108762,,32004841-5910-8762-feb3-3d2a6ecfcbfb,,,
1999,ARI,TE,TE,48,CUT,Jarius Hayes,Jarius,Hayes,1973-03-27,75,266,,00-0007147,,,,,,,,,,"https://static.www.nfl.com/image/private/f_auto,q_auto/league/zuiamr4pr29pa0rdfhcl",HAY207637,,32004841-5920-7637-fae8-2d05920a77a7,,,
1999,SF,RB,RB,20,PUP,Garrison Hearst,Gerald,Hearst,1971-01-04,71,219,,00-0007180,,,,,,,,,,"https://static.www.nfl.com/image/private/f_auto,q_auto/league/cskz5dnxqszembvw4mgb",HEA453213,,32004845-4145-3213-efde-638606c91aa9,,,
1999,CIN,DB,CB,22,ACT,Rodney Heath,Rodney,Heath,1974-10-29,70,170,,00-0007186,,,,,,,,,,"https://static.www.nfl.com/image/private/f_auto,q_auto/league/xek365vv2yl7faodcv94",HEA776283,,32004845-4177-6283-a24e-0862f2144f7e,,,
1999,WAS,OL,OT,64,ACT,Andy Heck,Andrew,Heck,1967-01-01,78,298,,00-0007195,,,,,,,,,,"https://static.www.nfl.com/image/private/f_auto,q_auto/league/rvi81oiyxnlyxvk2iq1h",HEC103822,,32004845-4310-3822-81ce-661dd5e43c84,,,
1999,TB,OL,OT,79,ACT,George Hegamin,George,Hegamin,1973-02-14,79,331,,00-0007207,,,,,,,,,,"https://static.www.nfl.com/image/private/f_auto,q_auto/league/s3eoa1x4jyp9jfyh91vj",HEG263361,,32004845-4726-3361-ae0f-6079b42bf202,,,
1999,SD,TE,TE,83,ACT,Steve Heiden,Steve,Heiden,1976-09-21,76,256,,00-0007213,,,,,,,,,,"https://static.www.nfl.com/image/private/f_auto,q_auto/league/gbtrxatwcauhazpjejcr",HEI093965,,32004845-4909-3965-aa44-ce9f12a8e675,,,
1999,GB,OL,C,75,ACT,Craig Heimburger,Craig,Heimburger,1977-02-03,74,318,,00-0007215,,,,,,,,,,"https://static.www.nfl.com/image/private/f_auto,q_auto/league/p9b1ye6xgkfjyantanqw",HEI263360,,32004845-4926-3360-75d8-ff907586e65d,,,
1999,DAL,OL,OT,70,ACT,Dale Hellestrae,Dale,Hellestrae,1962-07-11,77,291,,00-0007226,,,,,,,,,,"https://static.www.nfl.com/image/private/f_auto,q_auto/league/qhffmovcgpewczjvhbeb",HEL415289,,32004845-4c41-5289-13b9-5c61df61cc1e,,,
1999,DAL,LB,LB,58,CUT,Nate Hemsley,Nathaniel,Hemsley,1974-05-05,72,228,,00-0007236,,,,,,,,,,"https://static.www.nfl.com/image/private/f_auto,q_auto/league/x2enzrpk5ifr0e0jvumo",HEM639048,,32004845-4d63-9048-4a3b-4961710bbd28,,,
1999,GB,RB,FB,33,ACT,William Henderson,William,Henderson,1971-02-19,73,250,,00-0007254,,,,,,,,,,"https://static.www.nfl.com/image/private/f_auto,q_auto/league/wqhcfs2jdjk21qai00rh",HEN148874,,32004845-4e14-8874-8a15-339d6f7fd449,,,
1999,DAL,DL,DT,95,ACT,Chad Hennings,Chad,Hennings,1965-10-20,78,291,,00-0007283,,,,,,,,,,"https://static.www.nfl.com/image/private/f_auto,q_auto/league/vi79mse1bndcpepnejvv",HEN587662,,32004845-4e58-7662-3634-120ca6d76774,,,
1999,PIT,DL,DE,76,ACT,Kevin Henry,Kevin,Henry,1968-10-23,76,282,,00-0007296,,,,,,,,,,"https://static.www.nfl.com/image/private/f_auto,q_auto/league/tinzp2oegdaqlbagoi8r",HEN624236,,32004845-4e62-4236-beea-89d3603c1254,,,
1999,TEN,SPEC,P,15,ACT,Craig Hentrich,Craig,Hentrich,1971-05-18,75,205,,00-0007308,,,,,,,,,,"https://static.www.nfl.com/image/private/f_auto,q_auto/league/yi7vmomfipszmzkaapds",HEN822738,,32004845-4e82-2738-dfc7-459b37a8caaa,,,
1999,CHI,OL,OT,74,RES,Jimmy Herndon,James,Herndon,1973-08-30,80,318,,00-0007324,,,,,,,,,,"https://static.www.nfl.com/image/private/f_auto,q_auto/league/mdefwhtdsvonr9xrmuge",HER388035,,32004845-5238-8035-edb1-894e328c0027,,,
1999,BAL,DB,S,20,ACT,Kim Herring,Kimani,Herring,1975-09-10,72,200,,00-0007334,,,,,,,,,,"https://static.www.nfl.com/image/private/f_auto,q_auto/league/cgfkyb6zzqfh8hqjs0dz",HER564218,,32004845-5256-4218-cd96-6662318a3ca3,,,
1999,CAR,RB,RB,44,ACT,Chris Hetherington,Christopher,Hetherington,1972-11-27,75,249,,00-0007357,,,,,,,,,,"https://static.www.nfl.com/image/private/f_auto,q_auto/league/na19cxqwjrdruhs2ysep",HET177981,,32004845-5417-7981-7641-c5dfa76d1913,,,
1999,NO,DB,DB,23,RES,Chris Hewitt,Christopher,Hewitt,1974-07-22,72,210,,00-0007359,,,,,,,,,,"https://static.www.nfl.com/image/private/f_auto,q_auto/league/gxtjpcidgot0ocq5whih",HEW197417,,32004845-5719-7417-e432-20eeadc3649f,,,
1999,KC,DL,DE,98,ACT,Eric Hicks,Eric,Hicks,1976-06-17,78,278,,00-0007375,,,,,,,,,,"https://static.www.nfl.com/image/private/f_auto,q_auto/league/jhjdctxzabiltn0rfkav",HIC446311,,32004849-4344-6311-4159-0449f1d2c2c3,,,
1999,BUF,OL,OT,77,ACT,Robert Hicks,Robert,Hicks,1974-11-17,79,338,,00-0007387,,,,,,,,,,"https://static.www.nfl.com/image/private/f_auto,q_auto/league/zuf3piln9dmf1u6blugw",HIC644066,,32004849-4364-4066-8c09-9bfc234d36c2,,,
1999,WAS,RB,RB,20,ACT,Skip Hicks,Brian,Hicks,1974-10-13,72,230,,00-0007389,,,,,,,,,,"https://static.www.nfl.com/image/private/f_auto,q_auto/league/dnf6zpshevuct3qs0tou",HIC349959,,32004849-4334-9959-af2a-b0ae9b1ef09f,,,
1999,SD,LB,ILB,54,ACT,Eric Hill,Eric,Hill,1966-11-14,74,265,,00-0007433,,,,,,,,,,"https://static.www.nfl.com/image/private/f_auto,q_auto/league/wwduhdd8cfue86qdqdeq",HIL222465,,32004849-4c22-2465-b559-5449a0ac1b1c,,,
1999,DET,RB,RB,21,ACT,Greg Hill,Gregory,Hill,1972-02-23,71,212,,00-0007436,,,,,,,,,,"https://static.www.nfl.com/image/private/f_auto,q_auto/league/p6tbsxmhyz9bypvhhrbu",HIL274373,,32004849-4c27-4373-cf88-db27f34c39af,,,
1999,CLE,RB,RB,34,ACT,Madre Hill,Madre,Hill,1976-01-02,71,199,,00-0007447,,,,,,,,,,"https://static.www.nfl.com/image/private/f_auto,q_auto/league/nlwwsrgehlv9geql4m39",HIL526500,,32004849-4c52-6500-d20a-4cc3b4e301ae,,,
1999,MIA,DB,DB,28,ACT,Ray Hill,Raymond,Hill,1975-08-07,72,195,,00-0007452,,,,,,,,,,"https://static.www.nfl.com/image/private/f_auto,q_auto/league/pnyzyavb44n4gwrxezyb",HIL567285,,32004849-4c56-7285-9271-cdb2ed1652b9,,,
1999,NYG,WR,WR,88,ACT,Ike Hilliard,Isaac,Hilliard,1976-04-05,71,195,,00-0007468,,,,,,,,,,"https://static.www.nfl.com/image/private/f_auto,q_auto/league/wgkoowevnhqjpwpqu87l",HIL717184,,32004849-4c71-7184-1e2a-e09eaef44c59,,,
1999,CHI,OL,OT,68,ACT,Keno Hills,Keno,Hills,1973-06-13,78,305,,00-0007472,,,,,,,,,,"https://static.www.nfl.com/image/private/f_auto,q_auto/league/aw3sc6ggzfgswoy7xjtn",HIL748965,,32004849-4c74-8965-b39a-9223e61e8e91,,,
1999,NO,OL,OT,76,TRD,Keno Hills,Keno,Hills,1973-06-13,78,305,,00-0007472,,,,,,,,,,"https://static.www.nfl.com/image/private/f_auto,q_auto/league/aw3sc6ggzfgswoy7xjtn",HIL748965,,32004849-4c74-8965-b39a-9223e61e8e91,,,
1999,MIN,DB,CB,37,ACT,Jimmy Hitchcock,Jimmy,Hitchcock,1970-11-09,70,188,,00-0007512,,,,,,,,,,"https://static.www.nfl.com/image/private/f_auto,q_auto/league/bg3oo17uiiioprhlkqyd",HIT272361,,32004849-5427-2361-a0a9-b9a807d22326,,,
1999,MIN,RB,RB,44,ACT,Leroy Hoard,Leroy,Hoard,1968-05-15,71,225,,00-0007520,,,,,,,,,,"https://static.www.nfl.com/image/private/f_auto,q_auto/league/lwvnhe6kded1eurgp0lf",HOA692150,,3200484f-4169-2150-60dc-3459a92b8809,,,
1999,NO,QB,QB,12,ACT,Billy Joe Hobert,Billy Joe,Hobert,1971-01-08,75,230,,00-0007530,,,,,,,,,,"https://static.www.nfl.com/image/private/f_auto,q_auto/league/rlmdajsgucn5bednqaiw",HOB523265,,3200484f-4252-3265-5cda-90f725e7ca2b,,,
1999,STL,DL,DT,95,ACT,Nate Hobgood-Chittick,Nate,Hobgood-Chittick,1974-11-30,75,290,,00-0007531,,,,,,,,,,"https://static.www.nfl.com/image/private/f_auto,q_auto/league/hkxeaaafbwoyisiyffzg",HOB539876,,3200484f-4253-9876-8664-047f262fca9c,,,
1999,STL,RB,RB,42,ACT,James Hodgins,James,Hodgins,1977-04-30,71,230,,00-0007546,,,,,,,,,,"https://static.www.nfl.com/image/private/f_auto,q_auto/league/tbyeudue6rinjlocdtgw",HOD543222,,3200484f-4454-3222-c57e-113212be0a19,,,
1999,WAS,DL,DE,91,RES,David Hoelscher,David,Hoelscher,1975-11-27,78,261,,00-0007548,,,,,,,,,,"https://static.www.nfl.com/image/private/f_auto,q_auto/league/g6bnzdj03pvw19jerlqs",HOE179616,,3200484f-4517-9616-980f-1ee405bddf4a,,,
1999,SD,LB,LB,59,RES,Richard Hogans,Richard,Hogans,1975-07-08,74,249,,00-0007564,,,,,,,,,,"https://static.www.nfl.com/image/private/f_auto,q_auto/league/oqjvkv9hlt076dh2qsoc",HOG163180,,3200484f-4716-3180-7e36-b3ffe3dcb349,,,
1999,IND,QB,QB,13,ACT,Kelly Holcomb,Bryan,Holcomb,1973-07-09,74,212,,00-0007576,,,,,,,,,,"https://static.www.nfl.com/image/private/f_auto,q_auto/league/twyprbkmfzcmsnmyuh90",HOL006197,,3200484f-4c00-6197-6b94-cd9ace2c6812,,,
1999,STL,RB,FB,25,ACT,Robert Holcombe,Robert,Holcombe,1975-12-11,71,220,,00-0007579,,,,,,,,,,"https://static.www.nfl.com/image/private/f_auto,q_auto/league/qne0eezz0qtf0unm5p5p",HOL018594,,3200484f-4c01-8594-a8ee-5d23ddabc44f,,,
1999,CHI,LB,LB,53,ACT,Warrick Holdman,Warrick,Holdman,1975-11-22,73,238,,00-0007586,,,,,,,,,,"https://static.www.nfl.com/image/private/f_auto,q_auto/league/hqcwarrqv4kfnn2gvnrm",HOL058881,,3200484f-4c05-8881-782e-c357f1727a17,,,
1999,BUF,LB,ILB,52,ACT,John Holecek,John,Holecek,1972-05-07,74,242,,00-0007587,,,,,,,,,,"https://static.www.nfl.com/image/private/f_auto,q_auto/league/conk5ea3srzq9i6zqqny",HOL080574,,3200484f-4c08-0574-66dc-046bc40477c1,,,
1999,CLE,DL,DT,73,ACT,Darius Holland,Darius,Holland,1973-11-10,77,320,,00-0007590,,,,,,,,,,"https://static.www.nfl.com/image/private/f_auto,q_auto/league/nty4sxlhsif6f1lpsvrg",HOL117762,,3200484f-4c11-7762-f313-185e33b0b70c,,,
1999,GB,DL,DE,90,ACT,Vonnie Holliday,Dimetry,Holliday,1975-12-11,77,300,,00-0007611,,,,,,,,,,"https://static.www.nfl.com/image/private/f_auto,q_auto/league/ltcatlv0d4wlzeo5dova",HOL229554,,3200484f-4c22-9554-4992-b76e77382e8a,,,
1999,MIA,LB,LB,50,ACT,Dwight Hollier,Dwight,Hollier,1969-04-21,74,242,,00-0007614,,,,,,,,,,"https://static.www.nfl.com/image/private/f_auto,q_auto/league/we6ufp1uh2p0skyvy3ti",HOL254118,,3200484f-4c25-4118-4532-f9c85ef4996c,,,
1999,JAX,SPEC,K,1,ACT,Mike Hollis,Michael,Hollis,1972-05-22,67,178,,00-0007622,,,,,,,,,,"https://static.www.nfl.com/image/private/f_auto,q_auto/league/gkvggneagcrpo5qtczcw",HOL291306,,3200484f-4c29-1306-ab67-b35ddeb1412f,,,
1999,MIN,LB,LB,51,ACT,Rob Holmberg,Robert,Holmberg,1971-05-06,75,228,,00-0007640,,,,,,,,,,"https://static.www.nfl.com/image/private/f_auto,q_auto/league/zk08zbpp1sotjvzpyeoc",HOL486543,,3200484f-4c48-6543-bc96-5145e359b7e8,,,
1999,IND,RB,RB,44,RES,Darick Holmes,Darick,Holmes,1971-07-01,72,237,,00-0007647,,,,,,,,,,"https://static.www.nfl.com/image/private/f_auto,q_auto/league/vv7dn6gmzzeigsukz8am",HOL517533,,3200484f-4c51-7533-d6db-a75dac10d851,,,
1999,PIT,LB,ILB,50,ACT,Earl Holmes,Earl,Holmes,1973-04-28,74,250,,00-0007652,,,,,,,,,,"https://static.www.nfl.com/image/private/f_auto,q_auto/league/z6jcjsunkdatdblxht6p",HOL539226,,3200484f-4c53-9226-5b77-831df1f1fc49,,,
1999,CHI,SPEC,K,10,ACT,Jaret Holmes,Jaret,Holmes,1976-03-03,72,209,,00-0007655,,,,,,,,,,"https://static.www.nfl.com/image/private/f_auto,q_auto/league/jwhdegdqxxrm2lqhuwns",HOL571986,,3200484f-4c57-1986-5ef1-3b4a151a0839,,,
1999,TEN,DL,DE,99,ACT,Kenny Holmes,Kenneth,Holmes,1973-10-24,76,270,,00-0007659,,,,,,,,,,"https://static.www.nfl.com/image/private/f_auto,q_auto/league/epk3qqbyr4dtfuryhksq",HOL599140,,3200484f-4c59-9140-c7ed-7575edd2cedf,,,
1999,ARI,OL,G,71,ACT,Lester Holmes,Lester,Holmes,1969-09-27,77,330,,00-0007660,,,,,,,,,,"https://static.www.nfl.com/image/private/f_auto,q_auto/league/ajjehrommgi8jxmxhqfn",HOL603272,,3200484f-4c60-3272-fc69-8eff07eae5b3,,,
1999,BAL,RB,RB,33,ACT,Priest Holmes,Priest,Holmes,1973-10-07,69,205,,00-0007661,,,,,,,,,,"https://static.www.nfl.com/image/private/f_auto,q_auto/league/dzul271lozkuowxqh9r7",HOL627237,,3200484f-4c62-7237-50e7-ac4e50ab9980,,,
1999,NYG,DL,DT,79,ACT,Bernard Holsey,Leonard,Holsey,1973-10-10,74,285,,00-0007667,,,,,,,,,,"https://static.www.nfl.com/image/private/f_auto,q_auto/league/ccx37tuq1l1kio8ydspn",HOL700374,,3200484f-4c70-0374-5eb6-834c1280f32f,,,
1999,STL,WR,WR,88,ACT,Torry Holt,Torry,Holt,1976-06-05,72,190,,00-0007681,,,,,,,,,,"https://static.www.nfl.com/image/private/f_auto,q_auto/league/y7nfvf7fw2xznh3e1rbt",HOL771651,,3200484f-4c77-1651-2d34-508fc60896f5,,,
1999,TEN,OL,OT,72,ACT,Brad Hopkins,Bradley,Hopkins,1970-09-05,75,306,,00-0007719,,,,,,,,,,"https://static.www.nfl.com/image/private/f_auto,q_auto/league/mwpgwvw12owenim3f9yt",HOP146120,,3200484f-5014-6120-1451-d99b213ec0aa,,,
1999,SF,OL,G,66,RES,Tyrone Hopson,Tyrone,Hopson,1976-05-28,74,305,,00-0007735,,,,,,,,,,"https://static.www.nfl.com/image/private/f_auto,q_auto/league/pce3p3fox63pl13znjk5",HOP744061,,3200484f-5074-4061-3987-901e1e40d9f7,,,
1999,STL,SPEC,P,2,ACT,Mike Horan,Michael,Horan,1959-02-01,71,192,,00-0007737,,,,,,,,,,"https://static.www.nfl.com/image/private/f_auto,q_auto/league/zksqwk19daesc04hoylk",HOR029663,,3200484f-5202-9663-f176-e3cef0e93f6c,,,
1999,KC,WR,WR,84,ACT,Joe Horn,Joseph,Horn,1972-01-16,73,206,,00-0007744,,,,,,,,,,"https://static.www.nfl.com/image/private/f_auto,q_auto/league/dkzzf0q8bxid4peyyobl",HOR138427,,3200484f-5213-8427-c7fb-15f4c6d32fa0,,,
1999,STL,WR,WR,82,ACT,Tony Horne,Antonio,Horne,1976-03-21,69,173,,00-0007749,,,,,,,,,,"https://static.www.nfl.com/image/private/f_auto,q_auto/league/uomnpykzzuqtzzxeu3x0",HOR338293,,3200484f-5233-8293-3bc8-f031b9c08dd2,,,
1999,JAX,RB,RB,24,ACT,Chris Howard,Christopher,Howard,1975-05-02,70,226,,00-0007795,,,,,,,,,,"https://static.www.nfl.com/image/private/f_auto,q_auto/league/jzipeoi6fg8c3elhnkan",HOW109327,,3200484f-5710-9327-762e-ab4001c4b8f9,,,
1999,DET,WR,WR,18,ACT,Desmond Howard,Desmond,Howard,1970-05-15,70,185,,00-0007798,,,,,,,,,,"https://static.www.nfl.com/image/private/f_auto,q_auto/league/lplsoxpz5hxr7yy1td9k",HOW134966,,3200484f-5713-4966-98d2-fde0975d096f,,,
1999,GB,WR,WR,82,TRT,Desmond Howard,Desmond,Howard,1970-05-15,70,185,,00-0007798,,,,,,,,,,"https://static.www.nfl.com/image/private/f_auto,q_auto/league/lplsoxpz5hxr7yy1td9k",HOW134966,,3200484f-5713-4966-98d2-fde0975d096f,,,
1999,CIN,DB,DB,20,ACT,Ty Howard,Tyrone,Howard,1973-11-30,70,185,,00-0007815,,,,,,,,,,"https://static.www.nfl.com/image/private/f_auto,q_auto/league/clstjzgljarjut0s9tc6",HOW420479,,3200484f-5742-0479-9276-a4c587378830,,,
1999,OAK,QB,QB,14,ACT,Bobby Hoying,Robert,Hoying,1972-09-20,75,220,,00-0007832,,,,,,,,,,"https://static.www.nfl.com/image/private/f_auto,q_auto/league/ffg9s34rxb3vz2hbdmow",HOY495941,,3200484f-5949-5941-e71f-63148387840d,,,
1999,SEA,QB,QB,5,ACT,Brock Huard,Brock,Huard,1976-04-15,77,228,,00-0007834,,,,,,,,,,"https://static.www.nfl.com/image/private/f_auto,q_auto/league/emvt28h4jcox0ve35nhq",HUA252861,,32004855-4125-2861-7905-f76d0d33473c,,,
1999,MIA,QB,QB,11,ACT,Damon Huard,Damon,Huard,1973-07-09,75,215,,00-0007835,,,,,,,,,,"https://static.www.nfl.com/image/private/f_auto,q_auto/league/xertseiinipmodedwo4b",HUA264861,,32004855-4126-4861-b39e-21b113399fa1,,,
1999,CHI,DB,FS,47,ACT,Chris Hudson,Christopher,Hudson,1971-10-06,70,199,,00-0007849,,,,,,,,,,"https://static.www.nfl.com/image/private/f_auto,q_auto/league/vd6d30whi8wiiiflbsn0",HUD249055,,32004855-4424-9055-f87c-e7c52c379e52,,,
1999,NYJ,OL,C,65,ACT,John Hudson,John,Hudson,1968-01-29,74,270,,00-0007857,,,,,,,,,,"https://static.www.nfl.com/image/private/f_auto,q_auto/league/diufvx3pb3g0f3afnmku",HUD425788,,32004855-4442-5788-bdaa-e141c27dcbd0,,,
1999,ATL,DL,DT,91,CUT,Ben Huff,Ben,Huff,1975-02-21,76,297,,00-0007867,,,,,,,,,,"https://static.www.nfl.com/image/private/f_auto,q_auto/league/tutdgllx9rccx6pqvlvp",HUF077866,,32004855-4607-7866-2105-0b9dcad9a637,,,
1999,MIN,OL,OT,67,ACT,Jay Humphrey,Jay,Humphrey,1976-06-20,78,313,,00-0007913,,,,,,,,,,"https://static.www.nfl.com/image/private/f_auto,q_auto/league/xxafldwcwl5q7s7ignpl",HUM529494,,32004855-4d52-9494-9e76-c8824a749c36,,,
1999,CIN,WR,WR,85,ACT,James Hundon,James,Hundon,1971-04-09,73,173,,00-0007924,,,,,,,,,,"https://static.www.nfl.com/image/private/f_auto,q_auto/league/zfp97zv4va8mmjbsmhcx",HUN007790,,32004855-4e00-7790-d76d-266e56487960,,,
1999,GB,DL,DE,97,ACT,Cletidus Hunt,Cletidus,Hunt,1976-01-02,76,295,,00-0007929,,,,,,,,,,"https://static.www.nfl.com/image/private/f_auto,q_auto/league/xzg2chju0p40oekv9sif",HUN172193,,32004855-4e17-2193-7b49-0378fc8e4250,,,
1999,NO,OL,G,60,ACT,Robert Hunt,Robert,Hunt,1975-07-22,74,290,,00-0007937,,,,,,,,,,"https://static.www.nfl.com/image/private/f_auto,q_auto/league/mabei3ixjfzp3uydg2yl",HUN357144,,32004855-4e35-7144-ff87-9b8ab8ac3bf2,,,
1999,CHI,OL,G,67,ACT,Greg Huntington,Gregory,Huntington,1970-09-22,75,300,,00-0007967,,,,,,,,,,"https://static.www.nfl.com/image/private/f_auto,q_auto/league/gk2auxh9dpcpnzzpnpyq",HUN820452,,32004855-4e82-0452-7842-37767d4137a8,,,
1999,PIT,RB,RB,33,ACT,Richard Huntley,Richard,Huntley,1972-09-18,71,224,,00-0007969,,,,,,,,,,"https://static.www.nfl.com/image/private/f_auto,q_auto/league/zmxf2xs7wnrdw936z2x0",HUN825518,,32004855-4e82-5518-45a0-b561bc6f891f,,,
1999,OAK,SPEC,K,5,ACT,Michael Husted,Michael,Husted,1970-06-16,72,195,,00-0007983,,,,,,,,,,"https://static.www.nfl.com/image/private/f_auto,q_auto/league/ucgdprnqhuciao0hwlsn",HUS567222,,32004855-5356-7222-3195-683679915a94,,,
1999,DAL,OL,G,66,RES,Tony Hutson,Antonio,Hutson,1974-03-13,75,306,,00-0007992,,,,,,,,,,"https://static.www.nfl.com/image/private/f_auto,q_auto/league/i42saaxcm6lrqf1dv3xd",HUT731086,,32004855-5473-1086-5cd0-3dcc9379e8ee,,,
1999,MIA,SPEC,P,4,ACT,Tom Hutton,William,Hutton,1972-07-08,73,193,,00-0007993,,,,,,,,,,"https://static.www.nfl.com/image/private/f_auto,q_auto/league/l49fffdjyswn62dmzu0r",HUT786458,,32004855-5478-6458-3eb9-4439ab9c55b9,,,
1999,SD,DL,DE,91,RES,Israel Ifeanyichukwu,Israel,Ifeanyichukwu,1970-11-21,75,260,,00-0008001,,,,,,,,,,"https://static.www.nfl.com/image/private/f_auto,q_auto/league/tokst5okuppbdhucl8xx",IFE059326,,32004946-4505-9326-fb77-5b6e03443f20,,,
1999,JAX,OL,OT,67,ACT,Steve Ingram,Stephen,Ingram,1971-05-08,76,315,,00-0008027,,,,,,,,,,"https://static.www.nfl.com/image/private/f_auto,q_auto/league/staybdbleqfmccojt7l5",ING675714,,3200494e-4767-5714-bd22-15ffa592a09b,,,
1999,BUF,DB,CB,27,RES,Ken Irvin,Kenneth,Irvin,1972-07-11,70,186,,00-0008041,,,,,,,,,,"https://static.www.nfl.com/image/private/f_auto,q_auto/league/kome01ipnmmeqher6h36",IRV402310,,32004952-5640-2310-5a46-9c62fe2f748e,,,
1999,DAL,WR,WR,88,RES,Michael Irvin,Michael,Irvin,1966-03-05,74,207,,00-0008044,,,,,,,,,,"https://static.www.nfl.com/image/private/f_auto,q_auto/league/mlouuxe889hk8vdv1mqp",IRV622932,,32004952-5662-2932-dac2-7f4f2fdfb338,,,
1999,DET,RB,RB,33,ACT,Sedrick Irvin,Sedrick,Irvin,1978-03-30,71,226,,00-0008046,,,,,,,,,,"https://static.www.nfl.com/image/private/f_auto,q_auto/league/vcymupb12wzaefa8axe4",IRV685225,,32004952-5668-5225-dcb7-8c457f5ba5e4,,,
1999,NE,OL,G,63,ACT,Heath Irwin,Heath,Irwin,1973-06-27,76,300,,00-0008052,,,,,,,,,,"https://static.www.nfl.com/image/private/f_auto,q_auto/league/ptceienfo5dax3qv4xir",IRW357325,,32004952-5735-7325-422b-f86276f8c189,,,
1999,BAL,WR,WR,87,ACT,Qadry Ismail,Qadry,Ismail,1970-11-08,72,200,,00-0008059,,,,,,,,,,"https://static.www.nfl.com/image/private/f_auto,q_auto/league/ba06akhajd7zkxe3mefp",ISM059326,,32004953-4d05-9326-d9aa-f064f574912e,,,
1999,DAL,WR,WR,81,ACT,Raghib Ismail,Raghib,Ismail,1969-11-18,71,190,,00-0008060,,,,,,,,,,"https://static.www.nfl.com/image/private/f_auto,q_auto/league/oo0apk9npziklsrfwb30",ISM070576,,32004953-4d07-0576-73d3-0ac158a1e8fa,,,
1999,NE,DB,CB,21,ACT,Steve Israel,Steven,Israel,1969-03-16,71,194,,00-0008063,,,,,,,,,,"https://static.www.nfl.com/image/private/f_auto,q_auto/league/ulusd8v57limsjkx7a9y",ISR059326,,32004953-5205-9326-a0fb-116a5d42049d,,,
1999,MIA,LB,LB,53,ACT,Larry Izzo,Lawrence,Izzo,1974-09-26,70,228,,00-0008075,,,,,,,,,,"https://static.www.nfl.com/image/private/f_auto,q_auto/league/w5lt5oyfmcapdhhkagjl",IZZ474619,,3200495a-5a47-4619-14a4-76c2ec864f41,,,
1999,ARI,SPEC,K,13,ACT,Chris Jacke,Christopher,Jacke,1966-03-12,72,207,,00-0008080,,,,,,,,,,"https://static.www.nfl.com/image/private/f_auto,q_auto/league/dojp0h6u98xtzovhbty6",JAC009028,,32004a41-4300-9028-fced-c2e1e2c53dde,,,
1999,BAL,LB,LB,50,ACT,Brad Jackson,Bradley,Jackson,1975-01-11,72,230,,00-0008097,,,,,,,,,,"https://static.www.nfl.com/image/private/f_auto,q_auto/league/nwzdcdoqko9upehxh1cp",JAC055296,,32004a41-4305-5296-5daf-503050f77e8d,,,
1999,MIA,DB,S,38,ACT,Calvin Jackson,Calvin,Jackson,1972-10-28,69,195,,00-0008099,,,,,,,,,,"https://static.www.nfl.com/image/private/f_auto,q_auto/league/stfbzawexb7tsrtf7zbo",JAC056425,,32004a41-4305-6425-216a-c394df9c8555,,,
1999,TB,DB,DB,34,ACT,Dexter Jackson,Dexter,Jackson,1977-07-28,72,196,,00-0008115,,,,,,,,,,"https://static.www.nfl.com/image/private/f_auto,q_auto/league/ezmi6vswxetasp3b825f",JAC128971,,32004a41-4312-8971-45a6-51f3523ec22f,,,
1999,OAK,DL,DE,90,ACT,Grady Jackson,Grady,Jackson,1973-01-21,74,325,,00-0008124,,,,,,,,,,"https://static.www.nfl.com/image/private/f_auto,q_auto/league/vvflec6xdqf3ce2tuk4l",JAC185074,,32004a41-4318-5074-754d-b039054eb841,,,
1999,SD,DB,S,42,ACT,Greg Jackson,Greg,Jackson,1966-08-20,73,217,,00-0008126,,,,,,,,,,"https://static.www.nfl.com/image/private/f_auto,q_auto/league/aplfn1xfowqe6ttkors2",JAC189588,,32004a41-4318-9588-8b17-07c9ebbab031,,,
1999,SD,OL,OT,65,ACT,John Jackson,John,Jackson,1965-01-04,78,297,,00-0008142,,,,,,,,,,"https://static.www.nfl.com/image/private/f_auto,q_auto/league/il0hal08xtydy55f3dtu",JAC243756,,32004a41-4324-3756-e231-d3152c94fae9,,,
1999,JAX,WR,WR,83,ACT,Lenzie Jackson,Lenzie,Jackson,1977-06-17,72,187,,00-0008156,,,,,,,,,,"https://static.www.nfl.com/image/private/f_auto,q_auto/league/b7jovhxy05tc72ifrnj4",JAC349453,,32004a41-4334-9453-5422-d35b8bfda6df,,,
1999,CLE,DB,DB,31,ACT,Raymond Jackson,Raymond,Jackson,1973-02-17,70,189,,00-0008178,,,,,,,,,,"https://static.www.nfl.com/image/private/f_auto,q_auto/league/wgviotvvqbdr7idzn0lh",JAC467199,,32004a41-4346-7199-1f6b-bd2dfc8deb0d,,,
1999,BUF,TE,TE,88,ACT,Sheldon Jackson,Sheldon,Jackson,1976-07-24,75,250,,00-0008190,,,,,,,,,,"https://static.www.nfl.com/image/private/f_auto,q_auto/league/lawakulloducnhdhwvza",JAC546419,,32004a41-4354-6419-7ff2-c5a3d9cb8b8c,,,
1999,TEN,DB,DB,24,ACT,Steve Jackson,Steven,Jackson,1969-04-08,68,188,,00-0008193,,,,,,,,,,"https://static.www.nfl.com/image/private/f_auto,q_auto/league/u6vpsblldaisu32vxpvq",JAC564250,,32004a41-4356-4250-f0ea-459488a774ec,,,
1999,SF,RB,RB,22,ACT,Terry Jackson,Terrance,Jackson,1976-01-10,72,218,,00-0008196,,,,,,,,,,"https://static.www.nfl.com/image/private/f_auto,q_auto/league/qmtsrlywespfgjh2nv0j",JAC573278,,32004a41-4357-3278-48f9-c406641d6bd7,,,
1999,TB,DL,DE,97,ACT,Tyoka Jackson,Tyoka,Jackson,1971-11-22,74,280,,00-0008202,,,,,,,,,,"https://static.www.nfl.com/image/private/f_auto,q_auto/league/jwdaphwum7kw6z3rb4xy",JAC609390,,32004a41-4360-9390-1c54-d9acd3171ee9,,,
1999,KC,RB,RB,26,CUT,Vershan Jackson,Vershan,Jackson,1975-02-27,72,236,,00-0008203,,,,,,,,,,"https://static.www.nfl.com/image/private/f_auto,q_auto/league/brusfjejd1rfypfih2hn",JAC611647,,32004a41-4361-1647-6b79-be58da957020,,,
1999,IND,OL,G,74,ACT,Waverly Jackson,Waverly,Jackson,1972-12-19,74,310,,00-0008207,,,,,,,,,,"https://static.www.nfl.com/image/private/f_auto,q_auto/league/n4vzc0ov1ao7ppyoukzg",JAC636474,,32004a41-4363-6474-d345-47a429a4b15a,,,
1999,CIN,WR,WR,80,ACT,Willie Jackson,Willie,Jackson,1971-08-16,73,212,,00-0008210,,,,,,,,,,"https://static.www.nfl.com/image/private/f_auto,q_auto/league/jiidop8vptrkipivr7ba",JAC672586,,32004a41-4367-2586-d8bc-f12c9496bc33,,,
1999,KC,TE,TE,85,ACT,Mitch Jacoby,Mitchel,Jacoby,1973-12-08,76,260,,00-0008224,,,,,,,,,,"https://static.www.nfl.com/image/private/f_auto,q_auto/league/strjskbclrg5lcjt60qd",JAC805749,,32004a41-4380-5749-a9c6-50e6539a2701,,,
1999,SD,OL,G,64,RES,Kendyl Jacox,Kendyl,Jacox,1975-06-10,74,330,,00-0008225,,,,,,,,,,"https://static.www.nfl.com/image/private/f_auto,q_auto/league/rnmsbauumxnafxrpgnxt",JAC806877,,32004a41-4380-6877-6fca-9fd83833f0cc,,,
1999,MIA,WR,WR,88,ACT,Nate Jacquet,Nathaniel,Jacquet,1975-09-02,72,185,,00-0008229,,,,,,,,,,"https://static.www.nfl.com/image/private/f_auto,q_auto/league/hb6mjv02t3tx4jhpnsrw",JAC808006,,32004a41-4380-8006-8532-b9f4b019b131,,,
1999,CHI,SPEC,K,1,RES,Jeff Jaeger,Jeff,Jaeger,1964-11-26,71,190,,00-0008231,,,,,,,,,,"https://static.www.nfl.com/image/private/f_auto,q_auto/league/id1usg7bmqpep14krxdq",JAE415291,,32004a41-4541-5291-3f4c-76bf8e32795f,,,
1999,IND,RB,RB,32,ACT,Edgerrin James,Edgerrin,James,1978-08-01,72,216,,00-0008241,,,,,,,,,,"https://static.www.nfl.com/image/private/f_auto,q_auto/league/g7i6v01dasbvebawxwdm",JAM177189,,32004a41-4d17-7189-b6e7-03593bf4f214,,,
1999,DEN,DB,DB,20,ACT,Tory James,Tory,James,1973-05-18,73,195,,00-0008265,,,,,,,,,,"https://static.www.nfl.com/image/private/f_auto,q_auto/league/ob8tjozs9qbbhrkvnmkv",JAM653473,,32004a41-4d65-3473-9a1b-9cbd42990584,,,
1999,WAS,OL,OT,76,ACT,Jon Jansen,Jonathan,Jansen,1976-01-28,78,302,,00-0008271,,,,,,,,,,"https://static.www.nfl.com/image/private/f_auto,q_auto/league/oxhb5zym1vyrnivrwsmc",JAN692150,,32004a41-4e69-2150-dcc6-4dd3eccc4471,,,
1999,DET,OL,OT,69,ACT,Paul Janus,Paul,Janus,1975-03-17,76,294,,00-0008274,,,,,,,,,,"https://static.www.nfl.com/image/private/f_auto,q_auto/league/thhwfhiasqash7s2uamc",JAN788708,,32004a41-4e78-8708-9e79-fa959e9820c4,,,
1999,ATL,DL,DT,95,ACT,Ed Jasper,Edward,Jasper,1973-01-18,74,305,,00-0008284,,,,,,,,,,"https://static.www.nfl.com/image/private/f_auto,q_auto/league/b806ubevop7scbqt1hkd",JAS254361,,32004a41-5325-4361-f1d8-d4470520a30e,,,
1999,CAR,WR,WR,83,ACT,Patrick Jeffers,Patrick,Jeffers,1973-02-02,75,217,,00-0008300,,,,,,,,,,"https://static.www.nfl.com/image/private/f_auto,q_auto/league/uif3iqebqlddxpovavzd",JEF095384,,32004a45-4609-5384-c8fc-2412e970186a,,,
1999,PHI,DL,DE,79,ACT,Greg Jefferson,Greg,Jefferson,1971-08-31,75,280,,00-0008306,,,,,,,,,,"https://static.www.nfl.com/image/private/f_auto,q_auto/league/shpelz7caqst4yujv8ib",JEF185396,,32004a45-4618-5396-9d3e-c63ab0d55b16,,,
1999,NE,WR,WR,84,ACT,Shawn Jefferson,Vanchi,Jefferson,1969-02-22,71,180,,00-0008313,,,,,,,,,,"https://static.www.nfl.com/image/private/f_auto,q_auto/league/jctxmibkhfjtrcms8qjc",JEF449895,,32004a45-4644-9895-ac45-a3133fd251ed,,,
1999,MIA,DB,DB,25,ACT,Greg Jeffries,Greg,Jeffries,1971-10-16,69,195,,00-0008323,,,,,,,,,,"https://static.www.nfl.com/image/private/f_auto,q_auto/league/evsfnav2fknu9rjhylsa",JEF734740,,32004a45-4673-4740-f09b-872b10c528a8,,,
1999,PHI,WR,WR,83,ACT,Dietrich Jells,Dietrich,Jells,1972-04-11,70,185,,00-0008329,,,,,,,,,,"https://static.www.nfl.com/image/private/f_auto,q_auto/league/mjwaemj7uzfuyooruuxn",JEL636435,,32004a45-4c63-6435-83ad-2cb5371fadf0,,,
1999,STL,DB,S,22,ACT,Billy Jenkins,Billy,Jenkins,1974-07-08,70,205,,00-0008335,,,,,,,,,,"https://static.www.nfl.com/image/private/f_auto,q_auto/league/blyuwifxqqfqo9umccm1",JEN162218,,32004a45-4e16-2218-f1dc-b42fdb35ff7a,,,
1999,BAL,DB,CB,25,ACT,DeRon Jenkins,DeRon,Jenkins,1973-11-14,71,190,,00-0008339,,,,,,,,,,"https://static.www.nfl.com/image/private/f_auto,q_auto/league/ligmwtf0vce2tjolzjka",JEN178440,,32004a45-4e17-8440-d701-012b85b7bc82,,,
1999,WAS,TE,TE,88,ACT,James Jenkins,James,Jenkins,1967-08-17,74,249,,00-0008346,,,,,,,,,,"https://static.www.nfl.com/image/private/f_auto,q_auto/league/gymbc1fnzr84btzwwnxs",JEN268550,,32004a45-4e26-8550-1f75-e14177913248,,,
1999,NYJ,OL,G,71,ACT,Kerry Jenkins,Kerry,Jenkins,1973-09-06,77,305,,00-0008351,,,,,,,,,,"https://static.www.nfl.com/image/private/f_auto,q_auto/league/heyqkh1z1xtrnjyspvee",JEN320898,,32004a45-4e32-0898-a1f7-02b3cb0607a2,,,
1999,ARI,WR,WR,19,ACT,MarTay Jenkins,MarTay,Jenkins,1975-02-28,71,203,,00-0008357,,,,,,,,,,"https://static.www.nfl.com/image/private/f_auto,q_auto/league/ihmw6wquw6ltwkv9faym",JEN397575,,32004a45-4e39-7575-4db3-07d3b9b56947,,,
1999,SEA,WR,WR,19,CUT,Mike Jenkins,Michael,Jenkins,1974-08-25,75,191,,00-0008360,,,,,,,,,,"https://static.www.nfl.com/image/private/f_auto,q_auto/league/bukf7kndy395hsezcnrm",JEN421768,,32004a45-4e42-1768-ec45-5328e61dc4d5,,,
1999,CAR,LB,LB,53,RES,Jerry Jensen,Jerry,Jensen,1975-02-26,72,235,,00-0008383,,,,,,,,,,"https://static.www.nfl.com/image/private/f_auto,q_auto/league/hzwgtf7klnkqshoq9o4i",JEN737240,,32004a45-4e73-7240-1197-c829379a7b91,,,
1999,SF,RB,RB,32,ACT,Travis Jervey,Travis,Jervey,1972-05-05,72,222,,00-0008391,,,,,,,,,,"https://static.www.nfl.com/image/private/f_auto,q_auto/league/k3skuauokzyykhxxyyxe",JER599865,,32004a45-5259-9865-65cb-92a7dc18c54b,,,
1999,OAK,WR,WR,82,ACT,James Jett,James,Jett,1970-12-28,70,170,,00-0008400,,,,,,,,,,"https://static.www.nfl.com/image/private/f_auto,q_auto/league/adqgmo5pmowzs7vk4qcx",JET633634,,32004a45-5463-3634-239e-32195586c7c4,,,
1999,DET,SPEC,P,19,ACT,John Jett,John,Jett,1968-11-11,72,197,,00-0008401,,,,,,,,,,"https://static.www.nfl.com/image/private/f_auto,q_auto/league/zn5tbb8uwcxtahmix8kk",JET645634,,32004a45-5464-5634-ef5d-0b949d5416e8,,,
1999,CAR,RB,RB,23,ACT,Anthony Johnson,Anthony,Johnson,1967-10-25,72,225,,00-0008430,,,,,,,,,,"https://static.www.nfl.com/image/private/f_auto,q_auto/league/n8lrvxidbxfpitenqrg3",JOH058284,,32004a4f-4805-8284-6362-ca5328e5b6d2,,,
1999,PHI,DL,DT,94,CUT,Bill Johnson,William,Johnson,1968-12-08,76,305,,00-0008435,,,,,,,,,,"https://static.www.nfl.com/image/private/f_auto,q_auto/league/xzml9qewwkv3sllpcnp8",JOH760120,,32004a4f-4876-0120-8130-696eba779d5a,,,
1999,WAS,QB,QB,14,ACT,Brad Johnson,James,Johnson,1968-09-13,77,224,,00-0008442,,,,,,,,,,"https://static.www.nfl.com/image/private/f_auto,q_auto/league/rnzt7iobyak7at4wf6uf",JOH322990,,32004a4f-4832-2990-ebe9-e63df84376d5,,,
1999,PHI,WR,WR,81,RES,Charles Johnson,Charles,Johnson,1972-01-03,72,200,,00-0008454,,,,,,,,,,"https://static.www.nfl.com/image/private/f_auto,q_auto/league/zhegs7umppomxakfo8yj",JOH118334,,32004a4f-4811-8334-1cf7-bed77680530c,,,
1999,DEN,DB,DB,25,ACT,Darrius Johnson,Darrius,Johnson,1973-05-18,69,185,,00-0008471,,,,,,,,,,"https://static.www.nfl.com/image/private/f_auto,q_auto/league/k4xlgjtdueorh1kwg32d",JOH167566,,32004a4f-4816-7566-ddd6-272cb5cf5073,,,
1999,SEA,RB,RB,41,RES,Dustin Johnson,Dustin,Johnson,1973-08-05,73,235,,00-0008488,,,,,,,,,,"https://static.www.nfl.com/image/private/f_auto,q_auto/league/spk8tkik8pzm5k9olbb2",JOH212493,,32004a4f-4821-2493-ec73-64ed694801b0,,,
1999,IND,DL,DT,62,ACT,Ellis Johnson,Ellis,Johnson,1973-10-30,74,292,,00-0008494,,,,,,,,,,"https://static.www.nfl.com/image/private/f_auto,q_auto/league/gwg2raaxce3h2txtbubv",JOH220993,,32004a4f-4822-0993-3282-4dfceede87d0,,,
1999,MIA,RB,RB,32,ACT,J.J. Johnson,James,Johnson,1974-04-20,73,230,,00-0008529,,,,,,,,,,"https://static.www.nfl.com/image/private/f_auto,q_auto/league/vz4fy0fwi4wxzv9ber62",JOH324204,,32004a4f-4832-4204-2385-d73c478e0ee7,,,
1999,IND,OL,C,59,ACT,Jason Johnson,Jason,Johnson,1974-02-06,75,290,,00-0008532,,,,,,,,,,"https://static.www.nfl.com/image/private/f_auto,q_auto/league/gu1sova9yfn5kqowjkne",JOH339585,,32004a4f-4833-9585-16b9-6a789bf5b562,,,
1999,NO,DL,DE,94,RES,Joe Johnson,Joseph,Johnson,1972-07-11,76,270,,00-0008541,,,,,,,,,,"https://static.www.nfl.com/image/private/f_auto,q_auto/league/nck2thlykevyw2x9l2sy",JOH390894,,32004a4f-4839-0894-c785-fd83a0953e19,,,
1999,CLE,WR,WR,85,ACT,Kevin Johnson,Kevin,Johnson,1976-07-15,71,188,,00-0008560,,,,,,,,,,"https://static.www.nfl.com/image/private/f_auto,q_auto/league/lr8rbensv8xvwd8sdue2",JOH399248,,32004a4f-4839-9248-ca11-a7e07d215c2f,,,
1999,NYJ,WR,WR,19,ACT,Keyshawn Johnson,Keyshawn,Johnson,1972-07-22,75,212,,00-0008561,,,,,,,,,,"https://static.www.nfl.com/image/private/f_auto,q_auto/league/oq8amqfd5dkugc2mdmsk",JOH399395,,32004a4f-4839-9395-d7fc-5b3976e18692,,,
1999,NE,SPEC,P,10,ACT,Lee Johnson,Leland,Johnson,1961-11-27,74,200,,00-0008566,,,,,,,,,,"https://static.www.nfl.com/image/private/f_auto,q_auto/league/qqwycnjlplkderuuqdpw",JOH399531,,32004a4f-4839-9531-2a88-ad766c1ea932,,,
1999,NYJ,RB,RB,32,RES,Leon Johnson,William,Johnson,1974-07-13,72,218,,00-0008568,,,,,,,,,,"https://static.www.nfl.com/image/private/f_auto,q_auto/league/s0dnz6k8biz2cgmsczds",JOH770022,,32004a4f-4877-0022-de85-f42d0c0bd6fa,,,
1999,NYG,RB,RB,23,ACT,LeShon Johnson,LeShon,Johnson,1971-01-15,72,215,,00-0008570,,,,,,,,,,"https://static.www.nfl.com/image/private/f_auto,q_auto/league/ysq10o0gvcxoy2ry9ukg",JOH400051,,32004a4f-4840-0051-b022-b9952a6af7e2,,,
1999,KC,TE,TE,83,ACT,Lonnie Johnson,Lonnie,Johnson,1971-02-14,75,246,,00-0008572,,,,,,,,,,"https://static.www.nfl.com/image/private/f_auto,q_auto/league/qoxkv4dxscj2irwa9qes",JOH418801,,32004a4f-4841-8801-8d22-5dcd7e846b72,,,
1999,PIT,WR,WR,83,ACT,Malcolm Johnson,Malcolm,Johnson,1977-08-27,77,215,,00-0008575,,,,,,,,,,"https://static.www.nfl.com/image/private/f_auto,q_auto/league/ijzzyssojlp2tbp8vlro",JOH488421,,32004a4f-4848-8421-2fdc-0cc5e8d2fb08,,,
1999,PHI,SPEC,K,9,ACT,Norm Johnson,Norman,Johnson,1960-05-31,74,210,,00-0008593,,,,,,,,,,"https://static.www.nfl.com/image/private/f_auto,q_auto/league/wdhcut1fjkdtpzvsxyqm",JOH553698,,32004a4f-4855-3698-f890-86772850dca4,,,
1999,NYJ,LB,LB,52,TRC,Olrick Johnson,Olrick,Johnson,1977-08-20,72,244,,00-0008594,,,,,,,,,,"https://static.www.nfl.com/image/private/f_auto,q_auto/league/e844fa52lxtr0dbr2id6",JOH564345,,32004a4f-4856-4345-fcf3-0dd3e1735b92,,,
1999,MIN,LB,LB,55,ACT,Olrick Johnson,Olrick,Johnson,1977-08-20,72,244,,00-0008594,,,,,,,,,,"https://static.www.nfl.com/image/private/f_auto,q_auto/league/e844fa52lxtr0dbr2id6",JOH564345,,32004a4f-4856-4345-fcf3-0dd3e1735b92,,,
1999,ARI,DB,DB,46,RES,Paris Johnson,Paris,Johnson,1976-01-18,74,207,,00-0008595,,,,,,,,,,"https://static.www.nfl.com/image/private/f_auto,q_auto/league/mqp6g6795ykmvdqk1ax5",JOH569202,,32004a4f-4856-9202-356c-81d229489445,,,
1999,BAL,WR,WR,83,ACT,Pat Johnson,Patrick,Johnson,1976-08-10,70,180,,00-0008598,,,,,,,,,,"https://static.www.nfl.com/image/private/f_auto,q_auto/league/bhpufy3mq9irmt3jp0in",JOH570510,,32004a4f-4857-0510-3fbb-55a70655e5a6,,,
1999,SD,DL,DE,99,ACT,Raylee Johnson,Raylee,Johnson,1970-06-01,75,272,,00-0008603,,,,,,,,,,"https://static.www.nfl.com/image/private/f_auto,q_auto/league/hoyajow2aken2a9iiv63",JOH594982,,32004a4f-4859-4982-7e62-401f53dffbb6,,,
1999,BUF,QB,QB,11,ACT,Rob Johnson,Rob,Johnson,1973-03-18,76,212,,00-0008612,,,,,,,,,,"https://static.www.nfl.com/image/private/f_auto,q_auto/league/uz2yoboeoow7si4hmtds",JOH625847,,32004a4f-4862-5847-407b-2a2156b13b38,,,
1999,NE,LB,MLB,52,ACT,Ted Johnson,Ted,Johnson,1972-12-04,76,250,,00-0008629,,,,,,,,,,"https://static.www.nfl.com/image/private/f_auto,q_auto/league/oknclao3zdnfc1brj66e",JOH677551,,32004a4f-4867-7551-a0bf-83494715fd0b,,,
1999,NO,TE,TE,80,CUT,Tony Johnson,Tony,Johnson,1972-02-05,77,255,,00-0008637,,,,,,,,,,"https://static.www.nfl.com/image/private/f_auto,q_auto/league/x5jodidltkl7ycfnwheo",JOH694146,,32004a4f-4869-4146-7cd5-b8008e6a470b,,,
1999,WAS,OL,G,77,ACT,Tre' Johnson,Edward,Johnson,1971-08-30,74,326,,00-0008640,,,,,,,,,,"https://static.www.nfl.com/image/private/f_auto,q_auto/league/rf9l6wiymbwdgsejz23c",JOH219779,,32004a4f-4821-9779-ce99-c4e7b421e05b,,,
1999,DAL,RB,RB,48,RES,Daryl Johnston,Daryl,Johnston,1966-02-10,74,242,,00-0008660,,,,,,,,,,"https://static.www.nfl.com/image/private/f_auto,q_auto/league/oedbekojj3qxlibchwuo",JOH806262,,32004a4f-4880-6262-e845-e382d5c1077e,,,
1999,OAK,DL,DE,51,ACT,Lance Johnstone,Lance,Johnstone,1973-06-11,76,250,,00-0008664,,,,,,,,,,"https://static.www.nfl.com/image/private/f_auto,q_auto/league/ovghx4ssbjbgcxzddemd",JOH828137,,32004a4f-4882-8137-7b0f-7385e137509a,,,
1999,NYG,DL,DE,94,ACT,Cedric Jones,Cedric,Jones,1974-04-30,76,275,,00-0008703,,,,,,,,,,"https://static.www.nfl.com/image/private/f_auto,q_auto/league/kk9zvv7mikxfeztfk6kq",JON156134,,32004a4f-4e15-6134-67b6-6128d527adfd,,,
1999,SD,WR,WR,82,ACT,Charlie Jones,Charlie,Jones,1972-12-01,68,175,,00-0008704,,,,,,,,,,"https://static.www.nfl.com/image/private/f_auto,q_auto/league/hg3do6v7wulxxotxtsw0",JON161117,,32004a4f-4e16-1117-fd86-236f43493afa,,,
1999,OAK,WR,WR,88,CUT,Chris T. Jones,Christopher,Jones,1971-08-07,75,209,,00-0008709,,,,,,,,,,"https://static.www.nfl.com/image/private/f_auto,q_auto/league/jfchxnvh0zqvdqhnqjbx",JON162778,,32004a4f-4e16-2778-8041-e25f5b8c693b,,,
1999,CAR,OL,OT,75,ACT,Clarence Jones,Clarence,Jones,1968-05-06,78,300,,00-0008711,,,,,,,,,,"https://static.www.nfl.com/image/private/f_auto,q_auto/league/wjxegkkxajug7swdngco",JON171913,,32004a4f-4e17-1913-7f1a-aa57201c7f65,,,
1999,JAX,TE,TE,88,ACT,Damon Jones,Damon,Jones,1974-09-18,77,266,,00-0008723,,,,,,,,,,"https://static.www.nfl.com/image/private/f_auto,q_auto/league/zlfuxjqsyyacyslywrba",JON191015,,32004a4f-4e19-1015-baf2-f78463166531,,,
1999,CAR,LB,LB,54,ACT,Donta Jones,Markeysia,Jones,1972-08-27,74,235,,00-0008738,,,,,,,,,,"https://static.www.nfl.com/image/private/f_auto,q_auto/league/llol0m04sh2qvpuv0zev",JON591316,,32004a4f-4e59-1316-c6ee-65dbef0fadf1,,,
1999,CAR,LB,LB,59,ACT,Ernest Jones,Ernest,Jones,1971-04-01,74,255,,00-0008745,,,,,,,,,,"https://static.www.nfl.com/image/private/f_auto,q_auto/league/mg6e3spfi0x2znzxr918",JON295658,,32004a4f-4e29-5658-3b12-464b9824eafc,,,
1999,SD,TE,TE,88,ACT,Freddie Jones,Freddie,Jones,1974-09-16,77,270,,00-0008749,,,,,,,,,,"https://static.www.nfl.com/image/private/f_auto,q_auto/league/gfqlhiqdcrxyuzbemvjw",JON318912,,32004a4f-4e31-8912-615c-5130cfea1c2c,,,
1999,CLE,RB,RB,43,CUT,George Jones,George,Jones,1973-12-31,69,212,,00-0008751,,,,,,,,,,"https://static.www.nfl.com/image/private/f_auto,q_auto/league/mzwnxxg3zmvwjmhuubuf",JON335522,,32004a4f-4e33-5522-96d4-75562bf61b63,,,
1999,WAS,LB,OLB,54,ACT,Greg Jones,Gregory,Jones,1974-05-22,76,238,,00-0008755,,,,,,,,,,"https://static.www.nfl.com/image/private/f_auto,q_auto/league/cl2faeghfqkw3gsxdogu",JON355454,,32004a4f-4e35-5454-2dec-2c5597592ee8,,,
1999,BUF,DB,S,20,ACT,Henry Jones,Henry,Jones,1967-12-29,72,197,,00-0008761,,,,,,,,,,"https://static.www.nfl.com/image/private/f_auto,q_auto/league/p1gc0p1pyncnfioaghag",JON382030,,32004a4f-4e38-2030-edd4-27f7ae4ce1b2,,,
1999,IND,WR,WR,15,ACT,Isaac Jones,Isaac,Jones,1975-12-07,72,190,,00-0008763,,,,,,,,,,"https://static.www.nfl.com/image/private/f_auto,q_auto/league/neuy89dusrqe6sagkcjr",JON403623,,32004a4f-4e40-3623-9218-70c35562bc58,,,
1999,DET,DL,NT,98,ACT,James Jones,James,Jones,1969-02-06,74,295,,00-0008764,,,,,,,,,,"https://static.www.nfl.com/image/private/f_auto,q_auto/league/kbkmkymsbconfuppt76w",JON423001,,32004a4f-4e42-3001-3e7f-1951a3756336,,,
1999,NYJ,DB,DB,22,TRC,Jermaine Jones,Jermaine,Jones,1976-07-25,68,173,,00-0008775,,,,,,,,,,"https://static.www.nfl.com/image/private/f_auto,q_auto/league/vbizdstvq94mgkr5flqy",JON461342,,32004a4f-4e46-1342-93cf-5f0717918988,,,
1999,CHI,DB,DB,26,ACT,Jermaine Jones,Jermaine,Jones,1976-07-25,68,173,,00-0008775,,,,,,,,,,"https://static.www.nfl.com/image/private/f_auto,q_auto/league/vbizdstvq94mgkr5flqy",JON461342,,32004a4f-4e46-1342-93cf-5f0717918988,,,
1999,DEN,OL,C,60,ACT,K.C. Jones,Kirk,Jones,1974-03-28,73,275,,00-0008790,,,,,,,,,,"https://static.www.nfl.com/image/private/f_auto,q_auto/league/hinslik6rwb5k0sffpsa",JON521554,,32004a4f-4e52-1554-1ade-802fac7cbf5d,,,
1999,CLE,LB,LB,51,ACT,Lenoy Jones,Lenoy,Jones,1974-09-25,73,235,,00-0008811,,,,,,,,,,"https://static.www.nfl.com/image/private/f_auto,q_auto/league/yjhswayiab8hgvygzsvi",JON570864,,32004a4f-4e57-0864-4430-b8ebe9e7b756,,,
1999,TB,DL,DE,78,ACT,Marcus Jones,Marcus,Jones,1973-08-15,78,278,,00-0008817,,,,,,,,,,"https://static.www.nfl.com/image/private/f_auto,q_auto/league/zmcq3k44umnxvsyomlvm",JON587994,,32004a4f-4e58-7994-3908-3f8fe7e4330c,,,
1999,NYJ,LB,ILB,55,ACT,Marvin Jones,Marvin,Jones,1972-06-28,74,250,,00-0008819,,,,,,,,,,"https://static.www.nfl.com/image/private/f_auto,q_auto/league/knwtniudmpy9panaodxi",JON602943,,32004a4f-4e60-2943-8b14-8d6f87c7f84b,,,
1999,STL,LB,OLB,52,ACT,Mike A. Jones,Michael,Jones,1969-04-15,73,240,,00-0008823,,,,,,,,,,"https://static.www.nfl.com/image/private/f_auto,q_auto/league/tkclzfranaq3dmqlyicl",JON624161,,32004a4f-4e62-4161-3e39-bc19382d0faa,,,
1999,TEN,DL,DT,96,ACT,Mike D. Jones,Michael,Jones,1969-08-25,76,280,,00-0008831,,,,,,,,,,"https://static.www.nfl.com/image/private/f_auto,q_auto/league/kha6st3eblt02jcdibxn",JON626348,,32004a4f-4e62-6348-f580-0cde7fa2478b,,,
1999,MIA,LB,OLB,52,ACT,Robert Jones,Robert,Jones,1969-09-27,75,245,,00-0008853,,,,,,,,,,"https://static.www.nfl.com/image/private/f_auto,q_auto/league/svr9lietnloxxgyhbbia",JON680271,,32004a4f-4e68-0271-791d-5ad5de585f9a,,,
1999,CIN,OL,OT,60,ACT,Rod Jones,Rodrek,Jones,1974-01-11,76,325,,00-0008856,,,,,,,,,,"https://static.www.nfl.com/image/private/f_auto,q_auto/league/d91e1ua5qr0lecbkliri",JON698616,,32004a4f-4e69-8616-4175-80834434976a,,,
1999,NE,DB,DB,34,RES,Tebucky Jones,Tebucky,Jones,1974-10-06,74,219,,00-0008874,,,,,,,,,,"https://static.www.nfl.com/image/private/f_auto,q_auto/league/w7ezmsktti2pwipjeudd",JON732501,,32004a4f-4e73-2501-ffd9-d4bae4c71c8e,,,
1999,DEN,OL,OT,77,RES,Tony Jones,Tony,Jones,1966-05-24,77,291,,00-0008886,,,,,,,,,,"https://static.www.nfl.com/image/private/f_auto,q_auto/league/aspjoltl7eqqgvytapgq",JON764060,,32004a4f-4e76-4060-3259-3dbb674a70de,,,
1999,SEA,OL,OT,71,ACT,Walter Jones,Walter,Jones,1974-01-19,77,300,,00-0008894,,,,,,,,,,"https://static.www.nfl.com/image/private/f_auto,q_auto/league/x1cyk4dzlwh0wk23iuj6",JON795619,,32004a4f-4e79-5619-448b-e3a33acead60,,,
1999,MIN,TE,TE,85,ACT,Andrew Jordan,Andrew,Jordan,1972-06-21,78,272,,00-0008903,,,,,,,,,,"https://static.www.nfl.com/image/private/f_auto,q_auto/league/y2cvjdo8a17lostznqh9",JOR024862,,32004a4f-5202-4862-3613-96727abd160b,,,
1999,GB,WR,WR,82,ACT,Charles Jordan,Charles,Jordan,1969-10-09,71,185,,00-0008907,,,,,,,,,,"https://static.www.nfl.com/image/private/f_auto,q_auto/league/hrkfklazca8kgduppobu",JOR061724,,32004a4f-5206-1724-ece8-c6413cdd76fa,,,
1999,SEA,WR,WR,82,TRC,Charles Jordan,Charles,Jordan,1969-10-09,71,185,,00-0008907,,,,,,,,,,"https://static.www.nfl.com/image/private/f_auto,q_auto/league/hrkfklazca8kgduppobu",JOR061724,,32004a4f-5206-1724-ece8-c6413cdd76fa,,,
1999,OAK,RB,RB,28,ACT,Randy Jordan,Randy,Jordan,1970-06-06,71,215,,00-0008921,,,,,,,,,,"https://static.www.nfl.com/image/private/f_auto,q_auto/league/qikom0sqarsx06xny7co",JOR529642,,32004a4f-5252-9642-1a48-d2b01c5ff837,,,
1999,DET,LB,LB,99,RES,Richard Jordan,Richard,Jordan,1974-12-01,73,256,,00-0008922,,,,,,,,,,"https://static.www.nfl.com/image/private/f_auto,q_auto/league/suwzdicaxpwisck7vc9z",JOR535661,,32004a4f-5253-5661-2277-453d966585e6,,,
1999,TB,LB,LB,0,ACT,Antony Jordan,Antony,Jordan,1974-12-19,74,234,,00-0008934,,,,,,,,,,"https://static.www.nfl.com/image/private/f_auto,q_auto/league/zpwrzifc7ngbhjxdpjl9",JOR033299,,32004a4f-5203-3299-68d8-694eb126deb1,,,
1999,SEA,DB,S,28,ACT,Kerry Joseph,Kerry,Joseph,1973-10-04,74,205,,00-0008941,,,,,,,,,,"https://static.www.nfl.com/image/private/f_auto,q_auto/league/ymtlsixltbfcy9j4qwev",JOS223895,,32004a4f-5322-3895-d2c3-49f74c5b015c,,,
1999,ARI,OL,OT,73,ACT,Matt Joyce,Matthew,Joyce,1972-03-30,79,305,,00-0008950,,,,,,,,,,"https://static.www.nfl.com/image/private/f_auto,q_auto/league/z7feqnbkkjg8u3mkxnoo",JOY185396,,32004a4f-5918-5396-928d-38f58c2cca43,,,
1999,ARI,TE,TE,86,ACT,Trey Junkin,Abner,Junkin,1961-01-23,74,245,,00-0008961,,,,,,,,,,"https://static.www.nfl.com/image/private/f_auto,q_auto/league/coo5knlaa6axzkrzq2rs",JUN498348,,32004a55-4e49-8348-c78d-09386823c18a,,,
1999,NYG,WR,WR,84,ACT,Joe Jurevicius,Joe,Jurevicius,1974-12-23,77,230,,00-0008962,,,,,,,,,,"https://static.www.nfl.com/image/private/f_auto,q_auto/league/b9o3kktlagtklqzoq2f1",JUR075490,,32004a55-5207-5490-b04e-8e00a7fdce5f,,,
1999,CLE,DL,DT,67,RES,John Jurkovic,Ivan,Jurkovic,1967-08-18,74,301,,00-0008966,,,,,,,,,,"https://static.www.nfl.com/image/private/f_auto,q_auto/league/c5lhaqgi8snnr9c2fc68",JUR606770,,32004a55-5260-6770-2180-f4e108a09fdd,,,
1999,STL,QB,QB,16,ACT,Paul Justin,Paul,Justin,1968-05-19,76,211,,00-0008970,,,,,,,,,,"https://static.www.nfl.com/image/private/f_auto,q_auto/league/wagwpbdf4lfhf4qjwke8",JUS640238,,32004a55-5364-0238-649b-3ed4cabf165a,,,
1999,DAL,DB,DB,20,ACT,Jason Kaiser,Jason,Kaiser,1973-11-09,72,190,,00-0008992,,,,,,,,,,"https://static.www.nfl.com/image/private/f_auto,q_auto/league/aumw9dnuezyc6s21zdby",KAI543222,,32004b41-4954-3222-f6d3-3c104ea44957,,,
1999,WAS,DL,DE,72,ACT,N. D. Kalu,Ndukwe,Kalu,1975-08-03,75,246,,00-0009001,,,,,,,,,,"https://static.www.nfl.com/image/private/f_auto,q_auto/league/ntyah8tgcucbzzo6avo1",KAL726758,,32004b41-4c72-6758-3775-e419565b2668,,,
1999,ATL,QB,QB,13,RES,Danny Kanell,Daniel,Kanell,1973-11-21,75,220,,00-0009007,,,,,,,,,,"https://static.www.nfl.com/image/private/f_auto,q_auto/league/xfagnwy90alhzdypsnn4",KAN382648,,32004b41-4e38-2648-b46a-bf8ba735797a,,,
1999,CAR,SPEC,K,4,RES,John Kasay,John,Kasay,1969-10-27,70,198,,00-0009028,,,,,,,,,,"https://static.www.nfl.com/image/private/f_auto,q_auto/league/t7fvhg0upkp9gojwojx7",KAS023070,,32004b41-5302-3070-bece-a9bec4adbea8,,,
1999,NE,LB,MLB,59,ACT,Andy Katzenmoyer,Andrew,Katzenmoyer,1977-12-02,75,255,,00-0009034,,,,,,,,,,"https://static.www.nfl.com/image/private/f_auto,q_auto/league/qgehoiae56vztlcpwlys",KAT813632,,32004b41-5481-3632-f4ab-40d1ce9b4e73,,,
1999,OAK,RB,RB,26,ACT,Napoleon Kaufman,Napoleon,Kaufman,1973-06-07,69,185,,00-0009038,,,,,,,,,,"https://static.www.nfl.com/image/private/f_auto,q_auto/league/jvxth3bcfblxhpihc2rw",KAU366462,,32004b41-5536-6462-6e0c-681e32069545,,,
1999,TEN,DL,DE,90,ACT,Jevon Kearse,Jevon,Kearse,1976-09-03,76,265,,00-0009056,,,,,,,,,,"https://static.www.nfl.com/image/private/f_auto,q_auto/league/vzzggm9uhlwjegqbnipq",KEA517299,,32004b45-4151-7299-95d9-b2f93a0da64e,,,
1999,TB,DB,DB,25,ACT,Brian Kelly,Brian,Kelly,1976-01-14,71,193,,00-0009106,,,,,,,,,,"https://static.www.nfl.com/image/private/f_auto,q_auto/league/t4idw8nv2wvicswnxhmr",KEL509580,,32004b45-4c50-9580-ed4d-df08832bd4f1,,,
1999,ATL,LB,LB,51,ACT,Jeff Kelly,Jeff,Kelly,1975-12-13,71,256,,00-0009110,,,,,,,,,,"https://static.www.nfl.com/image/private/f_auto,q_auto/league/b7dg2msbqx5uaajcr9z6",KEL619353,,32004b45-4c61-9353-3f2f-c6cd8afc6831,,,
1999,ATL,TE,TE,89,ACT,Reggie Kelly,Reginald,Kelly,1977-02-22,75,250,,00-0009119,,,,,,,,,,"https://static.www.nfl.com/image/private/f_auto,q_auto/league/zbvjncchkjeesxaa4lou",KEL732070,,32004b45-4c73-2070-7131-c722f5590530,,,
1999,NO,DB,FS,44,ACT,Rob Kelly,Robert,Kelly,1974-06-21,72,199,,00-0009120,,,,,,,,,,"https://static.www.nfl.com/image/private/f_auto,q_auto/league/fguvk9vsyqrj1sf32seq",KEL733257,,32004b45-4c73-3257-28e3-947abee47791,,,
1999,PIT,LB,LB,97,ACT,Chad Kelsay,Chad,Kelsay,1977-04-09,74,252,,00-0009125,,,,,,,,,,"https://static.www.nfl.com/image/private/f_auto,q_auto/league/lycuye3tqipuw4ojhtwy",KEL772411,,32004b45-4c77-2411-bb72-732eaceaf7f9,,,
1999,SEA,OL,G,66,ACT,Pete Kendall,Peter,Kendall,1973-07-09,77,292,,00-0009137,,,,,,,,,,"https://static.www.nfl.com/image/private/f_auto,q_auto/league/ktm1r6dsrjmjviysteyc",KEN043723,,32004b45-4e04-3723-1ad6-ef5570bd45a1,,,
1999,SF,DL,DT,75,ACT,Matt Keneley,Matthew,Keneley,1973-12-01,77,295,,00-0009141,,,,,,,,,,"https://static.www.nfl.com/image/private/f_auto,q_auto/league/czsde2kiagiihret9noc",KEN119392,,32004b45-4e11-9392-7ff6-d6a412a465de,,,
1999,SEA,DL,DT,96,ACT,Cortez Kennedy,Cortez,Kennedy,1968-08-23,75,306,,00-0009148,,,,,,,,,,"https://static.www.nfl.com/image/private/f_auto,q_auto/league/pvge87lv7e5y1rcupvsv",KEN365453,,32004b45-4e36-5453-732a-1dadfe2da573,,,
1999,OAK,OL,OT,72,ACT,Lincoln Kennedy,Tamerlane,Kennedy,1971-02-12,78,335,,00-0009150,,,,,,,,,,"https://static.www.nfl.com/image/private/f_auto,q_auto/league/jnop4selxqds96wm1vtw",KEN555041,,32004b45-4e55-5041-8a16-1fafaa8e0b70,,,
1999,NO,WR,WR,82,ACT,Eddie Kennison,Eddie,Kennison,1973-01-20,72,195,,00-0009163,,,,,,,,,,"https://static.www.nfl.com/image/private/f_auto,q_auto/league/wh50rjege8ht41ht5yw9",KEN711183,,32004b45-4e71-1183-a177-5c53793fcd4b,,,
1999,TEN,WR,WR,86,ACT,Joey Kent,Joseph,Kent,1974-04-23,73,191,,00-0009165,,,,,,,,,,"https://static.www.nfl.com/image/private/f_auto,q_auto/league/dvadcpx9zdr9zoc0o4tj",KEN743656,,32004b45-4e74-3656-2a19-8bea33cb5cd0,,,
1999,ATL,DL,DE,97,ACT,Patrick Kerney,Patrick,Kerney,1976-12-30,77,269,,00-0009173,,,,,,,,,,"https://static.www.nfl.com/image/private/f_auto,q_auto/league/szdfueut485mfhontdsm",KER459393,,32004b45-5245-9393-cb7c-7b0fd85ef0cb,,,
1999,IND,SPEC,K,7,ACT,Danny Kight,Edward,Kight,1971-08-18,72,200,,00-0009212,,,,,,,,,,"https://static.www.nfl.com/image/private/f_auto,q_auto/league/lmgxaaaoqrbaq2haeswi",KIG266972,,32004b49-4726-6972-807d-b14c6745a824,,,
1999,TEN,LB,LB,50,ACT,Terry Killens,Terry,Killens,1974-03-24,73,235,,00-0009219,,,,,,,,,,"https://static.www.nfl.com/image/private/f_auto,q_auto/league/xtigw83t4au3mvgeomzm",KIL306705,,32004b49-4c30-6705-1d8b-8b9bd5c348f1,,,
1999,CAR,TE,TE,88,ACT,Brian Kinchen,Brian,Kinchen,1965-08-06,74,240,,00-0009237,,,,,,,,,,"https://static.www.nfl.com/image/private/f_auto,q_auto/league/u75srtqyythxjmcgssdm",KIN090606,,32004b49-4e09-0606-98bf-9b3f852363e7,,,
1999,SEA,DL,DE,92,ACT,Lamar King,Lamar,King,1975-08-10,75,294,,00-0009263,,,,,,,,,,"https://static.www.nfl.com/image/private/f_auto,q_auto/league/jhsknv6nzrazoytlavmp",KIN570062,,32004b49-4e57-0062-66fd-f6c692ebd2fe,,,
1999,TB,QB,QB,10,ACT,Shaun King,Shaun,King,1977-05-29,72,225,,00-0009266,,,,,,,,,,"https://static.www.nfl.com/image/private/f_auto,q_auto/league/zzxt4aw9qbfahfhixu7v",KIN631882,,32004b49-4e63-1882-6b9c-9d2ca50cb882,,,
1999,IND,DL,DE,96,SUS,Shawn King,Shawn,King,1972-06-24,75,290,,00-0009267,,,,,,,,,,"https://static.www.nfl.com/image/private/f_auto,q_auto/league/qe9gdvvkbj7jvwjpwsx2",KIN636129,,32004b49-4e63-6129-1954-dfea4477acb8,,,
1999,CLE,RB,RB,42,ACT,Terry Kirby,Terry,Kirby,1970-01-20,73,213,,00-0009288,,,,,,,,,,"https://static.www.nfl.com/image/private/f_auto,q_auto/league/bhvxmn3s2kesdtgg0qkm",KIR099428,,32004b49-5209-9428-4298-b8b899d299cb,,,
1999,SF,OL,C,58,ACT,Randy Kirk,Randall,Kirk,1964-12-27,74,232,,00-0009293,,,,,,,,,,"https://static.www.nfl.com/image/private/f_auto,q_auto/league/ams2xeklm61hhc8a2pg8",KIR393426,,32004b49-5239-3426-2479-8cf2f98aafd4,,,
1999,PIT,LB,ILB,99,ACT,Levon Kirkland,Lorenzo,Kirkland,1969-02-17,73,270,,00-0009298,,,,,,,,,,"https://static.www.nfl.com/image/private/f_auto,q_auto/league/paim9l1iq9zgn23xgkcm",KIR520594,,32004b49-5252-0594-751a-3408f0ee3029,,,
1999,DET,DL,DE,67,ACT,Travis Kirschke,Travis,Kirschke,1974-09-06,75,287,,00-0009305,,,,,,,,,,"https://static.www.nfl.com/image/private/f_auto,q_auto/league/a88cz9zikeblhsptl6y2",KIR801429,,32004b49-5280-1429-4a55-4ecc096f7dcd,,,
1999,DAL,OL,G,63,RES,Mike Kiselak,Michael,Kiselak,1967-03-09,75,295,,00-0009307,,,,,,,,,,"https://static.www.nfl.com/image/private/f_auto,q_auto/league/uv3wxqzxd1sqxvzqtbio",KIS105154,,32004b49-5310-5154-9c37-9e022275f50b,,,
1999,SEA,QB,QB,7,ACT,Jon Kitna,Jon,Kitna,1972-09-21,74,217,,00-0009311,,,,,,,,,,"https://static.www.nfl.com/image/private/f_auto,q_auto/league/rxrfxfbom7grkpnv94cp",KIT155733,,32004b49-5415-5733-661c-206803339fde,,,
1999,MIN,RB,FB,40,ACT,Jimmy Kleinsasser,James,Kleinsasser,1977-01-31,75,272,,00-0009323,,,,,,,,,,"https://static.www.nfl.com/image/private/f_auto,q_auto/league/mklavfiwexokqwdvfttz",KLE428040,,32004b4c-4542-8040-9dc3-7cdd07526b20,,,
1999,NO,DB,S,29,ACT,Sammy Knight,Sammy,Knight,1975-09-10,72,205,,00-0009357,,,,,,,,,,"https://static.www.nfl.com/image/private/f_auto,q_auto/league/yrr49ujvnm2wvxmkdyho",KNI653964,,32004b4e-4965-3964-377d-071b1e4cd11d,,,
1999,ARI,DB,CB,22,ACT,Tom Knight,Thomas,Knight,1974-12-29,72,197,,00-0009360,,,,,,,,,,"https://static.www.nfl.com/image/private/f_auto,q_auto/league/fqoxy8zt57r7iwzjheok",KNI750334,,32004b4e-4975-0334-3366-a0fcd23c3119,,,
1999,OAK,OL,OT,70,ACT,Tim Kohn,Tim,Kohn,1973-12-06,77,310,,00-0009398,,,,,,,,,,"https://static.www.nfl.com/image/private/f_auto,q_auto/league/hpj0xhl2ubqrccrn7i6n",KOH369148,,32004b4f-4836-9148-aa70-8f4feb310e53,,,
1999,MIA,RB,FB,44,ACT,Rob Konrad,Robert,Konrad,1976-11-12,75,255,,00-0009417,,,,,,,,,,"https://static.www.nfl.com/image/private/f_auto,q_auto/league/jhhgbxtpcmccuiukwyk8",KON671178,,32004b4f-4e67-1178-934f-86a91c132fcb,,,
1999,GB,LB,OLB,53,ACT,George Koonce,George,Koonce,1968-10-15,73,245,,00-0009418,,,,,,,,,,"https://static.www.nfl.com/image/private/f_auto,q_auto/league/lxpjxgfkjupcarl0djdc",KOO194145,,32004b4f-4f19-4145-9b4b-171cc837ed15,,,
1999,NE,LB,LB,91,ACT,Jeff Kopp,Jeffrey,Kopp,1971-07-08,75,244,,00-0009420,,,,,,,,,,"https://static.www.nfl.com/image/private/f_auto,q_auto/league/cl1ip9qfplhnnxjyq4p3",KOP650589,,32004b4f-5065-0589-d869-aad0effb9108,,,
1999,BAL,LB,LB,57,TRD,Jeff Kopp,Jeffrey,Kopp,1971-07-08,75,244,,00-0009420,,,,,,,,,,"https://static.www.nfl.com/image/private/f_auto,q_auto/league/cl1ip9qfplhnnxjyq4p3",KOP650589,,32004b4f-5065-0589-d869-aad0effb9108,,,
1999,DET,LB,LB,52,ACT,Scott Kowalkowski,Scott,Kowalkowski,1968-08-23,74,220,,00-0009438,,,,,,,,,,"https://static.www.nfl.com/image/private/f_auto,q_auto/league/tq0t1jxy518gyvwd7yes",KOW284360,,32004b4f-5728-4360-1ba8-a6b9a26668e5,,,
1999,ATL,TE,TE,85,ACT,Brian Kozlowski,Brian,Kozlowski,1970-10-04,75,250,,00-0009443,,,,,,,,,,"https://static.www.nfl.com/image/private/f_auto,q_auto/league/xvc6eblafj2uhq7zv5bz",KOZ465616,,32004b4f-5a46-5616-1fcf-f9ce302e8199,,,
1999,SD,QB,QB,12,RES,Erik Kramer,William,Kramer,1964-11-06,73,204,,00-0009451,,,,,,,,,,"https://static.www.nfl.com/image/private/f_auto,q_auto/league/ki0klfaycq3bhbcrjddx",KRA503380,,32004b52-4150-3380-f839-fa487e844b1d,,,
1999,CIN,QB,QB,15,ACT,Eric Kresser,Eric,Kresser,1973-02-06,74,223,,00-0009471,,,,,,,,,,"https://static.www.nfl.com/image/private/f_auto,q_auto/league/cgt2gboo2imwv2nwxad6",KRE725424,,32004b52-4572-5424-85d5-405e70c6ccd8,,,
1999,CHI,OL,C,57,ACT,Olin Kreutz,Olin,Kreutz,1977-06-09,74,295,,00-0009472,,,,,,,,,,"https://static.www.nfl.com/image/private/f_auto,q_auto/league/sghzbtafablvxdhrwfnb",KRE755975,,32004b52-4575-5975-4cf4-ebcaf38d52a3,,,
1999,DET,LB,LB,58,ACT,Clint Kriewaldt,Clint,Kriewaldt,1976-03-16,73,236,,00-0009477,,,,,,,,,,"https://static.www.nfl.com/image/private/f_auto,q_auto/league/jktfdohjkjlwgvzf4ypi",KRI425790,,32004b52-4942-5790-db23-5fcb7a9de39d,,,
1999,NE,DL,DT,93,ACT,Bob Kuberski,Robert,Kuberski,1971-04-05,76,300,,00-0009489,,,,,,,,,,"https://static.www.nfl.com/image/private/f_auto,q_auto/league/hzqtogvggqfoozsqtlvw",KUB317842,,32004b55-4231-7842-f244-81b4deccb342,,,
1999,KC,OL,G,67,RES,Brad Kubik,Brad,Kubik,1975-03-31,76,292,,00-0009492,,,,,,,,,,"https://static.www.nfl.com/image/private/f_auto,q_auto/league/qv6d8z8xatuyeuhnetoe",KUB577613,,32004b55-4257-7613-e683-8f1f139e9408,,,
1999,CLE,DL,DT,97,ACT,Ryan Kuehl,Ryan,Kuehl,1972-01-18,76,289,,00-0009496,,,,,,,,,,"https://static.www.nfl.com/image/private/f_auto,q_auto/league/whjig7zfkbj69dpacyoh",KUE403290,,32004b55-4540-3290-1dd5-50626e8bc8c4,,,
1999,CLE,LB,LB,57,PUP,Jason Kyle,Jason,Kyle,1972-05-12,75,242,,00-0009530,,,,,,,,,,"https://static.www.nfl.com/image/private/f_auto,q_auto/league/vuqzyfeqx6jrauesh2tl",KYL343482,,32004b59-4c34-3482-5904-65aacafd67c1,,,
1999,SEA,DL,DE,99,ACT,Matt LaBounty,Matthew,LaBounty,1969-01-03,76,275,,00-0009539,,,,,,,,,,"https://static.www.nfl.com/image/private/f_auto,q_auto/league/gbwlk7h6k2hqbi1tiesy",LAB692151,,32004c41-4269-2151-72f6-376c2ef33ccd,,,
1999,MIN,OL,G,63,ACT,Corbin Lacina,Corbin,Lacina,1970-11-02,76,302,,00-0009542,,,,,,,,,,"https://static.www.nfl.com/image/private/f_auto,q_auto/league/gortyrbv9w3ned33xbjs",LAC395513,,32004c41-4339-5513-3313-ce6c228de322,,,
1999,DAL,TE,TE,89,ACT,David LaFleur,David,LaFleur,1974-01-29,79,272,,00-0009550,,,,,,,,,,"https://static.www.nfl.com/image/private/f_auto,q_auto/league/bxpbdrdrczbv1zyrhw72",LAF345462,,32004c41-4634-5462-a82e-c2302cbbb108,,,
1999,JAX,DB,FS,37,ACT,Carnell Lake,Carnell,Lake,1967-07-15,73,207,,00-0009561,,,,,,,,,,"https://static.www.nfl.com/image/private/f_auto,q_auto/league/gk6ujcaeyvoacbbxwfhy",LAK276861,,32004c41-4b27-6861-a0d6-1444fec9ba44,,,
1999,PHI,SPEC,P,7,ACT,Sean Landeta,Sean,Landeta,1962-01-06,72,215,,00-0009584,,,,,,,,,,"https://static.www.nfl.com/image/private/f_auto,q_auto/league/ck6so8zwqjsmxhdabvog",LAN106026,,32004c41-4e10-6026-9cbb-d48fb01c2306,,,
1999,JAX,DL,DT,93,ACT,Kevin Landolt,Kevin,Landolt,1975-10-25,76,298,,00-0009585,,,,,,,,,,"https://static.www.nfl.com/image/private/f_auto,q_auto/league/o40lndkqyezqz41hyprn",LAN112822,,32004c41-4e11-2822-3600-88ff4375072f,,,
1999,CAR,RB,RB,32,ACT,Fred Lane,Freddie,Lane,1975-09-06,70,205,,00-0009599,,,,,,,,,,"https://static.www.nfl.com/image/private/f_auto,q_auto/league/mcdmcllputhvpddnzakq",LAN258644,,32004c41-4e25-8644-7d5c-4cda4b5fd2ed,,,
1999,NE,OL,G,68,ACT,Max Lane,Max,Lane,1971-02-22,78,320,,00-0009604,,,,,,,,,,"https://static.www.nfl.com/image/private/f_auto,q_auto/league/nxuznd8ulpiesjrmrdbb",LAN362255,,32004c41-4e36-2255-890d-eba204f74257,,,
1999,WAS,DL,DE,90,ACT,Kenard Lang,Kenard,Lang,1975-01-31,76,277,,00-0009612,,,,,,,,,,"https://static.www.nfl.com/image/private/f_auto,q_auto/league/szwyp0iinc39zlwozjgd",LAN453555,,32004c41-4e45-3555-4a25-d739d0494f81,,,
1999,CIN,DL,DE,94,ACT,Jevon Langford,Jevon,Langford,1974-02-16,75,290,,00-0009619,,,,,,,,,,"https://static.www.nfl.com/image/private/f_auto,q_auto/league/ahlyvwzn59kyrzsxyik7",LAN550746,,32004c41-4e55-0746-318b-aae3b4360d2c,,,
1999,CLE,DB,DB,38,ACT,Antonio Langham,Collie,Langham,1972-07-31,72,184,,00-0009620,,,,,,,,,,"https://static.www.nfl.com/image/private/f_auto,q_auto/league/ryyxgnbjq5rpsylbo94n",LAN556636,,32004c41-4e55-6636-9f92-f282d2cc3510,,,
1999,ARI,DB,FS,42,ACT,Kwamie Lassiter,Kwamie,Lassiter,1969-12-03,72,197,,00-0009659,,,,,,,,,,"https://static.www.nfl.com/image/private/f_auto,q_auto/league/nvhxwj5jvj9bmn5awcfz",LAS648660,,32004c41-5364-8660-ce5f-e4027f4e6994,,,
1999,NE,DB,CB,24,RES,Ty Law,Taujan,Law,1974-02-10,71,200,,00-0009687,,,,,,,,,,"https://static.www.nfl.com/image/private/f_auto,q_auto/league/eepyfx4wk22s1kctoeqk",LAW121836,,32004c41-5712-1836-caaa-2629cd48beec,,,
1999,TEN,OL,G,66,ACT,Jason Layman,Jason,Layman,1973-07-29,77,310,,00-0009709,,,,,,,,,,"https://static.www.nfl.com/image/private/f_auto,q_auto/league/ufsjjtv9t9qrosr85ta5",LAY540755,,32004c41-5954-0755-6ad7-e15853ce0417,,,
1999,SD,QB,QB,16,RES,Ryan Leaf,Ryan,Leaf,1976-05-15,77,235,,00-0009715,,,,,,,,,,"https://static.www.nfl.com/image/private/f_auto,q_auto/league/qvnv3syldrnam0y3n4ac",LEA220394,,32004c45-4122-0394-21a0-201d1d5f1704,,,
1999,SF,OL,OT,76,ACT,Dwayne Ledford,Billy,Ledford,1976-11-02,75,295,,00-0009735,,,,,,,,,,"https://static.www.nfl.com/image/private/f_auto,q_auto/league/hxfgai8deoehapdkkztf",LED525411,,32004c45-4452-5411-cf7d-29a85eb6e43e,,,
1999,STL,RB,RB,31,ACT,Amp Lee,Anthonia,Lee,1971-10-01,71,200,,00-0009738,,,,,,,,,,"https://static.www.nfl.com/image/private/f_auto,q_auto/league/v5ldrodqvugmwzq2xtfb",LEE016392,,32004c45-4501-6392-b48b-eb78254e0609,,,
1999,NYJ,DB,DB,35,ACT,Del Lee,Delphfrine,Lee,1976-01-19,70,187,,00-0009748,,,,,,,,,,"https://static.www.nfl.com/image/private/f_auto,q_auto/league/avitr6lzhaonwuafslvf",LEE164336,,32004c45-4516-4336-66da-0c49aec87123,,,
1999,CIN,OL,G,58,ACT,Jay Leeuwenburg,Jay,Leeuwenburg,1969-06-18,75,290,,00-0009783,,,,,,,,,,"https://static.www.nfl.com/image/private/f_auto,q_auto/league/eirhmdzjdwhkcuf46atp",LEE801209,,32004c45-4580-1209-9943-a7dcac2b44db,,,
1999,DEN,OL,OT,78,ACT,Matt Lepsis,Matthew,Lepsis,1974-01-13,76,290,,00-0009810,,,,,,,,,,"https://static.www.nfl.com/image/private/f_auto,q_auto/league/ngmosyd3vns1uaufgwzs",LEP528552,,32004c45-5052-8552-8258-c22105e9f289,,,
1999,JAX,DL,DT,61,ACT,Emarlos Leroy,Emarlos,Leroy,1975-07-31,73,310,,00-0009811,,,,,,,,,,"https://static.www.nfl.com/image/private/f_auto,q_auto/league/pjl0sium06ibmtlg1zej",LER474618,,32004c45-5247-4618-53f3-178645f0b53e,,,
1999,PHI,TE,TE,89,CUT,Ron Leshinski,Ronald,Leshinski,1974-03-06,74,246,,00-0009814,,,,,,,,,,"https://static.www.nfl.com/image/private/f_auto,q_auto/league/bs5epuvfvm3goeuk6tt1",LES189430,,32004c45-5318-9430-dafb-fda7d2b1b139,,,
1999,DAL,RB,RB,34,CUT,Tim Lester,Timothy,Lester,1968-06-15,69,230,,00-0009819,,,,,,,,,,"https://static.www.nfl.com/image/private/f_auto,q_auto/league/gsohnbuqy7ihoxg7yoby",LES703400,,32004c45-5370-3400-2ee2-258a980c5344,,,
1999,DAL,DL,DE,78,ACT,Leon Lett,Leon,Lett,1968-10-12,78,290,,00-0009823,,,,,,,,,,"https://static.www.nfl.com/image/private/f_auto,q_auto/league/xarwuasvydwixrnajyn2",LET648891,,32004c45-5464-8891-16f0-c74294517a96,,,
1999,GB,RB,RB,25,ACT,Dorsey Levens,Herbert,Levens,1970-05-21,73,228,,00-0009829,,,,,,,,,,"https://static.www.nfl.com/image/private/f_auto,q_auto/league/sfuocpcy2nem6bllgiri",LEV403290,,32004c45-5640-3290-536e-ff988519e8dc,,,
1999,NYG,DB,DB,24,ACT,Bashir Levingston,Bashir,Levingston,1976-10-02,69,180,,00-0009833,,,,,,,,,,"https://static.www.nfl.com/image/private/f_auto,q_auto/league/bgnw5w6qki8vi0dckgqa",LEV601656,,32004c45-5660-1656-b72e-e7172c37c105,,,
1999,STL,RB,RB,34,CUT,Chad Levitt,Chad,Levitt,1975-11-21,73,231,,00-0009834,,,,,,,,,,"https://static.www.nfl.com/image/private/f_auto,q_auto/league/kq6vtmawlte3hynwme8o",LEV608406,,32004c45-5660-8406-9ecc-fed7cf66f801,,,
1999,PHI,TE,TE,89,ACT,Chad Lewis,Chad,Lewis,1971-10-05,78,252,,00-0009842,,,,,,,,,,"https://static.www.nfl.com/image/private/f_auto,q_auto/league/ypchowfddyjthk70ldcx",LEW095072,,32004c45-5709-5072-ca6e-618688ca8539,,,
1999,STL,TE,TE,89,TRD,Chad Lewis,Chad,Lewis,1971-10-05,78,252,,00-0009842,,,,,,,,,,"https://static.www.nfl.com/image/private/f_auto,q_auto/league/ypchowfddyjthk70ldcx",LEW095072,,32004c45-5709-5072-ca6e-618688ca8539,,,
1999,SD,DB,CB,26,ACT,Darryll Lewis,Darryll,Lewis,1968-12-16,69,188,,00-0009849,,,,,,,,,,"https://static.www.nfl.com/image/private/f_auto,q_auto/league/to5tgllv2mf0slyt4pdk",LEW163227,,32004c45-5716-3227-9cf7-5ebf4026d64d,,,
1999,CAR,QB,QB,8,ACT,Jeff Lewis,Jeffrey,Lewis,1973-04-17,74,211,,00-0009868,,,,,,,,,,"https://static.www.nfl.com/image/private/f_auto,q_auto/league/rrhgrdhqtrrvsjevlgsu",LEW374177,,32004c45-5737-4177-4200-d2edb78c93c8,,,
1999,BAL,WR,WR,84,ACT,Jermaine Lewis,Jermaine,Lewis,1974-10-16,67,175,,00-0009869,,,,,,,,,,"https://static.www.nfl.com/image/private/f_auto,q_auto/league/ykycrh97ua7spn6ambhe",LEW376340,,32004c45-5737-6340-2456-8e0aa906ae07,,,
1999,NYJ,LB,OLB,57,ACT,Mo Lewis,Morris,Lewis,1969-10-21,75,258,,00-0009886,,,,,,,,,,"https://static.www.nfl.com/image/private/f_auto,q_auto/league/jz84clxtxmkmvini6imm",LEW545044,,32004c45-5754-5044-11bd-be2b8606dce7,,,
1999,BAL,LB,MLB,52,ACT,Ray Lewis,Ray,Lewis,1975-05-15,73,245,,00-0009889,,,,,,,,,,"https://static.www.nfl.com/image/private/f_auto,q_auto/league/syd5vzbllkhjuwbjuiue",LEW562347,,32004c45-5756-2347-ada2-a381d796ae9f,,,
1999,NO,LB,LB,58,RES,Marc Lillibridge,Marc,Lillibridge,1972-02-18,73,240,,00-0009925,,,,,,,,,,"https://static.www.nfl.com/image/private/f_auto,q_auto/league/d4w4s4j67smdi35osiu7",LIL359917,,32004c49-4c35-9917-eb9b-75765c2a0fcb,,,
1999,NYG,DB,CB,39,ACT,Jeremy Lincoln,Jeremy,Lincoln,1969-04-07,70,182,,00-0009933,,,,,,,,,,"https://static.www.nfl.com/image/private/f_auto,q_auto/league/qf4yfhlhbvcb4ufzhqsa",LIN046780,,32004c49-4e04-6780-61be-b3546530d742,,,
1999,BAL,OL,G,61,ACT,Everett Lindsay,Everett,Lindsay,1970-09-18,76,302,,00-0009941,,,,,,,,,,"https://static.www.nfl.com/image/private/f_auto,q_auto/league/husonvnt6xaq01vbzyh0",LIN302290,,32004c49-4e30-2290-9302-80f6deaeb79a,,,
1999,JAX,SPEC,K,2,ACT,Steve Lindsey,Stephen,Lindsey,1974-11-25,73,176,,00-0009946,,,,,,,,,,"https://static.www.nfl.com/image/private/f_auto,q_auto/league/uqznd5fnjj54msio4sx9",LIN411460,,32004c49-4e41-1460-37cb-d94e91c9fe87,,,
1999,BUF,RB,RB,35,ACT,Jonathan Linton,Jonathan,Linton,1974-11-07,72,238,,00-0009960,,,,,,,,,,"https://static.www.nfl.com/image/private/f_auto,q_auto/league/mdy90kaevz7ldsw9r5ga",LIN788420,,32004c49-4e78-8420-b311-b5ac6c6dbe98,,,
1999,NO,DB,DB,21,TRC,Earl Little,Earl,Little,1973-03-10,72,191,,00-0009971,,,,,,,,,,"https://static.www.nfl.com/image/private/f_auto,q_auto/league/uhbbvzvymux4s6pkvozf",LIT286135,,32004c49-5428-6135-f879-8a267bcf4435,,,
1999,CLE,DB,DB,20,ACT,Earl Little,Earl,Little,1973-03-10,72,191,,00-0009971,,,,,,,,,,"https://static.www.nfl.com/image/private/f_auto,q_auto/league/uhbbvzvymux4s6pkvozf",LIT286135,,32004c49-5428-6135-f879-8a267bcf4435,,,
1999,STL,LB,LB,57,ACT,Leonard Little,Leonard,Little,1974-10-19,75,237,,00-0009978,,,,,,,,,,"https://static.www.nfl.com/image/private/f_auto,q_auto/league/bmgnjlyyuz9erugc4fh0",LIT610220,,32004c49-5461-0220-9cea-8ecfa42b46d0,,,
1999,MIN,OL,OT,76,ACT,Chris Liwienski,Christopher,Liwienski,1975-08-02,77,321,,00-0009992,,,,,,,,,,"https://static.www.nfl.com/image/private/f_auto,q_auto/league/kn4rreaylwnc6xozbhcg",LIW296636,,32004c49-5729-6636-29f7-42422143fee4,,,
1999,KC,WR,WR,81,ACT,Kevin Lockett,Kevin,Lockett,1974-09-08,72,187,,00-0010007,,,,,,,,,,"https://static.www.nfl.com/image/private/f_auto,q_auto/league/mv2g0upgsnsgkmwz7vnp",LOC359918,,32004c4f-4335-9918-af24-54ddd2575662,,,
1999,DEN,DL,NT,97,ACT,Mike Lodish,Michael,Lodish,1967-08-11,75,270,,00-0010019,,,,,,,,,,"https://static.www.nfl.com/image/private/f_auto,q_auto/league/qc84gqnklubdugmaqsif",LOD415291,,32004c4f-4441-5291-2a0b-8d6376222c56,,,
1999,CAR,DB,DB,29,ACT,Steve Lofton,Steven,Lofton,1968-11-26,69,177,,00-0010024,,,,,,,,,,"https://static.www.nfl.com/image/private/f_auto,q_auto/league/tushqxgd0eibwyrbm2ci",LOF564972,,32004c4f-4656-4972-b4b3-014db70ecd8b,,,
1999,NYJ,DL,NT,93,ACT,Ernie Logan,Ernest,Logan,1968-05-18,75,290,,00-0010028,,,,,,,,,,"https://static.www.nfl.com/image/private/f_auto,q_auto/league/civ358ak1ixltrinwhpm",LOG314612,,32004c4f-4731-4612-17af-5af36ef37f6b,,,
1999,SEA,LB,LB,56,ACT,James Logan,James,Logan,1972-12-06,74,225,,00-0010029,,,,,,,,,,"https://static.www.nfl.com/image/private/f_auto,q_auto/league/gqcgapvjalhuiimains2",LOG377160,,32004c4f-4737-7160-6ca8-b0352b1e6e90,,,
1999,JAX,DB,DB,32,RES,Mike Logan,Michael,Logan,1974-09-15,72,211,,00-0010031,,,,,,,,,,"https://static.www.nfl.com/image/private/f_auto,q_auto/league/z0d5smcl8fctx6ccm69n",LOG539799,,32004c4f-4753-9799-a2fa-5613badce26e,,,
1999,TEN,OL,C,60,ACT,Kevin Long,Kevin,Long,1975-05-02,77,296,,00-0010059,,,,,,,,,,"https://static.www.nfl.com/image/private/f_auto,q_auto/league/sbonfkhtjmsyh37fqfkg",LON373366,,32004c4f-4e37-3366-849c-cbab95f5be86,,,
1999,GB,SPEC,K,8,ACT,Ryan Longwell,Ryan,Longwell,1974-08-16,72,197,,00-0010072,,,,,,,,,,"https://static.www.nfl.com/image/private/f_auto,q_auto/league/powkqjr27gfrcapctcti",LON819356,,32004c4f-4e81-9356-de6d-1a260ed1f39e,,,
1999,BUF,WR,WR,89,ACT,Kamil Loud,Kamil,Loud,1976-06-25,72,190,,00-0010092,,,,,,,,,,"https://static.www.nfl.com/image/private/f_auto,q_auto/league/cpc1dj4fa6zgox6py0y3",LOU401788,,32004c4f-5540-1788-e48a-4bdafcc450a9,,,
1999,BAL,DB,DB,35,ACT,Clarence Love,Clarence,Love,1976-06-16,70,181,,00-0010094,,,,,,,,,,"https://static.www.nfl.com/image/private/f_auto,q_auto/league/d8j5egcd7a4qeixfnbk1",LOV051141,,32004c4f-5605-1141-451d-0aa0fce611f3,,,
1999,NYJ,OL,G,79,ACT,David Loverne,David,Loverne,1976-05-22,75,299,,00-0010105,,,,,,,,,,"https://static.www.nfl.com/image/private/f_auto,q_auto/league/njpt2xjq3hsw9ksmvt3k",LOV495155,,32004c4f-5649-5155-be2f-9922611d0d26,,,
1999,DEN,RB,RB,31,ACT,Derek Loville,Derek,Loville,1968-07-04,70,210,,00-0010107,,,,,,,,,,"https://static.www.nfl.com/image/private/f_auto,q_auto/league/ospnjr1stscwwtij4tdu",LOV575019,,32004c4f-5657-5019-7f9e-59a046bfce0f,,,
1999,JAX,DL,DE,57,TRT,Reggie Lowe,Reginald,Lowe,1975-06-14,74,250,,00-0010116,,,,,,,,,,"https://static.www.nfl.com/image/private/f_auto,q_auto/league/d81t0um0sixrcm9pnbfh",LOW362422,,32004c4f-5736-2422-2eb2-f89ea248ba2b,,,
1999,PIT,DL,DE,90,ACT,Reggie Lowe,Reginald,Lowe,1975-06-14,74,250,,00-0010116,,,,,,,,,,"https://static.www.nfl.com/image/private/f_auto,q_auto/league/d81t0um0sixrcm9pnbfh",LOW362422,,32004c4f-5736-2422-2eb2-f89ea248ba2b,,,
1999,NYJ,QB,QB,6,ACT,Ray Lucas,Ray,Lucas,1972-08-06,75,214,,00-0010137,,,,,,,,,,"https://static.www.nfl.com/image/private/f_auto,q_auto/league/raes5zwaa0yln2yoegyf",LUC107404,,32004c55-4310-7404-90ac-172bcc0a2cbf,,,
1999,DAL,TE,TE,84,ACT,Mike Lucky,Michael,Lucky,1975-11-23,78,273,,00-0010146,,,,,,,,,,"https://static.www.nfl.com/image/private/f_auto,q_auto/league/hgcihoz1r4vk6wtqljqu",LUC759251,,32004c55-4375-9251-518a-81915d3ae591,,,
1999,STL,DB,CB,41,ACT,Todd Lyght,Todd,Lyght,1969-02-09,72,190,,00-0010173,,,,,,,,,,"https://static.www.nfl.com/image/private/f_auto,q_auto/league/ibjuifhftuhrpmdzhn7j",LYG266972,,32004c59-4726-6972-4cdf-52f6d3dd3b07,,,
1999,STL,DB,FS,35,ACT,Keith Lyle,Keith,Lyle,1972-04-17,74,210,,00-0010174,,,,,,,,,,"https://static.www.nfl.com/image/private/f_auto,q_auto/league/yogvxtrciecgo8yv5yzr",LYL302360,,32004c59-4c30-2360-27f9-ae9ea0e02554,,,
1999,NYJ,DL,DE,95,ACT,Rick Lyle,Rick,Lyle,1971-02-26,77,290,,00-0010175,,,,,,,,,,"https://static.www.nfl.com/image/private/f_auto,q_auto/league/deygpvzckk44lak0xjuk",LYL315110,,32004c59-4c31-5110-d7c1-196964a53424,,,
1999,SF,OL,C,60,ACT,Ben Lynch,Benjamin,Lynch,1972-11-18,76,295,,00-0010183,,,,,,,,,,"https://static.www.nfl.com/image/private/f_auto,q_auto/league/kd55joocrxly3mg6tzyu",LYN071058,,32004c59-4e07-1058-622b-4a58829f73d2,,,
1999,TB,DB,S,47,ACT,John Lynch,John,Lynch,1971-09-25,74,220,,00-0010188,,,,,,,,,,"https://static.www.nfl.com/image/private/f_auto,q_auto/league/tgg0nlydguicwcylutpy",LYN260424,,32004c59-4e26-0424-1847-ced77f1e4302,,,
1999,DEN,RB,RB,37,ACT,Anthony Lynn,Anthony,Lynn,1968-12-21,75,230,,00-0010194,,,,,,,,,,"https://static.www.nfl.com/image/private/f_auto,q_auto/league/rjuyvrayo0c8btfvlmwy",LYN734772,,32004c59-4e73-4772-ec44-781b19adc2ce,,,
1999,GB,DL,DT,98,ACT,Billy Lyon,William,Lyon,1973-12-10,77,300,,00-0010196,,,,,,,,,,"https://static.www.nfl.com/image/private/f_auto,q_auto/league/dsmdh3wjdhphcdapp1h0",LYO116572,,32004c59-4f11-6572-3a73-895ce03e1e62,,,
1999,PIT,TE,TE,85,RES,Mitch Lyons,Mitchell,Lyons,1970-05-13,77,268,,00-0010202,,,,,,,,,,"https://static.www.nfl.com/image/private/f_auto,q_auto/league/toqyylat6fcsefxjmggb",LYO426538,,32004c59-4f42-6538-9627-b2bd891b2e03,,,
1999,TEN,DL,DT,98,RES,Pratt Lyons,Pratt,Lyons,1974-09-17,77,295,,00-0010203,,,,,,,,,,"https://static.www.nfl.com/image/private/f_auto,q_auto/league/n4r6gkhjpv4px8tmxvoq",LYO482081,,32004c59-4f48-2081-7246-c2297bc12e7c,,,
1999,NYJ,OL,G,63,ACT,J.P. Machado,J.P.,Machado,1976-01-06,76,300,,00-0010222,,,,,,,,,,"https://static.www.nfl.com/image/private/f_auto,q_auto/league/gnhqkdehgqmzsvgmlkf7",MAC229498,,32004d41-4322-9498-28d6-b77883f39982,,,
1999,JAX,RB,RB,34,ACT,Stacey Mack,Stacey,Mack,1975-06-26,73,237,,00-0010240,,,,,,,,,,"https://static.www.nfl.com/image/private/f_auto,q_auto/league/yyuwqskm7g1a0ige62em",MAC370007,,32004d41-4337-0007-29e2-430fb59f5f79,,,
1999,CIN,DB,DB,34,ACT,Tremain Mack,Tremain,Mack,1974-11-21,72,193,,00-0010243,,,,,,,,,,"https://static.www.nfl.com/image/private/f_auto,q_auto/league/bri9y86k3sbnjkwvztgi",MAC404354,,32004d41-4340-4354-2f40-86ba3c95652f,,,
1999,ARI,LB,LB,53,ACT,Mark Maddox,Mark,Maddox,1968-03-23,73,238,,00-0010259,,,,,,,,,,"https://static.www.nfl.com/image/private/f_auto,q_auto/league/kj24bpsdgvzvkrjyyjkx",MAD419486,,32004d41-4441-9486-2ffc-12c0585a67f3,,,
1999,MIA,DB,CB,29,ACT,Sam Madison,Samuel,Madison,1974-04-23,71,185,,00-0010264,,,,,,,,,,"https://static.www.nfl.com/image/private/f_auto,q_auto/league/e24bghhf6qkqhajke67n",MAD659509,,32004d41-4465-9509-73ac-395e1797f05b,,,
1999,ARI,RB,FB,34,ACT,Joel Makovicka,Joel,Makovicka,1975-10-06,71,246,,00-0010292,,,,,,,,,,"https://static.www.nfl.com/image/private/f_auto,q_auto/league/jibp2lyi0dyfv4bnukzd",MAK482869,,32004d41-4b48-2869-5901-d94344ff9e4a,,,
1999,NYJ,OL,OT,73,ACT,Siupeli Malamala,Siupeli,Malamala,1969-01-15,77,305,,00-0010293,,,,,,,,,,"https://static.www.nfl.com/image/private/f_auto,q_auto/league/jhlethyqinxz1qcilx4t",MAL026051,,32004d41-4c02-6051-b55e-5fd215ca4be1,,,
1999,OAK,OL,OT,70,TRD,Siupeli Malamala,Siupeli,Malamala,1969-01-15,77,305,,00-0010293,,,,,,,,,,"https://static.www.nfl.com/image/private/f_auto,q_auto/league/jhlethyqinxz1qcilx4t",MAL026051,,32004d41-4c02-6051-b55e-5fd215ca4be1,,,
1999,PHI,DL,DE,59,ACT,Mike Mamula,Michael,Mamula,1973-08-14,76,252,,00-0010318,,,,,,,,,,"https://static.www.nfl.com/image/private/f_auto,q_auto/league/qcjdfbe3cbzdtbvczo13",MAM652601,,32004d41-4d65-2601-ef4d-ccca5ca12fd5,,,
1999,CAR,TE,TE,86,ACT,Kris Mangum,Kris,Mangum,1973-08-15,76,249,,00-0010333,,,,,,,,,,"https://static.www.nfl.com/image/private/f_auto,q_auto/league/tv8dg8qgncd7yi32ogsd",MAN281010,,32004d41-4e28-1010-add5-aff8471e7ccc,,,
1999,CHI,OL,OT,65,ACT,Patrick Mannelly,James,Mannelly,1975-04-18,77,285,,00-0010341,,,,,,,,,,"https://static.www.nfl.com/image/private/f_auto,q_auto/league/rt33c8kcsqess7fy8vww",MAN456089,,32004d41-4e45-6089-b249-25f1c6e8bde8,,,
1999,IND,QB,QB,18,ACT,Peyton Manning,Peyton,Manning,1976-03-24,77,230,Tennessee,00-0010346,1428,aae6d92e-5f28-43ee-b0dc-522e80e99f76,4256,902,327,MannPe00,7328,294,1,"https://static.www.nfl.com/image/private/f_auto,q_auto/league/xpcd6auodk3w0vda6jal",MAN515097,23446,32004d41-4e51-5097-63c8-dfd9cac091f8,1998,1998,IND
1999,KC,LB,LB,51,ACT,Greg Manusky,Gregory,Manusky,1966-08-12,73,235,,00-0010366,,,,,,,,,,"https://static.www.nfl.com/image/private/f_auto,q_auto/league/za0dr78keoetvbotlknf",MAN782628,,32004d41-4e78-2628-cba0-f36f7725fdb6,,,
1999,MIA,SPEC,K,10,ACT,Olindo Mare,Olindo,Mare,1973-06-06,70,190,,00-0010373,,,,,,,,,,"https://static.www.nfl.com/image/private/f_auto,q_auto/league/cr6ku9o6vyxl4sd5gj3z",MAR095836,,32004d41-5209-5836-ea82-fc4484f165bf,,,
1999,MIA,QB,QB,13,ACT,Dan Marino,Daniel,Marino,1961-09-15,76,228,,00-0010379,,,,,,,,,,"https://static.www.nfl.com/image/private/f_auto,q_auto/league/jk97vzadmthvdyu8mbr2",MAR149079,,32004d41-5214-9079-a444-ee027ebabf98,,,
1999,MIA,DB,FS,31,ACT,Brock Marion,Brock,Marion,1970-06-11,71,205,,00-0010381,,,,,,,,,,"https://static.www.nfl.com/image/private/f_auto,q_auto/league/arxegfyuvugvqu86utse",MAR161502,,32004d41-5216-1502-7773-f3f708bba6dd,,,
1999,ATL,LB,LB,55,ACT,Whit Marshall,Thomas,Marshall,1973-01-06,74,245,,00-0010430,,,,,,,,,,"https://static.www.nfl.com/image/private/f_auto,q_auto/league/g6arl0fzpdahfubdcwlw",MAR464274,,32004d41-5246-4274-1292-1be7a7ff2133,,,
1999,PHI,RB,FB,38,ACT,Cecil Martin,Cecil,Martin,1975-07-08,72,235,,00-0010436,,,,,,,,,,"https://static.www.nfl.com/image/private/f_auto,q_auto/league/v5jlaczxd8vpykygg3az",MAR529382,,32004d41-5252-9382-8c88-a38f35fdd0e4,,,
1999,NYJ,RB,RB,28,ACT,Curtis Martin,Curtis,Martin,1973-05-01,71,210,,00-0010442,,,,,,,,,,"https://static.www.nfl.com/image/private/f_auto,q_auto/league/ikb6en50ga5g4wc8oekd",MAR543073,,32004d41-5254-3073-1f44-18e2abe07fc8,,,
1999,BUF,DB,DB,21,RES,Manny Martin,Emanuel,Martin,1969-07-31,70,190,,00-0010450,,,,,,,,,,"https://static.www.nfl.com/image/private/f_auto,q_auto/league/unzaoujofzks7c5uxreo",MAR585667,,32004d41-5258-5667-52e2-374e7ad010a0,,,
1999,CLE,QB,QB,10,ACT,Jamie Martin,Jamie,Martin,1970-02-08,74,206,,00-0010455,,,,,,,,,,"https://static.www.nfl.com/image/private/f_auto,q_auto/league/k2ysdmfo5k8fbfsvzswq",MAR642459,,32004d41-5264-2459-4e10-08355d4be543,,,
1999,PHI,DL,DT,91,ACT,Steve Martin,Steven,Martin,1974-05-31,76,303,,00-0010472,,,,,,,,,,"https://static.www.nfl.com/image/private/f_auto,q_auto/league/oehgfaqrnawftaszi2gs",MAR734746,,32004d41-5273-4746-d39d-7d31025b40b9,,,
1999,MIA,WR,WR,80,ACT,Tony Martin,Tony,Martin,1965-09-05,73,175,,00-0010477,,,,,,,,,,"https://static.www.nfl.com/image/private/f_auto,q_auto/league/l9korpxwgeiywt6nivla",MAR738296,,32004d41-5273-8296-22f9-81fe04f0c3eb,,,
1999,NO,DL,DT,93,ACT,Wayne Martin,Gerald,Martin,1965-10-26,77,275,,00-0010479,,,,,,,,,,"https://static.www.nfl.com/image/private/f_auto,q_auto/league/wuh4jgybgplrdf0rhcza",MAR606964,,32004d41-5260-6964-da03-acdd3dda7ab1,,,
1999,JAX,LB,MLB,56,ACT,Lonnie Marts,Lonnie,Marts,1968-11-10,74,246,,00-0010486,,,,,,,,,,"https://static.www.nfl.com/image/private/f_auto,q_auto/league/lt8qoucfvb6ampsgrm0m",MAR798637,,32004d41-5279-8637-e905-15967ed799d2,,,
1999,OAK,DL,DT,67,ACT,Russell Maryland,Russell,Maryland,1969-03-22,73,300,,00-0010491,,,,,,,,,,"https://static.www.nfl.com/image/private/f_auto,q_auto/league/oz1im77hdmq27xcvxmmp",MAR825850,,32004d41-5282-5850-66b9-4a67223ed031,,,
1999,KC,LB,LB,57,ACT,Mike Maslowski,Michael,Maslowski,1974-07-11,73,246,,00-0010496,,,,,,,,,,"https://static.www.nfl.com/image/private/f_auto,q_auto/league/rhw5fysjitctlzjkdklb",MAS046003,,32004d41-5304-6003-ed86-a8e7311e8364,,,
1999,TEN,WR,WR,85,ACT,Derrick Mason,Derrick,Mason,1974-01-17,70,187,,00-0010500,,,,,,,,,,"https://static.www.nfl.com/image/private/f_auto,q_auto/league/cdzevcyfslujjbirrvyq",MAS078652,,32004d41-5307-8652-e780-8696a3053c0b,,,
1999,WAS,LB,LB,53,ACT,Eddie Mason,Eddie,Mason,1972-01-09,72,236,,00-0010501,,,,,,,,,,"https://static.www.nfl.com/image/private/f_auto,q_auto/league/qfqlh7uzce1ybfejesnl",MAS081798,,32004d41-5308-1798-2c6f-2bd1dda4a6a1,,,
1999,TEN,OL,OT,76,ACT,Jason Mathews,Samuel,Mathews,1971-02-09,77,304,,00-0010530,,,,,,,,,,"https://static.www.nfl.com/image/private/f_auto,q_auto/league/fnjbfkgpxcliccsn3dkn",MAT191969,,32004d41-5419-1969-8065-3bc83cb52af0,,,
1999,CIN,DB,DB,24,RES,Ric Mathias,Eric,Mathias,1975-12-10,70,180,,00-0010531,,,,,,,,,,"https://static.www.nfl.com/image/private/f_auto,q_auto/league/n6tv4cformwm9pj3tfys",MAT194907,,32004d41-5419-4907-5043-624c77112654,,,
1999,DAL,DB,CB,23,ACT,Kevin Mathis,Kevin,Mathis,1974-04-29,69,181,,00-0010535,,,,,,,,,,"https://static.www.nfl.com/image/private/f_auto,q_auto/league/yasnsp0vnaeenf45cemp",MAT201981,,32004d41-5420-1981-7dc8-c7b977fe02f5,,,
1999,ATL,WR,WR,81,ACT,Terance Mathis,Terance,Mathis,1967-06-07,70,185,,00-0010539,,,,,,,,,,"https://static.www.nfl.com/image/private/f_auto,q_auto/league/l85b7pux5chdlvk1tqc4",MAT235065,,32004d41-5423-5065-727b-f2100aad5411,,,
1999,TEN,OL,G,74,ACT,Bruce Matthews,Bruce,Matthews,1961-08-08,77,305,,00-0010550,,,,,,,,,,"https://static.www.nfl.com/image/private/f_auto,q_auto/league/lwpxlqinrbtgchvk8uvb",MAT532814,,32004d41-5453-2814-2d51-b1549622bb0d,,,
1999,CHI,QB,QB,9,ACT,Shane Matthews,Michael,Matthews,1970-06-01,75,196,,00-0010560,,,,,,,,,,"https://static.www.nfl.com/image/private/f_auto,q_auto/league/pmehfk5wltjokhhzedvn",MAT575349,,32004d41-5457-5349-f617-e88301c22778,,,
1999,CAR,DL,DT,79,ACT,Vili Maumau,Viliami,Maumau,1975-04-03,74,302,,00-0010572,,,,,,,,,,"https://static.www.nfl.com/image/private/f_auto,q_auto/league/r7ytbqh7ajqzdpjzsnhm",MAU507141,,32004d41-5550-7141-4d0d-811b7fcbe93b,,,
1999,NYJ,OL,C,68,ACT,Kevin Mawae,Kevin,Mawae,1971-01-23,76,305,,00-0010577,,,,,,,,,,"https://static.www.nfl.com/image/private/f_auto,q_auto/league/ufvyb8o24zjrgokbkcvm",MAW059326,,32004d41-5705-9326-dce2-013430cfb15b,,,
1999,SEA,TE,TE,88,ACT,Deems May,Bert,May,1969-03-06,76,263,,00-0010589,,,,,,,,,,"https://static.www.nfl.com/image/private/f_auto,q_auto/league/zp02r0hrobdinul0eyjl",MAY033558,,32004d41-5903-3558-f459-cb8b0576f6aa,,,
1999,PHI,OL,OT,71,ACT,Jermane Mayberry,Jermane,Mayberry,1973-08-29,76,325,,00-0010595,,,,,,,,,,"https://static.www.nfl.com/image/private/f_auto,q_auto/league/vyur41jvroo7pj5ofu8j",MAY283151,,32004d41-5928-3151-13ec-883cc8b2c62c,,,
1999,TB,OL,C,61,ACT,Tony Mayberry,Eino,Mayberry,1967-12-08,76,288,,00-0010596,,,,,,,,,,"https://static.www.nfl.com/image/private/f_auto,q_auto/league/z8aa4bdpldkwg0tyb6sy",MAY251690,,32004d41-5925-1690-16c8-c474d19581b0,,,
1999,CHI,TE,TE,85,ACT,Alonzo Mayes,Alonzo,Mayes,1975-06-04,76,268,,00-0010598,,,,,,,,,,"https://static.www.nfl.com/image/private/f_auto,q_auto/league/bznwjo694lniehpfskvx",MAY341116,,32004d41-5934-1116-f56f-107037277370,,,
1999,SEA,WR,WR,87,ACT,Derrick Mayes,Derrick,Mayes,1974-01-28,72,205,,00-0010599,,,,,,,,,,"https://static.www.nfl.com/image/private/f_auto,q_auto/league/caugxb8xr7teb8wnwjkq",MAY405220,,32004d41-5940-5220-4e1c-22a14d478202,,,
1999,NYG,SPEC,P,9,ACT,Brad Maynard,Bradley,Maynard,1974-02-09,73,190,,00-0010609,,,,,,,,,,"https://static.www.nfl.com/image/private/f_auto,q_auto/league/hnmyqljakbuycwcxw8ez",MAY568387,,32004d41-5956-8387-3edb-fc09c9551b2f,,,
1999,MIN,LB,LB,53,TRT,Kivuusama Mays,Kivuusama,Mays,1975-01-07,75,248,,00-0010619,,,,,,,,,,"https://static.www.nfl.com/image/private/f_auto,q_auto/league/cko0awdtja54vmzvqyit",MAY783035,,32004d41-5978-3035-875c-85500a5e77fe,,,
1999,GB,LB,LB,56,ACT,Kivuusama Mays,Kivuusama,Mays,1975-01-07,75,248,,00-0010619,,,,,,,,,,"https://static.www.nfl.com/image/private/f_auto,q_auto/league/cko0awdtja54vmzvqyit",MAY783035,,32004d41-5978-3035-875c-85500a5e77fe,,,
1999,TB,RB,RB,35,ACT,Fred McAfee,Fred,McAfee,1968-06-20,70,193,,00-0010632,,,,,,,,,,"https://static.www.nfl.com/image/private/f_auto,q_auto/league/axjze7yavslh4j3q8i3z",MCA334825,,32004d43-4133-4825-470d-44b04091f278,,,
1999,BAL,DB,CB,28,ACT,Chris McAlister,Christopher,McAlister,1977-06-14,73,206,,00-0010634,,,,,,,,,,"https://static.www.nfl.com/image/private/f_auto,q_auto/league/nrrgp0ghhmnqxsc3ivbu",MCA544720,,32004d43-4154-4720-989c-61d8b2d0db84,,,
1999,GB,DB,DB,27,ACT,Tod McBride,Tod,McBride,1976-01-26,73,208,,00-0010645,,,,,,,,,,"https://static.www.nfl.com/image/private/f_auto,q_auto/league/ngo5keall08ttcgoh8bo",MCB742200,,32004d43-4274-2200-1042-15797ebf1de8,,,
1999,ATL,DB,S,22,ACT,Gerald McBurrows,Gerald,McBurrows,1973-10-07,71,205,,00-0010646,,,,,,,,,,"https://static.www.nfl.com/image/private/f_auto,q_auto/league/mpka7xir2md4psglulll",MCB751477,,32004d43-4275-1477-7cb5-41cf26f1cfbe,,,
1999,DEN,WR,WR,87,ACT,Ed McCaffrey,Edward,McCaffrey,1968-08-17,77,215,,00-0010650,,,,,,,,,,"https://static.www.nfl.com/image/private/f_auto,q_auto/league/woek7ubvo99so2ninrs5",MCC037372,,32004d43-4303-7372-96ff-bc849a2fb84b,,,
1999,JAX,WR,WR,87,ACT,Keenan McCardell,Keenan,McCardell,1970-01-06,73,185,,00-0010668,,,,,,,,,,"https://static.www.nfl.com/image/private/f_auto,q_auto/league/kop0ezafhz9vlgvey1wv",MCC170252,,32004d43-4317-0252-46dc-f2efbff6f8f5,,,
1999,STL,DB,CB,21,ACT,Dexter McCleon,Dexter,McCleon,1973-10-09,70,195,,00-0010699,,,,,,,,,,"https://static.www.nfl.com/image/private/f_auto,q_auto/league/yb6kveai42psi9twthda",MCC401131,,32004d43-4340-1131-ac86-33b1a264d95a,,,
1999,ARI,DB,CB,44,ACT,J.J. McCleskey,Thomas,McCleskey,1970-04-10,68,180,,00-0010700,,,,,,,,,,"https://static.www.nfl.com/image/private/f_auto,q_auto/league/ffvxrkrqy9sxyiy09ds2",MCC402792,,32004d43-4340-2792-f39a-40909223e763,,,
1999,ATL,OL,C,62,RES,Todd McClure,Ryan,McClure,1977-02-16,73,292,,00-0010711,,,,,,,,,,"https://static.www.nfl.com/image/private/f_auto,q_auto/league/ucenhyrtlxlz3upva3qr",MCC451792,,32004d43-4345-1792-f6b7-c89925f8bc3d,,,
1999,STL,OL,G,64,ACT,Andy McCollum,Andrew,McCollum,1970-06-02,76,295,,00-0010717,,,,,,,,,,"https://static.www.nfl.com/image/private/f_auto,q_auto/league/xn8k0ig3se5mejo2a6l0",MCC485842,,32004d43-4348-5842-25d0-22be6210f93d,,,
1999,CLE,DL,DE,99,ACT,Hurvin McCormack,Hurvin,McCormack,1972-04-06,77,284,,00-0010729,,,,,,,,,,"https://static.www.nfl.com/image/private/f_auto,q_auto/league/nfwq7cuwq6ts3imdycfc",MCC552095,,32004d43-4355-2095-1598-4ee95ccc0f0d,,,
1999,IND,DL,DT,61,ACT,Tony McCoy,Anthony,McCoy,1969-06-10,73,289,,00-0010746,,,,,,,,,,"https://static.www.nfl.com/image/private/f_auto,q_auto/league/mf11jcawr5qwns83aesm",MCC602112,,32004d43-4360-2112-c509-deb795d189a1,,,
1999,SD,RB,FB,44,ACT,Fred McCrary,Freddy,McCrary,1972-09-19,72,235,,00-0010747,,,,,,,,,,"https://static.www.nfl.com/image/private/f_auto,q_auto/league/h2po9khghnwirifjrtht",MCC645713,,32004d43-4364-5713-3669-3bd0a86e5a2d,,,
1999,BAL,DL,DE,99,ACT,Michael McCrary,Michael,McCrary,1970-07-07,76,260,,00-0010749,,,,,,,,,,"https://static.www.nfl.com/image/private/f_auto,q_auto/league/dh8viv5toslqrep0xjvl",MCC660247,,32004d43-4366-0247-740b-0274efd2ef09,,,
1999,ARI,WR,WR,84,ACT,Andy McCullough,Antwone,McCullough,1975-11-11,75,210,,00-0010762,,,,,,,,,,"https://static.www.nfl.com/image/private/f_auto,q_auto/league/tnp1ugzwhggvkolc1tf5",MCC749526,,32004d43-4374-9526-3c98-61a811b26937,,,
1999,TEN,DB,DB,38,ACT,George McCullough,George,McCullough,1975-02-18,70,187,,00-0010765,,,,,,,,,,"https://static.www.nfl.com/image/private/f_auto,q_auto/league/i0o3vua5uafjtehhhjte",MCC754716,,32004d43-4375-4716-7cce-c3636266a6e6,,,
1999,CLE,DB,CB,33,ACT,Daylon McCutcheon,Daylon,McCutcheon,1976-12-09,68,180,,00-0010777,,,,,,,,,,"https://static.www.nfl.com/image/private/f_auto,q_auto/league/ciu0hxsudbxfdltzqrpk",MCC818042,,32004d43-4381-8042-dbde-fe4e200aad7a,,,
1999,MIN,LB,MLB,58,ACT,Ed McDaniel,Edward,McDaniel,1969-02-23,71,229,,00-0010784,,,,,,,,,,"https://static.www.nfl.com/image/private/f_auto,q_auto/league/znijprpo5dnffsrkqlbl",MCD031300,,32004d43-4403-1300-681c-4a360ebca75f,,,
1999,NYG,DB,DB,26,ACT,Emmanuel McDaniel,Emmanuel,McDaniel,1972-07-27,69,180,,00-0010785,,,,,,,,,,"https://static.www.nfl.com/image/private/f_auto,q_auto/league/hlx3lginvt7uin8iophr",MCD048550,,32004d43-4404-8550-4694-24218076aabf,,,
1999,BUF,WR,WR,86,ACT,Jeremy McDaniel,Jeremy,McDaniel,1976-05-02,72,197,,00-0010786,,,,,,,,,,"https://static.www.nfl.com/image/private/f_auto,q_auto/league/p387dy3dqcvg6labnh1k",MCD053937,,32004d43-4405-3937-a000-1c311dcbe358,,,
1999,MIN,OL,G,64,ACT,Randall McDaniel,Randall,McDaniel,1964-12-19,75,290,,00-0010790,,,,,,,,,,"https://static.www.nfl.com/image/private/f_auto,q_auto/league/i4fyjlqcifonsoblqido",MCD118650,,32004d43-4411-8650-46d9-126256006e90,,,
1999,ATL,DL,DE,77,ACT,Pellom McDaniels,Pellom,McDaniels,1968-02-21,75,295,,00-0010792,,,,,,,,,,"https://static.www.nfl.com/image/private/f_auto,q_auto/league/zypyztmipdxls2kkcnbe",MCD167200,,32004d43-4416-7200-d460-e7374bf4d3bc,,,
1999,TB,WR,WR,84,ACT,Darnell McDonald,Darnell,McDonald,1976-05-26,75,199,,00-0010796,,,,,,,,,,"https://static.www.nfl.com/image/private/f_auto,q_auto/league/wq93orxj1dyxlao04dnf",MCD245381,,32004d43-4424-5381-8dee-281e4ba071d3,,,
1999,MIN,DB,CB,34,TRD,Ramos McDonald,Ramos,McDonald,1976-04-30,71,194,,00-0010805,,,,,,,,,,"https://static.www.nfl.com/image/private/f_auto,q_auto/league/fwrvhxiim7fvmsuvekh8",MCD525675,,32004d43-4452-5675-f0f4-a3dc4b2a0383,,,
1999,SF,DB,CB,35,ACT,Ramos McDonald,Ramos,McDonald,1976-04-30,71,194,,00-0010805,,,,,,,,,,"https://static.www.nfl.com/image/private/f_auto,q_auto/league/fwrvhxiim7fvmsuvekh8",MCD525675,,32004d43-4452-5675-f0f4-a3dc4b2a0383,,,
1999,CHI,LB,OLB,54,ACT,Ricardo McDonald,Ricardo,McDonald,1969-11-08,74,252,,00-0010807,,,,,,,,,,"https://static.www.nfl.com/image/private/f_auto,q_auto/league/nmxxgqglzhpjyz8vdkin",MCD542925,,32004d43-4454-2925-1890-40d43cfadd64,,,
1999,SF,DB,S,46,ACT,Tim McDonald,Timothy,McDonald,1965-01-06,74,219,,00-0010810,,,,,,,,,,"https://static.www.nfl.com/image/private/f_auto,q_auto/league/vt7echmvywb7mo5oksxb",MCD573475,,32004d43-4457-3475-aceb-41a4f3cb9969,,,
1999,MIA,WR,WR,81,ACT,O.J. McDuffie,Otis,McDuffie,1969-12-02,70,194,,00-0010824,,,,,,,,,,"https://static.www.nfl.com/image/private/f_auto,q_auto/league/wekhusa1xgj2firwcicq",MCD820525,,32004d43-4482-0525-1759-81a5ffd9f1b5,,,
1999,JAX,DB,DB,38,ACT,Blaine McElmurry,Blaine,McElmurry,1973-10-23,72,192,,00-0010825,,,,,,,,,,"https://static.www.nfl.com/image/private/f_auto,q_auto/league/nnbljmbnhp7anwsudclf",MCE128305,,32004d43-4512-8305-5c54-9ec0c7f32212,,,
1999,IND,RB,RB,34,ACT,Leeland McElroy,Leeland,McElroy,1974-06-25,69,212,,00-0010827,,,,,,,,,,"https://static.www.nfl.com/image/private/f_auto,q_auto/league/lchq1zaaxfxj1pi4rovw",MCE164324,,32004d43-4516-4324-bd0a-33c67462134f,,,
1999,TB,DL,DT,92,ACT,Anthony McFarland,Anthony,McFarland,1977-12-18,72,300,,00-0010840,,,,,,,,,,"https://static.www.nfl.com/image/private/f_auto,q_auto/league/ppuciznfqicutxeebq7s",MCF544722,,32004d43-4654-4722-32fc-a578a6917c31,,,
1999,DAL,WR,WR,83,RES,Wane McGarity,Wane,McGarity,1976-09-30,68,197,,00-0010843,,,,,,,,,,"https://static.www.nfl.com/image/private/f_auto,q_auto/league/bbsmmtduroju7wttkx5f",MCG003992,,32004d43-4700-3992-8f6b-4cafc924d3a8,,,
1999,GB,DB,DB,43,RES,Scott McGarrahan,John,McGarrahan,1974-02-12,73,198,,00-0010844,,,,,,,,,,"https://static.www.nfl.com/image/private/f_auto,q_auto/league/kzwh8ryntrxmchsuqlza",MCG007985,,32004d43-4700-7985-59d6-f7b1c4b71ef7,,,
1999,CIN,TE,TE,82,ACT,Tony McGee,Tony,McGee,1971-04-21,75,250,,00-0010859,,,,,,,,,,"https://static.www.nfl.com/image/private/f_auto,q_auto/league/j9hshc2q2643xubvkpgf",MCG234858,,32004d43-4723-4858-286d-45acbf2682e2,,,
1999,NE,DL,DE,55,ACT,Willie McGinest,William,McGinest,1971-12-11,77,265,,00-0010872,,,,,,,,,,"https://static.www.nfl.com/image/private/f_auto,q_auto/league/ezcdzlmecctflmtyn6rz",MCG423258,,32004d43-4742-3258-9023-8bd65ac41f38,,,
1999,KC,DL,DT,75,ACT,Chester McGlockton,Chester,McGlockton,1969-09-16,76,328,,00-0010874,,,,,,,,,,"https://static.www.nfl.com/image/private/f_auto,q_auto/league/rfrxzjj34v1oht6yflna",MCG487146,,32004d43-4748-7146-ba87-1bc3682d058a,,,
1999,SF,DL,DT,92,RES,Reggie McGrew,Reginald,McGrew,1976-12-16,73,301,,00-0010889,,,,,,,,,,"https://static.www.nfl.com/image/private/f_auto,q_auto/league/ahzupdpy1dutlbywfira",MCG716458,,32004d43-4771-6458-fb67-c6a0c1c53299,,,
1999,DEN,WR,WR,83,ACT,Travis McGriff,William,McGriff,1976-06-24,68,185,,00-0010892,,,,,,,,,,"https://static.www.nfl.com/image/private/f_auto,q_auto/league/lnpuuffwaobhsejwmd2a",MCG770649,,32004d43-4777-0649-a669-fc62e82da61c,,,
1999,DAL,OL,G,67,ACT,Everett McIver,Everett,McIver,1970-08-05,77,325,,00-0010917,,,,,,,,,,"https://static.www.nfl.com/image/private/f_auto,q_auto/league/pls2vbmfvpycq51hzzbv",MCI761708,,32004d43-4976-1708-d73f-1c990d85ab8c,,,
1999,GB,LB,LB,95,ACT,Keith McKenzie,Keith,McKenzie,1973-10-17,75,266,,00-0010941,,,,,,,,,,"https://static.www.nfl.com/image/private/f_auto,q_auto/league/b9e9s1jlusejukicgrqg",MCK257217,,32004d43-4b25-7217-8cf7-1d844ffcbea3,,,
1999,MIA,WR,WR,82,ACT,Kevin McKenzie,Kevin,McKenzie,1975-09-20,69,187,,00-0010942,,,,,,,,,,"https://static.www.nfl.com/image/private/f_auto,q_auto/league/v0sgyjay9sha0n31ujax",MCK262092,,32004d43-4b26-2092-ab75-990348f35647,,,
1999,GB,DB,CB,34,ACT,Mike McKenzie,Michael,McKenzie,1976-04-26,72,190,,00-0010944,,,,,,,,,,"https://static.www.nfl.com/image/private/f_auto,q_auto/league/o5xgcih6f3fipdaitr4q",MCK263484,,32004d43-4b26-3484-1fa5-c456849509a6,,,
1999,GB,OL,G,63,ACT,Raleigh McKenzie,Raleigh,McKenzie,1963-02-08,74,290,,00-0010945,,,,,,,,,,"https://static.www.nfl.com/image/private/f_auto,q_auto/league/hpso2q9kwxf07tzijhha",MCK266967,,32004d43-4b26-6967-3972-3925a20f2c98,,,
1999,ARI,RB,FB,39,ACT,Dennis McKinley,Dennis,McKinley,1976-11-03,74,245,,00-0010951,,,,,,,,,,"https://static.www.nfl.com/image/private/f_auto,q_auto/league/zsn5raym65n7f3cc5sqi",MCK395782,,32004d43-4b39-5782-ebb4-05fe5d6ff3be,,,
1999,CLE,OL,OT,66,ACT,Jeremy McKinney,Jeremy,McKinney,1976-01-06,77,301,,00-0010962,,,,,,,,,,"https://static.www.nfl.com/image/private/f_auto,q_auto/league/nmsrgm54xbsbcbywjzho",MCK471125,,32004d43-4b47-1125-55cd-016fe72cd8b9,,,
1999,IND,OL,G,76,ACT,Steve McKinney,Stephen,McKinney,1975-10-15,76,302,,00-0010966,,,,,,,,,,"https://static.www.nfl.com/image/private/f_auto,q_auto/league/iigzwbfzcxpr1smqezmm",MCK510203,,32004d43-4b51-0203-8812-bcb5cf660609,,,
1999,ARI,LB,MLB,57,ACT,Ronald McKinnon,Ronald,McKinnon,1973-09-20,72,240,,00-0010970,,,,,,,,,,"https://static.www.nfl.com/image/private/f_auto,q_auto/league/vblu89npy37ys3cpm1of",MCK662336,,32004d43-4b66-2336-6077-dfed078f6598,,,
1999,DAL,WR,WR,82,RES,James McKnight,James,McKnight,1972-06-17,73,198,,00-0010974,,,,,,,,,,"https://static.www.nfl.com/image/private/f_auto,q_auto/league/hi55zfivaqqvhhdzormy",MCK723035,,32004d43-4b72-3035-bd3d-285cb59ee5be,,,
1999,TB,LB,LB,95,ACT,John McLaughlin,John,McLaughlin,1975-11-13,76,247,,00-0010982,,,,,,,,,,"https://static.www.nfl.com/image/private/f_auto,q_auto/league/olixl6bna5s1euzo8xc7",MCL124392,,32004d43-4c12-4392-58c6-efeefcd4f6e6,,,
1999,TB,RB,RB,43,ACT,Kevin McLeod,Kevin,McLeod,1974-10-17,72,242,,00-0010994,,,,,,,,,,"https://static.www.nfl.com/image/private/f_auto,q_auto/league/vq06mpenz3w8mm0l3wkd",MCL653210,,32004d43-4c65-3210-a3d5-c949ebee9ed0,,,
1999,JAX,LB,LB,55,RES,Tom McManus,Thomas,McManus,1970-07-30,74,252,,00-0011000,,,,,,,,,,"https://static.www.nfl.com/image/private/f_auto,q_auto/league/zx9bzdknqcyt5aipyfx2",MCM243061,,32004d43-4d24-3061-873f-6252d075e505,,,
1999,SF,DB,CB,29,TRD,Mark McMillian,Mark,McMillian,1970-04-29,67,154,,00-0011013,,,,,,,,,,"https://static.www.nfl.com/image/private/f_auto,q_auto/league/kfedsjwivsaao27ql8gt",MCM607014,,32004d43-4d60-7014-7ebc-903491481643,,,
1999,WAS,DB,CB,21,ACT,Mark McMillian,Mark,McMillian,1970-04-29,67,154,,00-0011013,,,,,,,,,,"https://static.www.nfl.com/image/private/f_auto,q_auto/league/kfedsjwivsaao27ql8gt",MCM607014,,32004d43-4d60-7014-7ebc-903491481643,,,
1999,PHI,QB,QB,5,ACT,Donovan McNabb,Donovan,McNabb,1976-11-25,74,226,,00-0011022,,,,,,,,,,"https://static.www.nfl.com/image/private/f_auto,q_auto/league/wd6jjtwdweq7v3ya2pet",MCN017517,,32004d43-4e01-7517-8a83-576a11f7cbf6,,,
1999,TEN,QB,QB,9,ACT,Steve McNair,Steve,McNair,1973-02-14,74,225,,00-0011024,,,,,,,,,,"https://static.www.nfl.com/image/private/f_auto,q_auto/league/ywdddxsuykv3cuslv0xo",MCN033803,,32004d43-4e03-3803-4554-d6d41bdab7a8,,,
1999,CLE,DB,CB,47,ACT,Ryan McNeil,Ryan,McNeil,1970-10-04,74,192,,00-0011038,,,,,,,,,,"https://static.www.nfl.com/image/private/f_auto,q_auto/league/oeeebxpczwhtzkduzb82",MCN599569,,32004d43-4e59-9569-ed61-a991a07827be,,,
1999,CHI,QB,QB,8,ACT,Cade McNown,Cade,McNown,1977-01-12,73,213,,00-0011044,,,,,,,,,,"https://static.www.nfl.com/image/private/f_auto,q_auto/league/m8v7lbfvronpjqfr7k3e",MCN774854,,32004d43-4e77-4854-5500-1b1b388811a8,,,
1999,SF,DB,CB,21,RES,R.W. McQuarters,Robert,McQuarters,1976-12-21,69,198,,00-0011053,,,,,,,,,,"https://static.www.nfl.com/image/private/f_auto,q_auto/league/hpi6hxc7q6t5a0u7fnli",MCQ421290,,32004d43-5142-1290-4425-68c3333e77c0,,,
1999,CLE,DB,DB,22,RES,Tim McTyer,Timothy,McTyer,1975-12-14,71,181,,00-0011064,,,,,,,,,,"https://static.www.nfl.com/image/private/f_auto,q_auto/league/oliyvp2q60gxf5wxnpeu",MCT771256,,32004d43-5477-1256-dd28-d3fc679f8b74,,,
1999,ARI,TE,TE,87,ACT,Johnny McWilliams,Johnny,McWilliams,1972-12-14,76,267,,00-0011068,,,,,,,,,,"https://static.www.nfl.com/image/private/f_auto,q_auto/league/tcfygw82jwlotr2qifak",MCW490098,,32004d43-5749-0098-1703-16ee0714994d,,,
1999,IND,OL,OT,73,ACT,Adam Meadows,Jonathan,Meadows,1974-01-25,77,299,,00-0011075,,,,,,,,,,"https://static.www.nfl.com/image/private/f_auto,q_auto/league/rbmwhz8n20vjago0vmnw",MEA457737,,32004d45-4145-7737-d93d-05821a7e213f,,,
1999,SD,RB,RB,20,ACT,Natrone Means,Natrone,Means,1972-04-26,70,245,,00-0011081,,,,,,,,,,"https://static.www.nfl.com/image/private/f_auto,q_auto/league/agocmf6cu74jyrrlbng6",MEA778692,,32004d45-4177-8692-bd77-1b86023b5520,,,
1999,NE,LB,LB,96,ACT,Marc Megna,Marc,Megna,1976-07-30,74,245,,00-0011097,,,,,,,,,,"https://static.www.nfl.com/image/private/f_auto,q_auto/league/kgnpakw9d9uirsy9pca6",MEG650623,,32004d45-4765-0623-6d81-332f42b9a17e,,,
1999,NE,LB,LB,50,CUT,Ron Merkerson,Ron,Merkerson,1975-08-30,74,247,,00-0011127,,,,,,,,,,"https://static.www.nfl.com/image/private/f_auto,q_auto/league/dnawa5a1lcncuj7s8yds",MER339043,,32004d45-5233-9043-8612-d474e4ff6da8,,,
1999,CAR,WR,WR,82,ACT,Eric Metcalf,Eric,Metcalf,1968-01-23,70,188,,00-0011151,,,,,,,,,,"https://static.www.nfl.com/image/private/f_auto,q_auto/league/rtb4zaiesb4liauhju9c",MET118654,,32004d45-5411-8654-b693-3ef154efbf6a,,,
1999,PHI,OL,OT,63,CUT,John Michels,John,Michels,1973-03-19,79,300,,00-0011177,,,,,,,,,,"https://static.www.nfl.com/image/private/f_auto,q_auto/league/mhqiordclbbwdwv6fpoy",MIC593034,,32004d49-4359-3034-2bc9-2d33f4fc5624,,,
1999,NO,DL,DE,99,CUT,Darren Mickell,Darren,Mickell,1970-08-03,76,291,,00-0011182,,,,,,,,,,"https://static.www.nfl.com/image/private/f_auto,q_auto/league/q1luyf0pvbd9zmv7d54d",MIC744855,,32004d49-4374-4855-7824-f8e0f20ff2a8,,,
1999,NYJ,DB,CB,24,ACT,Ray Mickens,William,Mickens,1973-01-04,68,184,,00-0011186,,,,,,,,,,"https://static.www.nfl.com/image/private/f_auto,q_auto/league/fnxuo3vzbxtrrwoscjsf",MIC752210,,32004d49-4375-2210-fe98-7ee1d4948905,,,
1999,OAK,WR,WR,85,ACT,Terry Mickens,Terry,Mickens,1971-02-21,73,200,,00-0011187,,,,,,,,,,"https://static.www.nfl.com/image/private/f_auto,q_auto/league/dgao7i7iss2qf4we4tpl",MIC746816,,32004d49-4374-6816-7155-01d3f10095b7,,,
1999,TB,OL,G,73,ACT,Frank Middleton,Frank,Middleton,1974-10-25,75,334,,00-0011192,,,,,,,,,,"https://static.www.nfl.com/image/private/f_auto,q_auto/league/dbtxu0wgbnzgedrdyzwl",MID326982,,32004d49-4432-6982-f25c-ff0bcf0a9e96,,,
1999,TB,QB,QB,13,ACT,Scott Milanovich,Scott,Milanovich,1973-01-25,75,220,,00-0011210,,,,,,,,,,"https://static.www.nfl.com/image/private/f_auto,q_auto/league/c2zxxq36nex9zgb0hmqe",MIL034262,,32004d49-4c03-4262-4638-d00783f8d34d,,,
1999,CHI,RB,RB,24,ACT,Glyn Milburn,Glyn,Milburn,1971-02-19,68,174,,00-0011213,,,,,,,,,,"https://static.www.nfl.com/image/private/f_auto,q_auto/league/kk7n3rfpwoovefqdo8kl",MIL038374,,32004d49-4c03-8374-cbff-91591481d8a6,,,
1999,SEA,TE,TE,49,ACT,Itula Mili,Itula,Mili,1973-04-20,76,265,,00-0011224,,,,,,,,,,"https://static.www.nfl.com/image/private/f_auto,q_auto/league/pvlvvc4dopipwbzzzqjb",MIL071951,,32004d49-4c07-1951-689e-b1ab2924783e,,,
1999,CLE,DL,DE,98,ACT,Arnold Miller,Arnold,Miller,1975-01-03,75,239,,00-0011234,,,,,,,,,,"https://static.www.nfl.com/image/private/f_auto,q_auto/league/xqrdsqhjzonvvg6xxiom",MIL140304,,32004d49-4c14-0304-108c-40d0bb9c552a,,,
1999,DEN,WR,WR,82,ACT,Billy Miller,Billy,Miller,1977-04-24,75,215,,00-0011236,,,,,,,,,,"https://static.www.nfl.com/image/private/f_auto,q_auto/league/bhqkzrqlqbyqy1ktwq60",MIL141332,,32004d49-4c14-1332-16e6-cc2eb792a572,,,
1999,PHI,OL,C,65,ACT,Bubba Miller,Stephen,Miller,1973-01-24,73,305,,00-0011241,,,,,,,,,,"https://static.www.nfl.com/image/private/f_auto,q_auto/league/finrxvzpix9mep9wgxhz",MIL571498,,32004d49-4c57-1498-cc98-359a42c3828c,,,
1999,DEN,QB,QB,12,ACT,Chris Miller,Christopher,Miller,1965-08-09,74,212,,00-0011244,,,,,,,,,,"https://static.www.nfl.com/image/private/f_auto,q_auto/league/eiw2i7hukjtbs8doow2b",MIL180906,,32004d49-4c18-0906-c2b4-36708b6d7a0d,,,
1999,MIN,LB,LB,59,ACT,Corey Miller,Corey,Miller,1968-10-25,74,245,,00-0011249,,,,,,,,,,"https://static.www.nfl.com/image/private/f_auto,q_auto/league/hstzloi9hdev1jq2llq4",MIL201463,,32004d49-4c20-1463-bf91-37add7499479,,,
1999,STL,OL,OT,73,ACT,Fred Miller,Fred,Miller,1973-02-06,79,315,,00-0011266,,,,,,,,,,"https://static.www.nfl.com/image/private/f_auto,q_auto/league/vqgmy08qa8gianwtume6",MIL259024,,32004d49-4c25-9024-89f0-77f5be5991c2,,,
1999,CLE,LB,OLB,95,ACT,Jamir Miller,Jamir,Miller,1973-11-19,77,266,,00-0011268,,,,,,,,,,"https://static.www.nfl.com/image/private/f_auto,q_auto/league/xcbb3lbprnn41nxu0c4g",MIL324621,,32004d49-4c32-4621-a918-3323d5eace35,,,
1999,CHI,QB,QB,15,SUS,Jim Miller,James,Miller,1971-02-09,74,218,,00-0011276,,,,,,,,,,"https://static.www.nfl.com/image/private/f_auto,q_auto/league/p61l8tusatojk5gicpkp",MIL305724,,32004d49-4c30-5724-9454-b11de74b46a0,,,
1999,PIT,SPEC,P,4,ACT,Josh Miller,Joshua,Miller,1970-07-14,75,219,,00-0011279,,,,,,,,,,"https://static.www.nfl.com/image/private/f_auto,q_auto/league/c483jsfaglqodcq1uxxn",MIL365923,,32004d49-4c36-5923-4d0f-67b94a840820,,,
1999,NE,DB,S,36,ACT,Lawyer Milloy,Lawyer,Milloy,1973-11-14,72,208,,00-0011326,,,,,,,,,,"https://static.www.nfl.com/image/private/f_auto,q_auto/league/c2dojuntu0bozpu4vihf",MIL667707,,32004d49-4c66-7707-dd7b-16d62817c96e,,,
1999,DAL,WR,WR,80,ACT,Ernie Mills,Ernest,Mills,1968-10-28,71,198,,00-0011328,,,,,,,,,,"https://static.www.nfl.com/image/private/f_auto,q_auto/league/b7nmfhudprwoh3ttmdyc",MIL683879,,32004d49-4c68-3879-a0ac-daa44ab7af1f,,,
1999,MIN,RB,RB,45,RES,John Henry Mills,John,Mills,1969-10-31,72,230,,00-0011333,,,,,,,,,,"https://static.www.nfl.com/image/private/f_auto,q_auto/league/ghdzue7rigokjopn2doo",MIL703066,,32004d49-4c70-3066-5bcd-a721576af872,,,
1999,SEA,RB,RB,44,ACT,Brian Milne,Brian,Milne,1973-01-07,75,255,,00-0011341,,,,,,,,,,"https://static.www.nfl.com/image/private/f_auto,q_auto/league/j209xllpalbqfr5acltu",MIL755488,,32004d49-4c75-5488-e349-e2f46572ba81,,,
1999,CIN,RB,RB,44,TRD,Brian Milne,Brian,Milne,1973-01-07,75,255,,00-0011341,,,,,,,,,,"https://static.www.nfl.com/image/private/f_auto,q_auto/league/j209xllpalbqfr5acltu",MIL755488,,32004d49-4c75-5488-e349-e2f46572ba81,,,
1999,WAS,OL,G,69,ACT,Rod Milstead,Roderick,Milstead,1969-11-10,74,290,,00-0011344,,,,,,,,,,"https://static.www.nfl.com/image/private/f_auto,q_auto/league/ixe6hfpnnq7wxlszpmae",MIL793519,,32004d49-4c79-3519-bc49-77236ffbd44a,,,
1999,SD,DL,DE,94,CUT,Chris Mims,Christopher,Mims,1970-09-29,77,300,,00-0011350,,,,,,,,,,"https://static.www.nfl.com/image/private/f_auto,q_auto/league/iwyn7aicj3bkmxoaoz3x",MIM605274,,32004d49-4d60-5274-8c2c-5085a9bdb667,,,
1999,OAK,DB,FS,22,ACT,Charles Mincy,Charles,Mincy,1969-12-16,72,195,,00-0011353,,,,,,,,,,"https://static.www.nfl.com/image/private/f_auto,q_auto/league/twdxrgqvlidniodsolmz",MIN073285,,32004d49-4e07-3285-c11f-3a881318d7cd,,,
1999,CAR,LB,LB,52,ACT,Kory Minor,Kory,Minor,1976-12-14,72,247,,00-0011366,,,,,,,,,,"https://static.www.nfl.com/image/private/f_auto,q_auto/league/x11itukpgxqiw7j8aace",MIN531998,,32004d49-4e53-1998-3bc8-c932cfee138c,,,
1999,CHI,LB,OLB,92,ACT,Barry Minter,Barry,Minter,1970-01-28,74,245,,00-0011369,,,,,,,,,,"https://static.www.nfl.com/image/private/f_auto,q_auto/league/ttwn8hufkjz1dqjheezm",MIN623891,,32004d49-4e62-3891-fc9e-b1780572f044,,,
1999,CAR,DB,FS,30,ACT,Mike Minter,Michael,Minter,1974-01-15,70,188,,00-0011372,,,,,,,,,,"https://static.www.nfl.com/image/private/f_auto,q_auto/league/fvtp8ksnol1yxbpgcj4g",MIN678748,,32004d49-4e67-8748-5c7e-93ad9b2c313a,,,
1999,IND,DB,DB,21,ACT,Paul Miranda,Paul,Miranda,1976-05-02,70,184,,00-0011377,,,,,,,,,,"https://static.www.nfl.com/image/private/f_auto,q_auto/league/cfv9hn6oqxlw3uahgctt",MIR428790,,32004d49-5242-8790-e2f5-d615ebd5ecb9,,,
1999,NYJ,QB,QB,3,ACT,Rick Mirer,Rick,Mirer,1970-03-19,75,212,,00-0011378,,,,,,,,,,"https://static.www.nfl.com/image/private/f_auto,q_auto/league/ivjjvb7urzhuannrkruf",MIR519112,,32004d49-5251-9112-13e2-2d0b58354648,,,
1999,BAL,DB,DB,42,ACT,Anthony Mitchell,Anthony,Mitchell,1974-12-13,73,211,,00-0011390,,,,,,,,,,"https://static.www.nfl.com/image/private/f_auto,q_auto/league/iga3brgavzcbkugcgfec",MIT115602,,32004d49-5411-5602-7d3b-bb0df0e805d8,,,
1999,GB,RB,RB,28,ACT,Basil Mitchell,Basil,Mitchell,1975-09-07,70,200,,00-0011392,,,,,,,,,,"https://static.www.nfl.com/image/private/f_auto,q_auto/league/ye06atxor0eeh9mv8xzc",MIT122326,,32004d49-5412-2326-c15d-1ca0276d67cf,,,
1999,NE,DL,DE,98,ACT,Brandon Mitchell,Brandon,Mitchell,1975-06-19,75,289,,00-0011398,,,,,,,,,,"https://static.www.nfl.com/image/private/f_auto,q_auto/league/qlyqyaohdkomut9xk7j9",MIT131572,,32004d49-5413-1572-2425-e70bf4bf60bf,,,
1999,WAS,RB,RB,30,ACT,Brian Mitchell,Brian,Mitchell,1968-08-18,70,221,,00-0011399,,,,,,,,,,"https://static.www.nfl.com/image/private/f_auto,q_auto/league/bwm0n70rbfm6zo2xyjrr",MIT134688,,32004d49-5413-4688-1a03-b1725599117f,,,
1999,TEN,DB,DB,30,ACT,Donald Mitchell,Donald,Mitchell,1976-12-14,69,185,,00-0011407,,,,,,,,,,"https://static.www.nfl.com/image/private/f_auto,q_auto/league/iqwfnpk9a5muyumf5303",MIT233480,,32004d49-5423-3480-111d-45e996d1bad5,,,
1999,BAL,OL,C,60,ACT,Jeff Mitchell,Jeffrey,Mitchell,1974-01-29,76,300,,00-0011411,,,,,,,,,,"https://static.www.nfl.com/image/private/f_auto,q_auto/league/mntsd4git6hqgn79ra2d",MIT361739,,32004d49-5436-1739-75be-52e8437e4655,,,
1999,NO,LB,OLB,59,ACT,Keith Mitchell,Clarence,Mitchell,1974-07-24,74,245,,00-0011413,,,,,,,,,,"https://static.www.nfl.com/image/private/f_auto,q_auto/league/msz6vk9ecnzpx6u1gt9t",MIT194933,,32004d49-5419-4933-40dc-9063fd825c74,,,
1999,NO,LB,LB,50,ACT,Kevin Mitchell,Kevin,Mitchell,1971-01-01,73,250,,00-0011415,,,,,,,,,,"https://static.www.nfl.com/image/private/f_auto,q_auto/league/q7aa5pg2gxhac6s6mr5s",MIT389866,,32004d49-5438-9866-56ca-6fcc44a216dc,,,
1999,NYG,TE,TE,83,ACT,Pete Mitchell,Peter,Mitchell,1971-10-09,74,245,,00-0011425,,,,,,,,,,"https://static.www.nfl.com/image/private/f_auto,q_auto/league/ojnpvem1zg62ig2ghorh",MIT619564,,32004d49-5461-9564-3cc4-a1239e7c1fc6,,,
1999,BAL,QB,QB,19,ACT,Scott Mitchell,William,Mitchell,1968-01-02,78,245,,00-0011434,,,,,,,,,,"https://static.www.nfl.com/image/private/f_auto,q_auto/league/fz0nlfjxrivr2uofgv3o",MIT766982,,32004d49-5476-6982-8686-c1504b2b94e3,,,
1999,MIA,DL,DE,79,ACT,Kenny Mixon,Kenneth,Mixon,1975-05-31,76,282,,00-0011446,,,,,,,,,,"https://static.www.nfl.com/image/private/f_auto,q_auto/league/wwkibwsvo9vkgg4w75fo",MIX565722,,32004d49-5856-5722-a3b0-4d6238ac119f,,,
1999,DEN,LB,LB,51,RES,John Mobley,John,Mobley,1973-10-10,73,236,,00-0011449,,,,,,,,,,"https://static.www.nfl.com/image/private/f_auto,q_auto/league/iwogf93uryvbgkcqzriz",MOB265611,,32004d4f-4226-5611-fd0a-aefd1bf327b4,,,
1999,DAL,DB,DB,27,ACT,Singor Mobley,Singor,Mobley,1972-10-12,71,195,,00-0011451,,,,,,,,,,"https://static.www.nfl.com/image/private/f_auto,q_auto/league/gvspcickne6j1uljllao",MOB543222,,32004d4f-4254-3222-9e87-bae9515dd49d,,,
1999,BUF,SPEC,P,9,ACT,Chris Mohr,Christopher,Mohr,1966-05-11,77,215,,00-0011463,,,,,,,,,,"https://static.www.nfl.com/image/private/f_auto,q_auto/league/q3zrf7ahoxnmphscv7cy",MOH332232,,32004d4f-4833-2232-76c6-4aae5727d52a,,,
1999,SD,DL,DT,98,ACT,Mike Mohring,Michael,Mohring,1974-03-22,77,295,,00-0011464,,,,,,,,,,"https://static.www.nfl.com/image/private/f_auto,q_auto/league/qqxobtcpqdcud3tnuqs1",MOH508848,,32004d4f-4850-8848-155a-abf3d57db590,,,
1999,NO,DB,DB,25,ACT,Alex Molden,Alex,Molden,1973-08-04,70,190,,00-0011470,,,,,,,,,,"https://static.www.nfl.com/image/private/f_auto,q_auto/league/ygszybdoeseuo6dktpwt",MOL127180,,32004d4f-4c12-7180-79a8-56296fa35958,,,
1999,ATL,TE,TE,84,ACT,Rod Monroe,Rodrick,Monroe,1976-07-30,76,254,,00-0011488,,,,,,,,,,"https://static.www.nfl.com/image/private/f_auto,q_auto/league/sk2jrwm1kmgj1fyxuzrv",MON311173,,32004d4f-4e31-1173-a463-6274db6aea00,,,
1999,SF,DB,DB,24,RES,Monty Montgomery,Delmonico,Montgomery,1973-12-08,71,197,,00-0011502,,,,,,,,,,"https://static.www.nfl.com/image/private/f_auto,q_auto/league/h8d0qflamthpsnb2gv0y",MON490258,,32004d4f-4e49-0258-65fd-0bb7541e1891,,,
1999,IND,DB,DB,34,TRC,Monty Montgomery,Delmonico,Montgomery,1973-12-08,71,197,,00-0011502,,,,,,,,,,"https://static.www.nfl.com/image/private/f_auto,q_auto/league/h8d0qflamthpsnb2gv0y",MON490258,,32004d4f-4e49-0258-65fd-0bb7541e1891,,,
1999,NYG,RB,RB,25,ACT,Joe Montgomery,Joe,Montgomery,1976-06-08,70,230,,00-0011506,,,,,,,,,,"https://static.www.nfl.com/image/private/f_auto,q_auto/league/br7kban8vmzzncqspteo",MON587185,,32004d4f-4e58-7185-8a98-c13342a4e257,,,
1999,NYG,LB,LB,51,ACT,Pete Monty,Peter,Monty,1974-07-03,74,250,,00-0011516,,,,,,,,,,"https://static.www.nfl.com/image/private/f_auto,q_auto/league/ekpo4jbftxsszsoph1l9",MON824809,,32004d4f-4e82-4809-f7e4-43e230198c62,,,
1999,KC,QB,QB,1,ACT,Warren Moon,Harold,Moon,1956-11-18,75,218,,00-0011524,,,,,,,,,,"https://static.www.nfl.com/image/private/f_auto,q_auto/league/nmnwarb1fy1d8xrefvfc",MOO057675,,32004d4f-4f05-7675-86d2-2829a12c6d4a,,,
1999,PHI,DB,S,43,ACT,Damon Moore,Damon,Moore,1976-09-15,71,215,,00-0011545,,,,,,,,,,"https://static.www.nfl.com/image/private/f_auto,q_auto/league/ylekujmcy7nwkt5mpsrr",MOO239351,,32004d4f-4f23-9351-8029-5a3ff1a4e145,,,
1999,TB,TE,TE,83,ACT,Dave Moore,David,Moore,1969-11-11,74,258,,00-0011551,,,,,,,,,,"https://static.www.nfl.com/image/private/f_auto,q_auto/league/dpkynnhekynii7fskyll",MOO250886,,32004d4f-4f25-0886-9253-2ca7989fbc2a,,,
1999,DET,WR,WR,84,ACT,Herman Moore,Herman,Moore,1969-10-20,76,224,,00-0011568,,,,,,,,,,"https://static.www.nfl.com/image/private/f_auto,q_auto/league/hkor0gcjgusc9ezhtuco",MOO374887,,32004d4f-4f37-4887-242a-3cf709984560,,,
1999,DEN,DB,DB,23,ACT,Jason Moore,Jason,Moore,1976-01-15,70,191,,00-0011570,,,,,,,,,,"https://static.www.nfl.com/image/private/f_auto,q_auto/league/anrloe34u1weegcqxgco",MOO386422,,32004d4f-4f38-6422-e6a7-584d177c7e3e,,,
1999,CIN,DB,DB,29,RES,Kelvin Moore,Kelvin,Moore,1975-03-07,72,203,,00-0011580,,,,,,,,,,"https://static.www.nfl.com/image/private/f_auto,q_auto/league/qm7kwxiduo3bitlygzt7",MOO446606,,32004d4f-4f44-6606-ab47-5a8ee3b90007,,,
1999,IND,OL,C,50,ACT,Larry Moore,Larry,Moore,1975-06-01,74,312,,00-0011585,,,,,,,,,,"https://static.www.nfl.com/image/private/f_auto,q_auto/league/tn8ow0jc0bm4zzdk2lzz",MOO470051,,32004d4f-4f47-0051-907d-abd8332ec980,,,
1999,NE,LB,LB,58,ACT,Marty Moore,Martin,Moore,1971-03-19,73,245,,00-0011592,,,,,,,,,,"https://static.www.nfl.com/image/private/f_auto,q_auto/league/gnesj2ptywmnqnpubgrd",MOO547912,,32004d4f-4f54-7912-ab3b-20b51e1a7dd5,,,
1999,ARI,WR,WR,85,ACT,Rob Moore,Robert,Moore,1968-09-27,75,202,,00-0011601,,,,,,,,,,"https://static.www.nfl.com/image/private/f_auto,q_auto/league/e7qxf8u4uexvpi1kilf2",MOO663262,,32004d4f-4f66-3262-86fc-3cffbef9d6b5,,,
1999,BAL,DB,DB,27,RES,Stevon Moore,Stevon,Moore,1967-02-09,71,210,,00-0011613,,,,,,,,,,"https://static.www.nfl.com/image/private/f_auto,q_auto/league/zrj9wlv905kf8vpqsott",MOO703635,,32004d4f-4f70-3635-1788-8e6b6458b324,,,
1999,CAR,DL,DT,90,ACT,Tim Morabito,Timothy,Morabito,1973-10-12,75,296,,00-0011629,,,,,,,,,,"https://static.www.nfl.com/image/private/f_auto,q_auto/league/zzxqiursy13pvgstgomg",MOR004943,,32004d4f-5200-4943-871f-6c6b6ad389f6,,,
1999,BUF,DL,DT,98,ACT,Sean Moran,Sean,Moran,1973-06-05,75,275,,00-0011634,,,,,,,,,,"https://static.www.nfl.com/image/private/f_auto,q_auto/league/zm4j1xqaqfukvabmdogh",MOR080512,,32004d4f-5208-0512-6027-67970c98e992,,,
1999,SD,QB,QB,13,ACT,Moses Moreno,Moses,Moreno,1975-09-05,73,205,,00-0011640,,,,,,,,,,"https://static.www.nfl.com/image/private/f_auto,q_auto/league/ylhk1idc4vc0pie8qrno",MOR121071,,32004d4f-5212-1071-818b-b6c3d4d432b2,,,
1999,NE,WR,WR,85,ACT,Sean Morey,Sean,Morey,1976-02-26,71,190,,00-0011641,,,,,,,,,,"https://static.www.nfl.com/image/private/f_auto,q_auto/league/na2q8gzhkuwxhmfnuovd",MOR131362,,32004d4f-5213-1362-efc4-e1466b23d69d,,,
1999,JAX,DB,DB,26,RES,Dee Moronkola,Adesola,Moronkola,1977-07-01,68,192,,00-0011666,,,,,,,,,,"https://static.www.nfl.com/image/private/f_auto,q_auto/league/kczd69vtv73keidvonpm",MOR292387,,32004d4f-5229-2387-5844-47619fe1ca4e,,,
1999,KC,RB,RB,39,ACT,Bam Morris,Byron,Morris,1972-01-13,72,259,,00-0011675,,,,,,,,,,"https://static.www.nfl.com/image/private/f_auto,q_auto/league/xfamzuumuo1jqoibkcvu",MOR319931,,32004d4f-5231-9931-31c7-47428fa58095,,,
1999,MIN,OL,C,68,ACT,Mike Morris,Michael,Morris,1961-02-22,77,290,,00-0011691,,,,,,,,,,"https://static.www.nfl.com/image/private/f_auto,q_auto/league/eignsww3wwgmthn4zm4r",MOR474600,,32004d4f-5247-4600-1290-af472f7b7fc4,,,
1999,MIN,RB,RB,33,ACT,Harold Morrow,Harold,Morrow,1973-02-24,71,224,,00-0011718,,,,,,,,,,"https://static.www.nfl.com/image/private/f_auto,q_auto/league/rlafcfxdxiqj7avhoccb",MOR682237,,32004d4f-5268-2237-5f2f-80d8f0591691,,,
1999,DET,WR,WR,87,ACT,Johnnie Morton,Johnnie,Morton,1971-10-07,72,190,,00-0011727,,,,,,,,,,"https://static.www.nfl.com/image/private/f_auto,q_auto/league/vgd3ryl2ptbmgth4jq7x",MOR800887,,32004d4f-5280-0887-8e92-c4b9248fd23b,,,
1999,STL,LB,LB,58,ACT,Mike Morton,Michael,Morton,1972-03-28,76,235,,00-0011729,,,,,,,,,,"https://static.www.nfl.com/image/private/f_auto,q_auto/league/ra56qdllwhke9sjfggnf",MOR809362,,32004d4f-5280-9362-65da-3ac9182913c1,,,
1999,MIN,WR,WR,84,ACT,Randy Moss,Randy,Moss,1977-02-13,76,198,,00-0011754,1433,5eabacfc-d1ab-42f3-a46f-df0c4bbc2d53,,909,342,MossRa00,,,,"https://static.www.nfl.com/image/private/f_auto,q_auto/league/udotyrimbuirasxxkd8p",MOS699912,,32004d4f-5369-9912-a496-470d897de398,,,
1999,NE,OL,OT,77,ACT,Zefross Moss,Zefross,Moss,1966-08-17,78,325,,00-0011758,,,,,,,,,,"https://static.www.nfl.com/image/private/f_auto,q_auto/league/mgw07vaqwnxujtzntnyb",MOS771238,,32004d4f-5377-1238-7b94-0b838769ebf1,,,
1999,ARI,DL,DT,74,RES,Mike Moten,Michael,Moten,1974-03-12,77,266,,00-0011764,,,,,,,,,,"https://static.www.nfl.com/image/private/f_auto,q_auto/league/y1tanmoiyb47akssqwdi",MOT318011,,32004d4f-5431-8011-9c00-a305ab5e4f48,,,
1999,BUF,WR,WR,80,ACT,Eric Moulds,Eric,Moulds,1973-07-17,72,204,,00-0011770,,,,,,,,,,"https://static.www.nfl.com/image/private/f_auto,q_auto/league/zsgfiuckq4ha4j39dyue",MOU359918,,32004d4f-5535-9918-af12-7ce1b0e4f9f7,,,
1999,CAR,WR,WR,87,ACT,Muhsin Muhammad,Muhsin,Muhammad,1973-05-05,74,217,,00-0011795,,,,,,,,,,"https://static.www.nfl.com/image/private/f_auto,q_auto/league/voncnllz8vmiq1rnclqz",MUH425040,,32004d55-4842-5040-1e83-ee42386195b5,,,
1999,IND,DB,DB,31,ACT,Mustafah Muhammad,Mustafah,Muhammad,1973-10-19,70,180,,00-0011796,,,,,,,,,,"https://static.www.nfl.com/image/private/f_auto,q_auto/league/txhlv8gy4govuiwyaodq",MUH433290,,32004d55-4843-3290-8444-217f1ce5bd7a,,,
1999,BAL,OL,G,64,ACT,Edwin Mulitalo,Edwin,Mulitalo,1974-09-01,75,340,,00-0011803,,,,,,,,,,"https://static.www.nfl.com/image/private/f_auto,q_auto/league/osfjk1sc6syr3urfgqpr",MUL140625,,32004d55-4c14-0625-cafa-1d342e20569f,,,
1999,CAR,DB,DB,28,ACT,Roderick Mullen,Roderick,Mullen,1972-12-05,73,202,,00-0011811,,,,,,,,,,"https://static.www.nfl.com/image/private/f_auto,q_auto/league/aekit3pimbmzbikwlvwj",MUL349874,,32004d55-4c34-9874-d441-ae2243104ab6,,,
1999,TB,WR,WR,88,TRT,Yo Murphy,Llewellyan,Murphy,1973-05-11,70,178,,00-0011854,,,,,,,,,,"https://static.www.nfl.com/image/private/f_auto,q_auto/league/jzcxwhxle9xtievn8zm2",MUR516579,,32004d55-5251-6579-5609-82e562460192,,,
1999,MIN,WR,WR,19,CUT,Yo Murphy,Llewellyan,Murphy,1973-05-11,70,178,,00-0011854,,,,,,,,,,"https://static.www.nfl.com/image/private/f_auto,q_auto/league/jzcxwhxle9xtievn8zm2",MUR516579,,32004d55-5251-6579-5609-82e562460192,,,
1999,DAL,SPEC,K,3,ACT,Eddie Murray,Edward,Murray,1956-08-29,71,195,,00-0011859,,,,,,,,,,"https://static.www.nfl.com/image/private/f_auto,q_auto/league/bxywc4m8gikzzzbancry",MUR607740,,32004d55-5260-7740-9f22-1de17e7a4532,,,
1999,ARI,RB,RB,29,ACT,Adrian Murrell,Adrian,Murrell,1970-10-16,71,211,,00-0011869,,,,,,,,,,"https://static.www.nfl.com/image/private/f_auto,q_auto/league/dmscpc4mczzclvw06xss",MUR719159,,32004d55-5271-9159-2192-f8b6a4c8ac03,,,
1999,CIN,DB,FS,31,ACT,Greg Myers,Gregory,Myers,1972-09-30,73,202,,00-0011885,,,,,,,,,,"https://static.www.nfl.com/image/private/f_auto,q_auto/league/fjwppztwspditwywmspq",MYE370793,,32004d59-4537-0793-96ed-f3877a7bd3a5,,,
1999,DAL,DL,DT,94,ACT,Michael Myers,Michael,Myers,1976-01-20,74,288,,00-0011886,,,,,,,,,,"https://static.www.nfl.com/image/private/f_auto,q_auto/league/iyd2hsunomwkxunqmd2u",MYE444952,,32004d59-4544-4952-f6fa-4dcb460b821d,,,
1999,SEA,LB,LB,50,RES,DeShone Myles,DeShone,Myles,1974-10-31,74,235,,00-0011894,,,,,,,,,,"https://static.www.nfl.com/image/private/f_auto,q_auto/league/rcmahemlgx32svc22o0w",MYL252861,,32004d59-4c25-2861-f0ed-2014729aa0ac,,,
1999,NYG,OL,OT,70,ACT,Toby Myles,Tobiath,Myles,1975-07-23,77,315,,00-0011899,,,,,,,,,,"https://static.www.nfl.com/image/private/f_auto,q_auto/league/bjrk7jko2d3dvgphc7mq",MYL576972,,32004d59-4c57-6972-9573-3f9a64aff74b,,,
1999,DAL,OL,G,62,ACT,Tom Myslinski,Thomas,Myslinski,1968-12-07,75,293,,00-0011902,,,,,,,,,,"https://static.www.nfl.com/image/private/f_auto,q_auto/league/uyvph9j1ytnz3zhavbgp",MYS385627,,32004d59-5338-5627-60cc-5f7d4d2e55fb,,,
1999,NO,OL,G,65,ACT,Chris Naeole,Christopher,Naeole,1974-12-25,75,313,,00-0011905,,,,,,,,,,"https://static.www.nfl.com/image/private/f_auto,q_auto/league/l6081tfysdqtois6a79u",NAE474619,,32004e41-4547-4619-e44a-c91d58a70b8d,,,
1999,BUF,OL,G,74,ACT,Jamie Nails,Jamie,Nails,1977-06-03,78,354,,00-0011908,,,,,,,,,,"https://static.www.nfl.com/image/private/f_auto,q_auto/league/wctujlictg09y148irsg",NAI134969,,32004e41-4913-4969-eb1c-605e95a12693,,,
1999,DEN,OL,C,66,ACT,Tom Nalen,Thomas,Nalen,1971-05-13,75,286,,00-0011915,,,,,,,,,,"https://static.www.nfl.com/image/private/f_auto,q_auto/league/wyhctr99favissuzammg",NAL177981,,32004e41-4c17-7981-77b4-bf84c6113f5c,,,
1999,DEN,WR,WR,82,TRD,Marcus Nash,Marcus,Nash,1976-02-01,75,195,,00-0011932,,,,,,,,,,"https://static.www.nfl.com/image/private/f_auto,q_auto/league/cfqte9bnugbgakehtuv6",NAS338384,,32004e41-5333-8384-5d23-5f4abfe500e7,,,
1999,BAL,WR,WR,11,ACT,Marcus Nash,Marcus,Nash,1976-02-01,75,195,,00-0011932,,,,,,,,,,"https://static.www.nfl.com/image/private/f_auto,q_auto/league/cfqte9bnugbgakehtuv6",NAS338384,,32004e41-5333-8384-5d23-5f4abfe500e7,,,
1999,CAR,LB,LB,53,ACT,Hannibal Navies,Hannibal,Navies,1977-07-19,74,240,,00-0011945,,,,,,,,,,"https://static.www.nfl.com/image/private/f_auto,q_auto/league/uume1io796g5gyj4wboc",NAV490798,,32004e41-5649-0798-4580-da8bd3e01ef0,,,
1999,TEN,RB,FB,41,ACT,Lorenzo Neal,Lorenzo,Neal,1970-12-27,71,240,,00-0011958,,,,,,,,,,"https://static.www.nfl.com/image/private/f_auto,q_auto/league/tsuqbitfgkxsemjowcyw",NEA237924,,32004e45-4123-7924-5779-4e5f5fe41d3b,,,
1999,ARI,SPEC,K,6,TRC,Joe Nedney,Joseph,Nedney,1973-03-22,77,218,,00-0011970,,,,,,,,,,"https://static.www.nfl.com/image/private/f_auto,q_auto/league/zrsxfmwsgeacb04jktvn",NED444954,,32004e45-4444-4954-c255-f263261604fb,,,
1999,OAK,SPEC,K,6,ACT,Joe Nedney,Joseph,Nedney,1973-03-22,77,218,,00-0011970,,,,,,,,,,"https://static.www.nfl.com/image/private/f_auto,q_auto/league/zrsxfmwsgeacb04jktvn",NED444954,,32004e45-4444-4954-c255-f263261604fb,,,
1999,BAL,SPEC,K,6,TRD,Joe Nedney,Joseph,Nedney,1973-03-22,77,218,,00-0011970,,,,,,,,,,"https://static.www.nfl.com/image/private/f_auto,q_auto/league/zrsxfmwsgeacb04jktvn",NED444954,,32004e45-4444-4954-c255-f263261604fb,,,
1999,DEN,OL,G,62,ACT,Dan Neil,Daniel,Neil,1973-10-21,74,281,,00-0011983,,,,,,,,,,"https://static.www.nfl.com/image/private/f_auto,q_auto/league/spvxrrvrtysym6u8pnef",NEI485598,,32004e45-4948-5598-a980-53a4573b118c,,,
1999,GB,LB,LB,57,ACT,Jim Nelson,James,Nelson,1975-04-16,73,238,,00-0012005,,,,,,,,,,"https://static.www.nfl.com/image/private/f_auto,q_auto/league/oartezo3faoqla31xjcc",NEL503598,,32004e45-4c50-3598-d20f-b4548df7cf96,,,
1999,SD,OL,G,66,ACT,Reggie Nelson,Reginald,Nelson,1976-06-23,76,310,,00-0012015,,,,,,,,,,"https://static.www.nfl.com/image/private/f_auto,q_auto/league/pcpi9z75s6ct3lcfzj4d",NEL624912,,32004e45-4c62-4912-631a-b77c41c6d013,,,
1999,CAR,OL,C,63,ACT,Jamar Nesbit,Jamar,Nesbit,1976-12-17,76,329,,00-0012023,,,,,,,,,,"https://static.www.nfl.com/image/private/f_auto,q_auto/league/zmtumkatytjgf9p7yy3p",NES069787,,32004e45-5306-9787-1fd8-fa64d554d392,,,
1999,JAX,OL,C,65,ACT,Quentin Neujahr,Quentin,Neujahr,1971-01-30,76,294,,00-0012037,,,,,,,,,,"https://static.www.nfl.com/image/private/f_auto,q_auto/league/m9yc5z4v53nr6l7vjqy3",NEU398678,,32004e45-5539-8678-6a51-dc50dd408c93,,,
1999,JAX,LB,LB,61,RES,Jason Nevadomsky,Jason,Nevadomsky,1975-11-08,74,240,,00-0012038,,,,,,,,,,"https://static.www.nfl.com/image/private/f_auto,q_auto/league/h42y8mmvw7r9vmtjdjhk",NEV055246,,32004e45-5605-5246-5571-618a37af30ff,,,
1999,SF,OL,G,62,ACT,Jeremy Newberry,Jeremy,Newberry,1976-03-23,77,315,,00-0012042,,,,,,,,,,"https://static.www.nfl.com/image/private/f_auto,q_auto/league/fkkoslxtyxxfb1nwzvqd",NEW151008,,32004e45-5715-1008-5ac1-6cc2b0c9d1cb,,,
1999,GB,OL,C,64,ACT,Mike Newell,Michael,Newell,1976-07-22,76,300,,00-0012050,,,,,,,,,,"https://static.www.nfl.com/image/private/f_auto,q_auto/league/wiaemeiljfik2js8ssec",NEW207645,,32004e45-5720-7645-e91d-2e515ee75533,,,
1999,OAK,DB,S,30,ACT,Anthony Newman,Anthony,Newman,1965-11-25,72,215,,00-0012056,,,,,,,,,,"https://static.www.nfl.com/image/private/f_auto,q_auto/league/dtbjfn1kodhcmlt4cahw",NEW321516,,32004e45-5732-1516-fd88-2d1b9b27faea,,,
1999,BUF,LB,LB,53,ACT,Keith Newman,Keith,Newman,1977-01-19,74,243,,00-0012059,,,,,,,,,,"https://static.www.nfl.com/image/private/f_auto,q_auto/league/hbgbfnfwvhwmrfzsbudg",NEW421989,,32004e45-5742-1989-8885-cb34c6e0fbaf,,,
1999,SF,DB,DB,27,ACT,Craig Newsome,Craig,Newsome,1971-08-10,72,188,,00-0012066,,,,,,,,,,"https://static.www.nfl.com/image/private/f_auto,q_auto/league/neghaz7wadtram42pxlr",NEW552153,,32004e45-5755-2153-dba8-05aa624bbfac,,,
1999,CAR,OL,G,58,RES,Nate Newton,Nathaniel,Newton,1961-12-20,75,335,,00-0012081,,,,,,,,,,"https://static.www.nfl.com/image/private/f_auto,q_auto/league/dbgczukxafswgg8sjeq1",NEW723411,,32004e45-5772-3411-9b63-585fcd967c30,,,
1999,DAL,LB,LB,59,ACT,Dat Nguyen,Dat,Nguyen,1975-09-25,71,231,,00-0012085,,,,,,,,,,"https://static.www.nfl.com/image/private/f_auto,q_auto/league/dy1ueryz1mztxtdqwxs6",NGU771256,,32004e47-5577-1256-b178-2ac10ed8ef60,,,
1999,TB,LB,MLB,56,ACT,Hardy Nickerson,Hardy,Nickerson,1965-09-01,74,236,,00-0012102,,,,,,,,,,"https://static.www.nfl.com/image/private/f_auto,q_auto/league/wrzwjda68yt8gw5dfykc",NIC658720,,32004e49-4365-8720-6907-31e533d36422,,,
1999,DAL,DL,DT,75,ACT,Brandon Noble,Brandon,Noble,1974-04-10,74,285,,00-0012135,,,,,,,,,,"https://static.www.nfl.com/image/private/f_auto,q_auto/league/pqkw1xze8zvbth1i577g",NOB238674,,32004e4f-4223-8674-1553-7a0304b2dff9,,,
1999,DEN,DB,DB,38,RES,Tori Noel,Tori,Noel,1975-02-17,72,200,,00-0012145,,,,,,,,,,"https://static.www.nfl.com/image/private/f_auto,q_auto/league/omv40wu77iw2szz8v3eo",NOE385627,,32004e4f-4538-5627-7574-25960c0aab3b,,,
1999,BUF,LB,OLB,99,ACT,Gabe Northern,Gabriel,Northern,1974-06-08,75,244,,00-0012191,,,,,,,,,,"https://static.www.nfl.com/image/private/f_auto,q_auto/league/h9shvtxdhzvqjboowmc3",NOR604876,,32004e4f-5260-4876-a0a1-a802000ad23d,,,
1999,SF,LB,OLB,51,ACT,Ken Norton,Kenneth,Norton,1966-09-29,74,254,,00-0012196,,,,,,,,,,"https://static.www.nfl.com/image/private/f_auto,q_auto/league/nbb0wqoyjpmu5shcsxx2",NOR686128,,32004e4f-5268-6128-3f9f-df4e7e550c6e,,,
1999,STL,OL,G,61,ACT,Tom Nutten,Thomas,Nutten,1971-06-08,77,300,,00-0012227,,,,,,,,,,"https://static.www.nfl.com/image/private/f_auto,q_auto/league/nqmhqeofrttkz7ha41fs",NUT264111,,32004e55-5426-4111-95cb-463be78c66bd,,,
1999,IND,DL,DT,91,ACT,Chukie Nwokorie,Chijioke,Nwokorie,1975-07-10,74,286,,00-0012229,,,,,,,,,,"https://static.www.nfl.com/image/private/f_auto,q_auto/league/ve9ikynyvuusyi4igcbs",NWO355964,,32004e57-4f35-5964-ef17-88a7aac53bcc,,,
1999,TEN,QB,QB,14,ACT,Neil O'Donnell,Neil,O'Donnell,1966-07-03,75,228,,00-0012261,,,,,,,,,,"https://static.www.nfl.com/image/private/f_auto,q_auto/league/eljm5vck5j6fltkfftxd",ODO638910,,32004f44-4f63-8910-238a-b14536eb2c6e,,,
1999,CIN,OL,G,72,ACT,Matt O'Dwyer,Matthew,O'Dwyer,1972-09-01,77,300,,00-0012263,,,,,,,,,,"https://static.www.nfl.com/image/private/f_auto,q_auto/league/c1zjv0asjagccwgipk8l",ODW771256,,32004f44-5777-1256-9172-122f7078532e,,,
1999,KC,DL,DE,91,ACT,Leslie O'Neal,Leslie,O'Neal,1964-05-07,76,281,,00-0012274,,,,,,,,,,"https://static.www.nfl.com/image/private/f_auto,q_auto/league/f9xhblgx81wtbevy7hgq",ONE177981,,32004f4e-4517-7981-5c65-807d135b7553,,,
1999,DET,LB,LB,59,ACT,Kevin O'Neill,Kevin,O'Neill,1975-04-14,74,249,,00-0012282,,,,,,,,,,"https://static.www.nfl.com/image/private/f_auto,q_auto/league/zkiamtfzzdcvu2praffj",ONE635097,,32004f4e-4563-5097-5c29-610adf3dc5aa,,,
1999,NYJ,DL,DT,96,ACT,Dennis O'Sullivan,Dennis,O'Sullivan,1976-01-28,75,285,,00-0012287,,,,,,,,,,"https://static.www.nfl.com/image/private/f_auto,q_auto/league/cpnxhtbvzn5fspbfmzaa",OSU385627,,32004f53-5538-5627-7b2b-36a38474415b,,,
1999,NYG,OL,OT,72,ACT,Roman Oben,Roman,Oben,1972-10-09,76,305,,00-0012293,,,,,,,,,,"https://static.www.nfl.com/image/private/f_auto,q_auto/league/u5uhblpbjtjn3yruddnc",OBE451158,,32004f42-4545-1158-4546-2acbee42a0d9,,,
1999,TB,OL,OT,70,RES,Jason Odom,Jason,Odom,1974-03-31,77,312,,00-0012309,,,,,,,,,,"https://static.www.nfl.com/image/private/f_auto,q_auto/league/ql6xvwov2irnqcshjzjn",ODO140560,,32004f44-4f14-0560-4f1c-395a30ff95d2,,,
1999,BAL,TE,TE,89,ACT,A.J. Ofodile,Anselm,Ofodile,1973-10-09,78,260,,00-0012317,,,,,,,,,,"https://static.www.nfl.com/image/private/f_auto,q_auto/league/elerogdq6erpyqfqx36m",OFO148317,,32004f46-4f14-8317-82d6-e04daede6e45,,,
1999,NYJ,DL,DE,99,ACT,Eric Ogbogu,Eric,Ogbogu,1975-07-18,76,285,,00-0012320,,,,,,,,,,"https://static.www.nfl.com/image/private/f_auto,q_auto/league/k9b3a5krl0sacs1n9qyu",OGB474619,,32004f47-4247-4619-ff18-33f736155aa9,,,
1999,DAL,WR,WR,85,ACT,Jeff Ogden,Jeffrey,Ogden,1975-02-22,72,190,,00-0012321,,,,,,,,,,"https://static.www.nfl.com/image/private/f_auto,q_auto/league/nypmwtlayslqawwqg71u",OGD392041,,32004f47-4439-2041-7ec3-68020ca6cb70,,,
1999,BAL,OL,OT,75,ACT,Jonathan Ogden,Jonathan,Ogden,1974-07-31,80,335,,00-0012322,,,,,,,,,,"https://static.www.nfl.com/image/private/f_auto,q_auto/league/nfankpq6pyoz8smsbilj",OGD403291,,32004f47-4440-3291-6c70-d019fe6370bd,,,
1999,CLE,LB,LB,59,ACT,Kendall Ogle,Kendall,Ogle,1975-11-25,72,231,,00-0012323,,,,,,,,,,"https://static.www.nfl.com/image/private/f_auto,q_auto/league/desldgznypqmvhr6uxnw",OGL153366,,32004f47-4c15-3366-f50f-9dce1e0d85a1,,,
1999,SF,LB,LB,91,ACT,Chike Okeafor,Chikezie,Okeafor,1976-03-27,76,248,,00-0012333,,,,,,,,,,"https://static.www.nfl.com/image/private/f_auto,q_auto/league/wgc4iphsyzbexlwba53y",OKE059326,,32004f4b-4505-9326-569b-f433a6e26a74,,,
1999,PIT,DB,DB,24,ACT,Chris Oldham,Christopher,Oldham,1968-10-26,69,200,,00-0012340,,,,,,,,,,"https://static.www.nfl.com/image/private/f_auto,q_auto/league/j72ce3d8t3iau1n9qubg",OLD355962,,32004f4c-4435-5962-f4f2-a85aff8da693,,,
1999,ATL,RB,RB,33,ACT,Winslow Oliver,Winslow,Oliver,1973-03-03,67,180,,00-0012368,,,,,,,,,,"https://static.www.nfl.com/image/private/f_auto,q_auto/league/rzalwbydtjjoked9wfgy",OLI788415,,32004f4c-4978-8415-e3df-5788281c72bf,,,
1999,DET,RB,RB,26,RES,Brock Olivo,Brock,Olivo,1976-06-24,72,232,,00-0012370,,,,,,,,,,"https://static.www.nfl.com/image/private/f_auto,q_auto/league/cbtxjedul1l4b0cip9ap",OLI801915,,32004f4c-4980-1915-1e20-c9d344124d90,,,
1999,TEN,OL,G,75,ACT,Benji Olson,Benjamin,Olson,1975-06-05,75,315,,00-0012381,,,,,,,,,,"https://static.www.nfl.com/image/private/f_auto,q_auto/league/ycrpvvvlmrkt6hqkv706",OLS351377,,32004f4c-5335-1377-cfac-0b25247eef56,,,
1999,NYG,WR,WR,2,RES,Chris Ortiz,Chris,Ortiz,1974-09-25,74,202,,00-0012415,,,,,,,,,,"https://static.www.nfl.com/image/private/f_auto,q_auto/league/rxdeh8b0nywjnqcfa5xg",ORT442976,,32004f52-5444-2976-b0ec-d765c608bd34,,,
1999,OAK,DL,DT,98,ACT,Chuck Osborne,Charles,Osborne,1973-11-02,74,290,,00-0012423,,,,,,,,,,"https://static.www.nfl.com/image/private/f_auto,q_auto/league/juibwv7qepuog92s3gpp",OSB239424,,32004f53-4223-9424-eaaf-852ce7304ff1,,,
1999,BUF,OL,C,60,ACT,Jerry Ostroski,Gerald,Ostroski,1970-07-12,76,325,,00-0012437,,,,,,,,,,"https://static.www.nfl.com/image/private/f_auto,q_auto/league/q4luft4bpwfpqdt2clin",OST610185,,32004f53-5461-0185-1a49-cdf4d121dba9,,,
1999,SF,OL,G,69,ACT,Phil Ostrowski,Phillip,Ostrowski,1975-09-23,76,291,,00-0012439,,,,,,,,,,"https://static.www.nfl.com/image/private/f_auto,q_auto/league/yanqakmfsxtvowm2g0xh",OST631935,,32004f53-5463-1935-a654-2c3a04961d18,,,
1999,ARI,DL,DE,96,ACT,Brad Ottis,Brad,Ottis,1972-08-02,77,293,,00-0012446,,,,,,,,,,"https://static.www.nfl.com/image/private/f_auto,q_auto/league/ksmlerxj9xekpzdloiap",OTT193802,,32004f54-5419-3802-b8bd-f7b71f43dabb,,,
1999,CHI,OL,OT,69,RES,Chad Overhauser,Chad,Overhauser,1975-06-17,76,316,,00-0012452,,,,,,,,,,"https://static.www.nfl.com/image/private/f_auto,q_auto/league/qzyvxnhth6x1spznmmcn",OVE152616,,32004f56-4515-2616-47bb-7973abd2188a,,,
1999,DET,DL,DT,90,ACT,Dan Owens,Daniel,Owens,1967-03-16,75,277,,00-0012463,,,,,,,,,,"https://static.www.nfl.com/image/private/f_auto,q_auto/league/atok1leunazdjzyado4r",OWE332230,,32004f57-4533-2230-2790-615d6b83df38,,,
1999,MIA,DL,DE,96,ACT,Rich Owens,Ritchie,Owens,1972-05-22,78,275,,00-0012476,,,,,,,,,,"https://static.www.nfl.com/image/private/f_auto,q_auto/league/apoumy51bkgg0ytznrm9",OWE742156,,32004f57-4574-2156-b288-7201a8c21e03,,,
1999,SF,WR,WR,81,ACT,Terrell Owens,Terrell,Owens,1973-12-07,75,217,,00-0012478,,,,,,,,,,"https://static.www.nfl.com/image/private/f_auto,q_auto/league/c41avnwoegxy9nnwmgbo",OWE755129,,32004f57-4575-5129-fb39-bfa11df43ea7,,,
1999,ATL,RB,RB,28,ACT,Ken Oxendine,Ken,Oxendine,1975-10-04,72,230,,00-0012480,,,,,,,,,,"https://static.www.nfl.com/image/private/f_auto,q_auto/league/z6vzcctv4quqbo4hptxk",OXE444955,,32004f58-4544-4955-3a0e-58a6035e178b,,,
1999,STL,OL,OT,76,ACT,Orlando Pace,Orlando,Pace,1975-11-04,79,320,,00-0012485,,,,,,,,,,"https://static.www.nfl.com/image/private/f_auto,q_auto/league/lwndbjry5t2vtjlje2d1",PAC151180,,32005041-4315-1180-812f-eec18cda8dd9,,,
1999,TEN,OL,C,62,ACT,Craig Page,Warren,Page,1976-01-17,75,303,,00-0012497,,,,,,,,,,"https://static.www.nfl.com/image/private/f_auto,q_auto/league/rcuyv1q28uprx7rrbssn",PAG370482,,32005041-4737-0482-e894-7f4b66f77c8f,,,
1999,DAL,OL,G,77,ACT,Solomon Page,Solomon,Page,1976-02-27,76,321,,00-0012499,,,,,,,,,,"https://static.www.nfl.com/image/private/f_auto,q_auto/league/kmcdpyz2minrxtd3ocno",PAG357732,,32005041-4735-7732-c1fd-85fc324f8154,,,
1999,PHI,OL,OT,77,ACT,Lonnie Palelei,Si'ulagi,Palelei,1970-10-15,75,310,,00-0012512,,,,,,,,,,"https://static.www.nfl.com/image/private/f_auto,q_auto/league/odwhidqpxgdezcsmxwut",PAL142233,,32005041-4c14-2233-c560-6b837de0ba2c,,,
1999,CHI,OL,C,73,ACT,Dan Palmer,Joseph,Palmer,1973-08-24,76,290,,00-0012514,,,,,,,,,,"https://static.www.nfl.com/image/private/f_auto,q_auto/league/odhigtijsgxyxpfmgkp2",PAL446434,,32005041-4c44-6434-f385-0badd082615b,,,
1999,MIN,RB,RB,22,RES,David Palmer,David,Palmer,1972-11-19,68,173,,00-0012515,,,,,,,,,,"https://static.www.nfl.com/image/private/f_auto,q_auto/league/zmqay7fglka2khxx9tvl",PAL321216,,32005041-4c32-1216-55c9-c6600a2a0a3f,,,
1999,TB,LB,LB,57,RES,Mitch Palmer,Richard,Palmer,1973-09-02,76,259,,00-0012519,,,,,,,,,,"https://static.www.nfl.com/image/private/f_auto,q_auto/league/t4xgh3pwmmdskimuynxj",PAL628182,,32005041-4c62-8182-4a51-20502318f967,,,
1999,CLE,TE,TE,89,RES,Randy Palmer,Randy,Palmer,1975-11-12,76,235,,00-0012522,,,,,,,,,,"https://static.www.nfl.com/image/private/f_auto,q_auto/league/l3ddt9zqxsbz6bqhtyem",PAL612432,,32005041-4c61-2432-9fe1-cfff8697cfdb,,,
1999,BUF,OL,G,72,ACT,Joe Panos,Zois,Panos,1971-01-24,74,298,,00-0012532,,,,,,,,,,"https://static.www.nfl.com/image/private/f_auto,q_auto/league/ummwxxyzck2ivnmirxqx",PAN753911,,32005041-4e75-3911-2387-ac0539f54458,,,
1999,SF,DB,DB,26,RES,Anthony Parker,Anthony,Parker,1975-12-04,72,198,,00-0012547,,,,,,,,,,"https://static.www.nfl.com/image/private/f_auto,q_auto/league/p9yjcvnzumxlazd8cyc0",PAR142968,,32005041-5214-2968-58d1-26afa46e62a8,,,
1999,GB,RB,RB,22,RES,De'Mond Parker,De'Monn,Parker,1976-12-24,70,188,,00-0012556,,,,,,,,,,"https://static.www.nfl.com/image/private/f_auto,q_auto/league/lrmjzt22xxkpdwqqrm5a",PAR221746,,32005041-5222-1746-6fdb-3c70ac2c9a4b,,,
1999,KC,OL,OT,62,ACT,Glenn Parker,Glenn,Parker,1966-04-22,77,313,,00-0012561,,,,,,,,,,"https://static.www.nfl.com/image/private/f_auto,q_auto/league/wofir4euckmpr8takirh",PAR272320,,32005041-5227-2320-2111-15ec50bacff2,,,
1999,KC,WR,WR,80,ACT,Larry Parker,Larry,Parker,1976-07-14,73,200,,00-0012569,,,,,,,,,,"https://static.www.nfl.com/image/private/f_auto,q_auto/league/gysa18nqjbww4jjwndvk",PAR354961,,32005041-5235-4961-86ce-aacde3919ad5,,,
1999,SEA,DL,DT,97,ACT,Riddick Parker,Riddick,Parker,1972-11-20,75,274,,00-0012578,,,,,,,,,,"https://static.www.nfl.com/image/private/f_auto,q_auto/league/jbr62ime2jscekvwqzwj",PAR375412,,32005041-5237-5412-622b-cca710b27c1d,,,
1999,SD,OL,OT,70,ACT,Vaughn Parker,Vaughn,Parker,1971-06-05,75,300,,00-0012588,,,,,,,,,,"https://static.www.nfl.com/image/private/f_auto,q_auto/league/pzf6qtpqan8tt830c6hc",PAR432308,,32005041-5243-2308-1720-dc11468f42f1,,,
1999,OAK,OL,OT,71,ACT,Nathan Parks,Nathan,Parks,1974-10-24,77,305,,00-0012595,,,,,,,,,,"https://static.www.nfl.com/image/private/f_auto,q_auto/league/zkyu9vnexyqpze2qb34a",PAR549178,,32005041-5254-9178-cddf-3a9e531e99f2,,,
1999,NYJ,RB,RB,34,ACT,Bernie Parmalee,Bernard,Parmalee,1967-09-16,71,210,,00-0012603,,,,,,,,,,"https://static.www.nfl.com/image/private/f_auto,q_auto/league/resfephz4u73o52trfks",PAR592296,,32005041-5259-2296-8506-c1e697a866e4,,,
1999,SD,DL,DT,97,ACT,John Parrella,John,Parrella,1969-11-22,75,300,,00-0012607,,,,,,,,,,"https://static.www.nfl.com/image/private/f_auto,q_auto/league/ipr1qnzx16unnfenlyly",PAR619528,,32005041-5261-9528-e257-cbeb08944147,,,
1999,CHI,DB,S,37,ACT,Tony Parrish,Tony,Parrish,1975-11-23,70,205,,00-0012614,,,,,,,,,,"https://static.www.nfl.com/image/private/f_auto,q_auto/league/s8zqfirzgybzbz1angab",PAR691012,,32005041-5269-1012-cf21-2636e0440d6a,,,
1999,KC,DL,DT,97,ACT,Ty Parten,Ty,Parten,1969-10-13,77,290,,00-0012620,,,,,,,,,,"https://static.www.nfl.com/image/private/f_auto,q_auto/league/jy8wrm3rv63hdb5sq1c8",PAR782920,,32005041-5278-2920-38e6-832c474ce96d,,,
1999,IND,WR,WR,86,ACT,Jerome Pathon,Jerome,Pathon,1975-12-16,72,187,,00-0012637,,,,,,,,,,"https://static.www.nfl.com/image/private/f_auto,q_auto/league/gbu6ylo04tongpqskmam",PAT143750,,32005041-5414-3750-25e9-8edc8f0432af,,,
1999,NYG,WR,WR,85,ACT,David Patten,David,Patten,1974-08-19,69,193,,00-0012642,,,,,,,,,,"https://static.www.nfl.com/image/private/f_auto,q_auto/league/zzybbpvmsjs093ikw5ex",PAT326165,,32005041-5432-6165-155d-3fba061da24a,,,
1999,JAX,OL,OT,68,ACT,Joe Patton,Joseph,Patton,1972-01-05,77,306,,00-0012664,,,,,,,,,,"https://static.www.nfl.com/image/private/f_auto,q_auto/league/ssprwleo2l06csihdcjl",PAT684580,,32005041-5468-4580-c387-8e861a0fa616,,,
1999,KC,LB,MLB,53,ACT,Marvcus Patton,Marvcus,Patton,1967-05-01,74,243,,00-0012666,,,,,,,,,,"https://static.www.nfl.com/image/private/f_auto,q_auto/league/dd2dephu5k2rzlsgp5qs",PAT700785,,32005041-5470-0785-307a-111f82ab271f,,,
1999,WAS,DB,DB,27,RES,Tito Paul,Tito,Paul,1972-05-24,72,195,,00-0012673,,,,,,,,,,"https://static.www.nfl.com/image/private/f_auto,q_auto/league/lhiz1bigzmezwh89rfvq",PAU365455,,32005041-5536-5455-de5b-5ddec6b20e47,,,
1999,ATL,RB,RB,40,ACT,Jeff Paulk,Jeffery,Paulk,1976-04-26,72,242,,00-0012675,,,,,,,,,,"https://static.www.nfl.com/image/private/f_auto,q_auto/league/dbdk8re6fhnqwtsk7eqf",PAU557540,,32005041-5555-7540-5529-ae751bd22d06,,,
1999,JAX,LB,OLB,95,ACT,Bryce Paup,Bryce,Paup,1968-02-29,77,250,,00-0012679,,,,,,,,,,"https://static.www.nfl.com/image/private/f_auto,q_auto/league/citnssgav0osreq2f2h9",PAU747522,,32005041-5574-7522-3a5c-4ccb0305d879,,,
1999,JAX,DL,DT,91,ACT,Seth Payne,Seth,Payne,1975-02-12,76,289,,00-0012689,,,,,,,,,,"https://static.www.nfl.com/image/private/f_auto,q_auto/league/ishllzonioaljkofy1cn",PAY430672,,32005041-5943-0672-7b41-5ed91d4ece96,,,
1999,PHI,QB,QB,14,ACT,Doug Pederson,Douglas,Pederson,1968-01-31,75,216,,00-0012726,,,,,,,,,,"https://static.www.nfl.com/image/private/f_auto,q_auto/league/qe4j7iaaaq0iz8dma3ev",PED543972,,32005045-4454-3972-51b8-d0b994ae7160,,,
1999,WAS,QB,QB,16,ACT,Rodney Peete,Rodney,Peete,1966-03-16,72,225,,00-0012732,,,,,,,,,,"https://static.www.nfl.com/image/private/f_auto,q_auto/league/jc5zp43pmkw5qgawmw2v",PEE498348,,32005045-4549-8348-c50e-4bbd25ae92da,,,
1999,CIN,SPEC,K,9,ACT,Doug Pelfrey,William,Pelfrey,1970-09-25,71,185,,00-0012742,,,,,,,,,,"https://static.www.nfl.com/image/private/f_auto,q_auto/league/mevgsdwieluw6lmuhjj7",PEL114322,,32005045-4c11-4322-2ac1-6fe8f05dcd45,,,
1999,STL,LB,LB,91,ACT,Troy Pelshak,Zenret,Pelshak,1977-03-06,74,242,,00-0012751,,,,,,,,,,"https://static.www.nfl.com/image/private/f_auto,q_auto/league/vnj1juyictlbif99f6dl",PEL775208,,32005045-4c77-5208-f465-071e6d5079fe,,,
1999,SD,WR,WR,87,ACT,Chris Penn,Christopher,Penn,1971-04-20,72,198,,00-0012764,,,,,,,,,,"https://static.www.nfl.com/image/private/f_auto,q_auto/league/uopvhqndictxcq13ojfy",PEN242814,,32005045-4e24-2814-5fe8-02a225ecc9b0,,,
1999,BAL,DB,DB,39,NWT,Darren Perry,Darren,Perry,1968-12-29,71,199,,00-0012808,,,,,,,,,,"https://static.www.nfl.com/image/private/f_auto,q_auto/league/l5ydjkovqk6eitu5gsoj",PER548050,,32005045-5254-8050-bfc0-0f5ed17f7744,,,
1999,MIA,TE,TE,89,ACT,Ed Perry,Edwin,Perry,1974-09-01,76,265,,00-0012809,,,,,,,,,,"https://static.www.nfl.com/image/private/f_auto,q_auto/league/ymddt8dmew65fqquycq7",PER553700,,32005045-5255-3700-4443-60c255333047,,,
1999,SD,DB,DB,31,ACT,Jason Perry,Jason,Perry,1976-08-01,72,200,,00-0012813,,,,,,,,,,"https://static.www.nfl.com/image/private/f_auto,q_auto/league/bjuvzo74jon9q4kbmnfz",PER610935,,32005045-5261-0935-9e87-f3005b70f235,,,
1999,BUF,LB,LB,58,ACT,Marlo Perry,Malcolm,Perry,1972-08-25,76,245,,00-0012820,,,,,,,,,,"https://static.www.nfl.com/image/private/f_auto,q_auto/league/z1qrikz4bkrtyul2ras6",PER635625,,32005045-5263-5625-7b72-1bdbb4ac58fc,,,
1999,CHI,OL,G,75,ACT,Todd Perry,Todd,Perry,1970-11-28,77,308,,00-0012828,,,,,,,,,,"https://static.www.nfl.com/image/private/f_auto,q_auto/league/eblhctm1a5nlvz0sz1bg",PER717550,,32005045-5271-7550-8e46-2ed3fd1a0c64,,,
1999,NO,RB,RB,33,ACT,Wilmont Perry,Wilmont,Perry,1975-02-24,73,235,,00-0012832,,,,,,,,,,"https://static.www.nfl.com/image/private/f_auto,q_auto/league/htfi6psvxm2b5jijr5xu",PER771225,,32005045-5277-1225-ae88-8be8252d4f95,,,
1999,NYG,DL,DT,99,ACT,Christian Peter,Christian,Peter,1972-10-05,75,300,,00-0012841,,,,,,,,,,"https://static.www.nfl.com/image/private/f_auto,q_auto/league/f6snakjoyjmc4mhowgiw",PET064599,,32005045-5406-4599-7ef4-4cbb0956ef06,,,
1999,CAR,DL,DE,97,ACT,Jason Peter,Jason,Peter,1974-09-13,76,295,,00-0012842,,,,,,,,,,"https://static.www.nfl.com/image/private/f_auto,q_auto/league/omb3jekaxceslh8f7dw6",PET069213,,32005045-5406-9213-3dfe-a3c9abdbefa4,,,
1999,BAL,LB,LB,53,ACT,Tyrell Peters,Tyrell,Peters,1974-08-04,72,235,,00-0012849,,,,,,,,,,"https://static.www.nfl.com/image/private/f_auto,q_auto/league/jbjtk5zkxvrvrq3ggu19",PET163805,,32005045-5416-3805-f164-76271e165ee6,,,
1999,CIN,LB,LB,50,CUT,Ben Peterson,Benjamin,Peterson,1977-03-28,75,250,,00-0012859,,,,,,,,,,"https://static.www.nfl.com/image/private/f_auto,q_auto/league/wx5jruzkihn9tibdghvi",PET274547,,32005045-5427-4547-15ee-c15c453ca203,,,
1999,IND,LB,OLB,52,ACT,Mike Peterson,Porter,Peterson,1976-06-17,74,229,,00-0012871,,,,,,,,,,"https://static.www.nfl.com/image/private/f_auto,q_auto/league/thjhv1mqc4ofbiksz7es",PET429989,,32005045-5442-9989-8779-a77d5df62fa3,,,
1999,SEA,SPEC,K,2,ACT,Todd Peterson,Joseph,Peterson,1970-02-04,70,177,,00-0012875,,,,,,,,,,"https://static.www.nfl.com/image/private/f_auto,q_auto/league/lcxeooav27vwd7llegel",PET318269,,32005045-5431-8269-e93f-c9e00b4ef5b1,,,
1999,SF,LB,LB,50,ACT,Tony Peterson,Anthony,Peterson,1972-01-23,73,232,,00-0012876,,,,,,,,,,"https://static.www.nfl.com/image/private/f_auto,q_auto/league/jw5vr891fzoaqmjr7sf2",PET272240,,32005045-5427-2240-9488-b95195cddd37,,,
1999,NYG,OL,G,77,ACT,Luke Petitgout,Lucas,Petitgout,1976-06-16,78,315,,00-0012879,,,,,,,,,,"https://static.www.nfl.com/image/private/f_auto,q_auto/league/w84hs2kjaphz10ggqwdf",PET517821,,32005045-5451-7821-93e7-9be4dded2bf7,,,
1999,TEN,DB,DB,35,ACT,Perry Phenix,Perry,Phenix,1974-11-14,71,210,,00-0012908,,,,,,,,,,"https://static.www.nfl.com/image/private/f_auto,q_auto/league/jmkubmlsj1jwatisyc3o",PHE590636,,32005048-4559-0636-4b4d-1b0d7f3a0e20,,,
1999,NYJ,LB,OLB,56,ACT,Roman Phifer,Roman,Phifer,1968-03-05,74,248,,00-0012909,,,,,,,,,,"https://static.www.nfl.com/image/private/f_auto,q_auto/league/mgcg7hrox5fvp9svr7fc",PHI017200,,32005048-4901-7200-5b35-f51f1ff4444f,,,
1999,MIN,DL,NT,75,ACT,Joe Phillips,Joseph,Phillips,1963-07-15,77,317,,00-0012925,,,,,,,,,,"https://static.www.nfl.com/image/private/f_auto,q_auto/league/jt1345wj2y7itf7hpz1l",PHI387840,,32005048-4938-7840-c028-6f85ebd6e08c,,,
1999,SF,RB,RB,33,CUT,Lawrence Phillips,Lawrence,Phillips,1975-05-12,72,210,,00-0012931,,,,,,,,,,"https://static.www.nfl.com/image/private/f_auto,q_auto/league/evolhzkdkgwtstxe1h59",PHI470175,,32005048-4947-0175-285a-ee03292e96b7,,,
1999,NYG,LB,OLB,91,ACT,Ryan Phillips,Richard,Phillips,1974-02-07,76,252,,00-0012940,,,,,,,,,,"https://static.www.nfl.com/image/private/f_auto,q_auto/league/jodbxbdiquylbxmaws4p",PHI619733,,32005048-4961-9733-f386-8e5f8cdee778,,,
1999,NO,RB,RB,37,ACT,Dino Philyaw,Delvic,Philyaw,1970-10-30,70,205,,00-0012946,,,,,,,,,,"https://static.www.nfl.com/image/private/f_auto,q_auto/league/s7qhdqfkmhgqz440e77v",PHI777180,,32005048-4977-7180-d654-034b59a0da40,,,
1999,CIN,WR,WR,81,ACT,Carl Pickens,Carl,Pickens,1970-03-23,74,206,,00-0012953,,,,,,,,,,"https://static.www.nfl.com/image/private/f_auto,q_auto/league/axgwysdsgh0q1yeb2r83",PIC571956,,32005049-4357-1956-e66a-872524cc6d7a,,,
1999,BAL,TE,TE,81,RES,Aaron Pierce,Aaron,Pierce,1969-09-06,77,250,,00-0012971,,,,,,,,,,"https://static.www.nfl.com/image/private/f_auto,q_auto/league/nvxtxlxvgrfosbk6w0um",PIE180423,,32005049-4518-0423-fcf8-ce6059a7623c,,,
1999,TB,OL,OT,69,ACT,Pete Pierson,Peter,Pierson,1971-02-04,77,315,,00-0012983,,,,,,,,,,"https://static.www.nfl.com/image/private/f_auto,q_auto/league/sqgkhy1dsoynb9fkpolh",PIE628410,,32005049-4562-8410-93dc-da1e838b8ee0,,,
1999,DEN,OL,G,74,TRC,Evan Pilgrim,Evan,Pilgrim,1972-08-14,76,305,,00-0012990,,,,,,,,,,"https://static.www.nfl.com/image/private/f_auto,q_auto/league/qfjvfaoktmyrsyhqxuiu",PIL199954,,32005049-4c19-9954-59d8-5ddb18d6f80a,,,
1999,ATL,OL,G,63,ACT,Evan Pilgrim,Evan,Pilgrim,1972-08-14,76,305,,00-0012990,,,,,,,,,,"https://static.www.nfl.com/image/private/f_auto,q_auto/league/qfjvfaoktmyrsyhqxuiu",PIL199954,,32005049-4c19-9954-59d8-5ddb18d6f80a,,,
1999,TEN,OL,OT,71,ACT,Zach Piller,Zachary,Piller,1976-05-02,77,330,,00-0012991,,,,,,,,,,"https://static.www.nfl.com/image/private/f_auto,q_auto/league/a8tkrzylh0s66135frbh",PIL403290,,32005049-4c40-3290-d1bf-93d97b552492,,,
1999,NO,DL,DE,75,CUT,Julian Pittman,Julian,Pittman,1975-04-22,76,286,,00-0013011,,,,,,,,,,"https://static.www.nfl.com/image/private/f_auto,q_auto/league/y5d1dun4fkwg09t8ytq3",PIT203030,,32005049-5420-3030-7bfa-cd4bf3b113b1,,,
1999,DAL,DL,DE,97,ACT,Kavika Pittman,Kavika,Pittman,1974-10-09,78,273,,00-0013012,,,,,,,,,,"https://static.www.nfl.com/image/private/f_auto,q_auto/league/dwze5s4jctdjepo5itc6",PIT209183,,32005049-5420-9183-6aea-83ac0e3d62f0,,,
1999,ARI,RB,RB,32,ACT,Michael Pittman,Michael,Pittman,1975-08-14,72,220,,00-0013013,,,,,,,,,,"https://static.www.nfl.com/image/private/f_auto,q_auto/league/xt52pieoe86wnuy0imar",PIT226738,,32005049-5422-6738-965f-6aecef83f3c3,,,
1999,ARI,SPEC,P,10,ACT,Scott Player,Scott,Player,1969-12-17,73,221,,00-0013028,,,,,,,,,,"https://static.www.nfl.com/image/private/f_auto,q_auto/league/zzhrpz8oqrxddhee6m10",PLA800918,,3200504c-4180-0918-2276-2df2aa164e58,,,
1999,NYJ,DL,DE,98,ACT,Anthony Pleasant,Anthony,Pleasant,1968-01-27,77,280,,00-0013029,,,,,,,,,,"https://static.www.nfl.com/image/private/f_auto,q_auto/league/wlxhnxchqpxx3j2pnfff",PLE166116,,3200504c-4516-6116-b7d4-01fef0a539b4,,,
1999,IND,WR,WR,16,ACT,Chad Plummer,Chad,Plummer,1975-11-30,75,223,,00-0013040,,,,,,,,,,"https://static.www.nfl.com/image/private/f_auto,q_auto/league/cme8fb2l1q5keov0kj5m",PLU166115,,3200504c-5516-6115-1a0c-3dc5989f1573,,,
1999,ARI,QB,QB,16,ACT,Jake Plummer,Jason,Plummer,1974-12-19,74,199,,00-0013042,,,,,,,,,,"https://static.www.nfl.com/image/private/f_auto,q_auto/league/iurwxdpuwvijm50vhwt9",PLU243945,,3200504c-5524-3945-8a3a-3e5d59310cf3,,,
1999,BAL,DB,DB,43,RES,Anthony Poindexter,Anthony,Poindexter,1976-07-28,72,210,,00-0013052,,,,,,,,,,"https://static.www.nfl.com/image/private/f_auto,q_auto/league/kzyja87m4tw0d2pbr4ed",POI588435,,3200504f-4958-8435-7ac4-8fc7a1d5c5d2,,,
1999,IND,TE,TE,81,ACT,Marcus Pollard,Marcus,Pollard,1972-02-08,76,257,,00-0013080,,,,,,,,,,"https://static.www.nfl.com/image/private/f_auto,q_auto/league/ocbxy6cx3uxo3foaq6lh",POL419904,,3200504f-4c41-9904-6266-55c13846fcf0,,,
1999,NO,WR,WR,83,ACT,Keith Poole,Keith,Poole,1974-06-18,72,193,,00-0013097,,,,,,,,,,"https://static.www.nfl.com/image/private/f_auto,q_auto/league/etmvpy9x0sts94ddvsyg",POO308955,,3200504f-4f30-8955-19e2-67becaa0b5e4,,,
1999,IND,DB,CB,38,ACT,Tyrone Poole,Tyrone,Poole,1972-02-03,68,188,,00-0013102,,,,,,,,,,"https://static.www.nfl.com/image/private/f_auto,q_auto/league/yx8kguztiqhdvqlpabuv",POO778692,,3200504f-4f77-8692-eae1-ecef7defa60c,,,
1999,KC,SPEC,P,13,ACT,Daniel Pope,Daniel,Pope,1975-03-28,70,203,,00-0013108,,,,,,,,,,"https://static.www.nfl.com/image/private/f_auto,q_auto/league/keg1uctegzir7fldxtgn",POP224558,,3200504f-5022-4558-aeb4-e7e9f9c04552,,,
1999,CLE,DB,S,23,ACT,Marquez Pope,Marquez,Pope,1970-10-29,71,193,,00-0013111,,,,,,,,,,"https://static.www.nfl.com/image/private/f_auto,q_auto/league/nqyiqkugtu1nxk9b56dy",POP487366,,3200504f-5048-7366-b0fa-90d408967f4a,,,
1999,DET,DL,DE,91,ACT,Robert Porcher,Robert,Porcher,1969-07-30,75,282,,00-0013118,,,,,,,,,,"https://static.www.nfl.com/image/private/f_auto,q_auto/league/tokpgwckypcw8zhyrl5e",POR042593,,3200504f-5204-2593-f0ff-7f7fa812b627,,,
1999,BUF,DB,DB,22,ACT,Daryl Porter,Daryl,Porter,1974-01-16,69,190,,00-0013122,,,,,,,,,,"https://static.www.nfl.com/image/private/f_auto,q_auto/league/q6tkiazvhvebihlhidss",POR121032,,3200504f-5212-1032-d542-d75bddf8ef6b,,,
1999,PIT,LB,LB,55,ACT,Joey Porter,Joey,Porter,1977-03-22,74,240,,00-0013126,,,,,,,,,,"https://static.www.nfl.com/image/private/f_auto,q_auto/league/r7hz1vajxidyybhsd8r8",POR135132,,3200504f-5213-5132-14ba-ba952a27fbfc,,,
1999,ATL,OL,OT,76,ACT,Jose Portilla,Jose,Portilla,1972-09-11,78,315,,00-0013138,,,,,,,,,,"https://static.www.nfl.com/image/private/f_auto,q_auto/league/tmktoelyyhrfnhppdxei",POR780192,,3200504f-5278-0192-fa9c-2c2e91a2f2b0,,,
1999,SF,DL,DE,96,ACT,Jeff Posey,Jeffrey,Posey,1975-08-14,76,240,,00-0013141,,,,,,,,,,"https://static.www.nfl.com/image/private/f_auto,q_auto/league/ivs29takh48d5plarqbh",POS178116,,3200504f-5317-8116-d9c9-40489cfe3efd,,,
1999,WAS,DB,DB,31,ACT,Darryl Pounds,Darryl,Pounds,1972-07-21,70,189,,00-0013154,,,,,,,,,,"https://static.www.nfl.com/image/private/f_auto,q_auto/league/rx2b9xudebgdlr3t7bi7",POU560643,,3200504f-5556-0643-5017-322a1cab385d,,,
1999,PIT,OL,OT,67,ACT,Shar Pourdanesh,Shahriar,Pourdanesh,1970-07-19,78,312,,00-0013155,,,,,,,,,,"https://static.www.nfl.com/image/private/f_auto,q_auto/league/cqf0osf4btkqchjerl3h",POU643701,,3200504f-5564-3701-faef-68b63515da1a,,,
1999,NO,RB,RB,40,ACT,Marvin Powell,Marvin,Powell,1976-06-06,74,235,,00-0013173,,,,,,,,,,"https://static.www.nfl.com/image/private/f_auto,q_auto/league/ywv8k7sgzgtg57f9wgmc",POW355584,,3200504f-5735-5584-7916-b369d7109cfa,,,
1999,CLE,WR,WR,80,ACT,Ronnie Powell,Ronnie,Powell,1974-11-03,70,174,,00-0013176,,,,,,,,,,"https://static.www.nfl.com/image/private/f_auto,q_auto/league/auuuluxitd5hlsw76gtt",POW484362,,3200504f-5748-4362-1f01-fcfb1904930d,,,
1999,TEN,WR,WR,84,TRC,Roell Preston,Roell,Preston,1972-06-23,70,185,,00-0013214,,,,,,,,,,"https://static.www.nfl.com/image/private/f_auto,q_auto/league/elpcfcnp7t5xsxqavdmu",PRE729586,,32005052-4572-9586-afd9-74cc44bbea8a,,,
1999,SF,WR,WR,15,ACT,Roell Preston,Roell,Preston,1972-06-23,70,185,,00-0013214,,,,,,,,,,"https://static.www.nfl.com/image/private/f_auto,q_auto/league/elpcfcnp7t5xsxqavdmu",PRE729586,,32005052-4572-9586-afd9-74cc44bbea8a,,,
1999,MIA,WR,WR,82,TRC,Roell Preston,Roell,Preston,1972-06-23,70,185,,00-0013214,,,,,,,,,,"https://static.www.nfl.com/image/private/f_auto,q_auto/league/elpcfcnp7t5xsxqavdmu",PRE729586,,32005052-4572-9586-afd9-74cc44bbea8a,,,
1999,SD,OL,OT,79,CUT,Marcus Price,Marcus,Price,1972-03-03,78,321,,00-0013229,,,,,,,,,,"https://static.www.nfl.com/image/private/f_auto,q_auto/league/yjise9djffhqpoqhf7rq",PRI248300,,32005052-4924-8300-5eaa-3decc52620fb,,,
1999,BUF,WR,WR,81,ACT,Peerless Price,Peerless,Price,1976-10-27,71,180,,00-0013232,,,,,,,,,,"https://static.www.nfl.com/image/private/f_auto,q_auto/league/ilyybsnfcnbrr36dvwvo",PRI272527,,32005052-4927-2527-7404-d0c097fe0eb8,,,
1999,BUF,DL,DE,91,ACT,Shawn Price,Shawn,Price,1970-03-28,76,290,,00-0013235,,,,,,,,,,"https://static.www.nfl.com/image/private/f_auto,q_auto/league/hng817iso6sc6rgq8y8z",PRI295067,,32005052-4929-5067-c7be-8efd644bbafd,,,
1999,NYG,RB,RB,28,CUT,Raymond Priester,Raymond,Priester,1975-02-03,73,242,,00-0013243,,,,,,,,,,"https://static.www.nfl.com/image/private/f_auto,q_auto/league/mbrlgueikz2zerjj896j",PRI429235,,32005052-4942-9235-59a0-a4a16d38a8dc,,,
1999,DET,DL,DE,92,ACT,Mike Pringley,Michael,Pringley,1976-05-22,76,277,,00-0013253,,,,,,,,,,"https://static.www.nfl.com/image/private/f_auto,q_auto/league/rw2zwecawyo7lco9zgds",PRI582260,,32005052-4958-2260-50ac-f6d808baf660,,,
1999,SF,DB,DB,23,ACT,Pierson Prioleau,Pierson,Prioleau,1977-08-06,70,191,,00-0013255,,,,,,,,,,"https://static.www.nfl.com/image/private/f_auto,q_auto/league/ldmnuamflm1kchhw4wfy",PRI603942,,32005052-4960-3942-40b4-026a4bb7bd26,,,
1999,SEA,WR,WR,85,ACT,Mike Pritchard,Michael,Pritchard,1969-10-25,70,193,,00-0013258,,,,,,,,,,"https://static.www.nfl.com/image/private/f_auto,q_auto/league/evzrbmxtpdd7cavvojwl",PRI719106,,32005052-4971-9106-771d-5c32a90b10ed,,,
1999,DET,DL,DT,93,ACT,Kelvin Pritchett,Kelvin,Pritchett,1969-10-24,75,319,,00-0013261,,,,,,,,,,"https://static.www.nfl.com/image/private/f_auto,q_auto/league/ize5o970hguzddk1q7ll",PRI787650,,32005052-4978-7650-4f75-ae8d43a35330,,,
1999,MIA,RB,RB,36,ACT,Stanley Pritchett,Stanley,Pritchett,1973-12-22,73,240,,00-0013262,,,,,,,,,,"https://static.www.nfl.com/image/private/f_auto,q_auto/league/odr6ypymucqz2ybtfimc",PRI793301,,32005052-4979-3301-85b3-759f2c02bedc,,,
1999,STL,WR,WR,87,ACT,Ricky Proehl,Richard,Proehl,1968-03-07,72,190,,00-0013268,,,,,,,,,,"https://static.www.nfl.com/image/private/f_auto,q_auto/league/dyzdnenej8omtg3cslo1",PRO191673,,32005052-4f19-1673-9e29-272bea14a1f1,,,
1999,DEN,DL,DT,93,ACT,Trevor Pryce,Trevor,Pryce,1975-08-03,77,295,,00-0013282,,,,,,,,,,"https://static.www.nfl.com/image/private/f_auto,q_auto/league/qgi63dcx942k76sofset",PRY103822,,32005052-5910-3822-40e3-2321f6e3e749,,,
1999,SD,TE,TE,89,CUT,Alfred Pupunu,Alfred,Pupunu,1969-10-17,74,260,,00-0013298,,,,,,,,,,"https://static.www.nfl.com/image/private/f_auto,q_auto/league/oglkwfhggl34sj1kaqym",PUP664466,,32005055-5066-4466-38c5-a12f535b1a5b,,,
1999,BAL,TE,TE,48,CUT,Lovett Purnell,Lovett,Purnell,1972-04-07,75,245,,00-0013308,,,,,,,,,,"https://static.www.nfl.com/image/private/f_auto,q_auto/league/qklflaqj8y3wxjko6fna",PUR656509,,32005055-5265-6509-5c12-7967590c05e1,,,
1999,CIN,DL,DE,97,ACT,Andre Purvis,Andre,Purvis,1973-07-14,76,310,,00-0013310,,,,,,,,,,"https://static.www.nfl.com/image/private/f_auto,q_auto/league/lwgiubrsgttgpqa5bcha",PUR727046,,32005055-5272-7046-da81-e155a6cfe7ac,,,
1999,CLE,OL,G,71,ACT,Jim Pyne,James,Pyne,1971-11-23,74,297,,00-0013317,,,,,,,,,,"https://static.www.nfl.com/image/private/f_auto,q_auto/league/ciux51jh7xqbztirhuhl",PYN566472,,32005059-4e56-6472-9273-c12686e430af,,,
1999,TB,LB,OLB,53,ACT,Shelton Quarles,Shelton,Quarles,1971-09-11,73,230,,00-0013322,,,,,,,,,,"https://static.www.nfl.com/image/private/f_auto,q_auto/league/yoofi2kftfgpokon62dx",QUA366462,,32005155-4136-6462-7b0f-75dc6b3a45c9,,,
1999,JAX,QB,QB,12,ACT,Jonathan Quinn,Jonathan,Quinn,1975-02-27,78,240,,00-0013338,,,,,,,,,,"https://static.www.nfl.com/image/private/f_auto,q_auto/league/si9khqodmgm8fhdemxku",QUI592656,,32005155-4959-2656-7e3a-b4ecf54811b4,,,
1999,DAL,QB,QB,11,ACT,Mike Quinn,Michael,Quinn,1974-04-15,76,211,,00-0013341,,,,,,,,,,"https://static.www.nfl.com/image/private/f_auto,q_auto/league/kuyy3jx1kxkpuyfkgkby",QUI675714,,32005155-4967-5714-fe58-e864a72268a9,,,
1999,NYJ,OL,OT,75,ACT,Ian Rafferty,Ian,Rafferty,1976-09-02,77,300,,00-0013366,,,,,,,,,,"https://static.www.nfl.com/image/private/f_auto,q_auto/league/itdadduhbpbipwbss4uh",RAF322482,,32005241-4632-2482-e2e8-b64b1b38c3ef,,,
1999,CLE,LB,MLB,58,ACT,Wali Rainer,Wali,Rainer,1977-04-19,74,235,,00-0013375,,,,,,,,,,"https://static.www.nfl.com/image/private/f_auto,q_auto/league/ueno364tfbyg7asjmwg2",RAI580520,,32005241-4958-0520-e4ca-1d7a9fd6569c,,,
1999,DET,OL,OT,75,ACT,Tony Ramirez,Tony,Ramirez,1973-01-26,78,305,,00-0013385,,,,,,,,,,"https://static.www.nfl.com/image/private/f_auto,q_auto/league/ctjqxzmef2brdp24oyik",RAM072675,,32005241-4d07-2675-af6e-a38a72024bd0,,,
1999,MIN,DL,DE,93,ACT,John Randle,John,Randle,1967-12-12,73,287,,00-0013405,,,,,,,,,,"https://static.www.nfl.com/image/private/f_auto,q_auto/league/uterr5rjj2hwe4awl42s",RAN332232,,32005241-4e33-2232-b1b6-779d59b1a90e,,,
1999,IND,DB,DB,27,ACT,Thomas Randolph,Thomas,Randolph,1970-10-05,69,185,,00-0013411,,,,,,,,,,"https://static.www.nfl.com/image/private/f_auto,q_auto/league/z6hi3bffbctvq1b2kxv3",RAN618092,,32005241-4e61-8092-e67e-55632becdf24,,,
1999,KC,DL,DT,95,ACT,Derrick Ransom,Derrick,Ransom,1976-09-13,75,307,,00-0013418,,,,,,,,,,"https://static.www.nfl.com/image/private/f_auto,q_auto/league/brdmkznps2vdyey0xacz",RAN740836,,32005241-4e74-0836-cccb-5b40737ac80e,,,
1999,DET,TE,TE,89,ACT,Walter Rasby,Walter,Rasby,1972-09-07,75,251,,00-0013422,,,,,,,,,,"https://static.www.nfl.com/image/private/f_auto,q_auto/league/zveh1bcbq3x9d72pc2ba",RAS062293,,32005241-5306-2293-7042-e3474fdb1e37,,,
1999,OAK,DB,DB,42,ACT,Marcus Ray,Marcus,Ray,1976-08-14,71,215,,00-0013444,,,,,,,,,,"https://static.www.nfl.com/image/private/f_auto,q_auto/league/ooanmkqvru3h643ivjdf",RAY383344,,32005241-5938-3344-8d7f-72bb50d76532,,,
1999,WAS,OL,C,52,ACT,Cory Raymer,Cory,Raymer,1973-03-03,74,289,,00-0013458,,,,,,,,,,"https://static.www.nfl.com/image/private/f_auto,q_auto/league/zbcdz9bmd8vvvf9b7mgi",RAY723522,,32005241-5972-3522-5a39-a8d1243a883f,,,
1999,DEN,DL,DE,99,ACT,Montae Reagor,Willie,Reagor,1977-06-29,74,256,,00-0013471,,,,,,,,,,"https://static.www.nfl.com/image/private/f_auto,q_auto/league/ahyzpatqqqcoeiopilsj",REA345732,,32005245-4134-5732-51fc-066c1a6eec8d,,,
1999,CAR,OL,G,61,ACT,Anthony Redmon,Kendrick,Redmon,1971-04-09,77,308,,00-0013493,,,,,,,,,,"https://static.www.nfl.com/image/private/f_auto,q_auto/league/chiwrcvbtt1kz3qdruub",RED563019,,32005245-4456-3019-a9fc-499d1ca97b6b,,,
1999,DET,RB,RB,36,ACT,Travis Reece,Travis,Reece,1975-04-03,75,251,,00-0013498,,,,,,,,,,"https://static.www.nfl.com/image/private/f_auto,q_auto/league/vskmzboaxcvgjji4nkog",REE096225,,32005245-4509-6225-69e7-a295ebd39eeb,,,
1999,BUF,WR,WR,83,ACT,Andre Reed,Andre,Reed,1964-01-29,74,190,,00-0013499,,,,,,,,,,"https://static.www.nfl.com/image/private/f_auto,q_auto/league/dvoxixlob0avjbmgmazk",REE121548,,32005245-4512-1548-cc8d-3d5d15882853,,,
1999,MIN,WR,WR,86,ACT,Jake Reed,Willie,Reed,1967-09-28,75,220,,00-0013512,,,,,,,,,,"https://static.www.nfl.com/image/private/f_auto,q_auto/league/gjgvkcbek18a0if67o7p",REE455805,,32005245-4545-5805-5d4a-ea30965d91d5,,,
1999,SD,WR,WR,85,ACT,Robert Reed,Robert,Reed,1975-01-14,73,203,,00-0013523,,,,,,,,,,"https://static.www.nfl.com/image/private/f_auto,q_auto/league/undqcxeuqf290tdknqo5",REE384527,,32005245-4538-4527-6b85-b6f2f07adc28,,,
1999,PHI,LB,LB,58,ACT,Ike Reese,Isaiah,Reese,1973-10-16,74,222,,00-0013535,,,,,,,,,,"https://static.www.nfl.com/image/private/f_auto,q_auto/league/ekp9v5w4yzlzjyrl4mvn",REE592546,,32005245-4559-2546-894c-89c5586210cb,,,
1999,DAL,DB,FS,43,RES,Izell Reese,Izell,Reese,1974-05-07,74,190,,00-0013536,,,,,,,,,,"https://static.www.nfl.com/image/private/f_auto,q_auto/league/lqmuissykm7betmvvu79",REE597611,,32005245-4559-7611-dc51-9fcb5e95bccd,,,
1999,SD,LB,LB,52,ACT,John Reeves,John,Reeves,1975-02-23,75,236,,00-0013548,,,,,,,,,,"https://static.www.nfl.com/image/private/f_auto,q_auto/league/iua9vsm2h4z9uj2wpa2n",REE746652,,32005245-4574-6652-a745-d21f434d6f83,,,
1999,CLE,OL,G,79,ACT,Scott Rehberg,Scott,Rehberg,1973-11-17,80,330,,00-0013555,,,,,,,,,,"https://static.www.nfl.com/image/private/f_auto,q_auto/league/xlqkfwlf0vfknuxjakqs",REH276860,,32005245-4827-6860-cad9-3bc7410decb6,,,
1999,IND,LB,LB,56,ACT,Spencer Reid,Spencer,Reid,1976-02-08,73,247,,00-0013570,,,,,,,,,,"https://static.www.nfl.com/image/private/f_auto,q_auto/league/aucvryhdx9hthkzpulbb",REI366634,,32005245-4936-6634-36f1-7da10ec75acf,,,
1999,BAL,RB,RB,32,ACT,Errict Rhett,Errict,Rhett,1970-12-11,71,211,,00-0013622,,,,,,,,,,"https://static.www.nfl.com/image/private/f_auto,q_auto/league/cbybojhyxejpmwmftyn8",RHE718773,,32005248-4571-8773-fccb-1e6120dde2aa,,,
1999,ARI,DB,DB,23,ACT,Coby Rhinehart,Jacoby,Rhinehart,1977-02-07,70,186,,00-0013623,,,,,,,,,,"https://static.www.nfl.com/image/private/f_auto,q_auto/league/vnux3xhim31pj5lvncla",RHI444955,,32005248-4944-4955-d43f-4c36df1d2c9c,,,
1999,SF,WR,WR,80,ACT,Jerry Rice,Jerry,Rice,1962-10-13,74,196,,00-0013639,,,,,,,,,,"https://static.www.nfl.com/image/private/f_auto,q_auto/league/g1vjcnbryx3nmg0ppsnl",RIC128880,,32005249-4312-8880-7059-4b61cd069146,,,
1999,DET,DB,S,28,ACT,Ron Rice,Ronald,Rice,1972-11-09,73,217,,00-0013643,,,,,,,,,,"https://static.www.nfl.com/image/private/f_auto,q_auto/league/g4dsmrtmhp1oobzpghae",RIC160384,,32005249-4316-0384-2f19-ce240c3d7ba2,,,
1999,ARI,DL,DE,97,ACT,Simeon Rice,Simeon,Rice,1974-02-24,77,268,,00-0013644,,,,,,,,,,"https://static.www.nfl.com/image/private/f_auto,q_auto/league/ofozwmx5ufakkzuvh0rb",RIC161816,,32005249-4316-1816-1cd4-783f8ed19cfa,,,
1999,CAR,DB,DB,39,ACT,Damien Richardson,Damien,Richardson,1976-04-03,73,210,,00-0013675,,,,,,,,,,"https://static.www.nfl.com/image/private/f_auto,q_auto/league/gwajcgsan0jiryovfic3",RIC398573,,32005249-4339-8573-9200-ab87997c63fa,,,
1999,BAL,SPEC,P,5,ACT,Kyle Richardson,Kyle,Richardson,1973-03-02,74,210,,00-0013682,,,,,,,,,,"https://static.www.nfl.com/image/private/f_auto,q_auto/league/c9wgbnzdkdyt84dagy6r",RIC566253,,32005249-4356-6253-44d4-922fe1a58c0f,,,
1999,KC,RB,FB,49,ACT,Tony Richardson,Antonio,Richardson,1971-12-17,73,235,,00-0013694,,,,,,,,,,"https://static.www.nfl.com/image/private/f_auto,q_auto/league/zi4cb4stok9qe9mwadmn",RIC389026,,32005249-4338-9026-a6b4-963129d0a095,,,
1999,ATL,QB,QB,14,ACT,Wally Richardson,Wallace,Richardson,1974-02-11,76,225,,00-0013695,,,,,,,,,,"https://static.www.nfl.com/image/private/f_auto,q_auto/league/ktpu3cz37tld72fsvdvp",RIC637240,,32005249-4363-7240-521b-f3d607caffc9,,,
1999,SF,SPEC,K,7,ACT,Wade Richey,Wade,Richey,1976-05-19,76,200,,00-0013699,,,,,,,,,,"https://static.www.nfl.com/image/private/f_auto,q_auto/league/yupbiv9afjgtjiirxtfv",RIC676620,,32005249-4367-6620-fcf7-4fc0903bff71,,,
1999,SF,DL,NT,93,ACT,David Richie,David,Richie,1973-09-26,76,280,,00-0013700,,,,,,,,,,"https://static.www.nfl.com/image/private/f_auto,q_auto/league/h1ttj5xwrr9dkawmokk8",RIC680200,,32005249-4368-0200-5067-ae9df0a74f60,,,
1999,SD,WR,WR,86,ACT,Mikhael Ricks,Mikhael,Ricks,1974-11-14,77,237,,00-0013712,,,,,,,,,,"https://static.www.nfl.com/image/private/f_auto,q_auto/league/lhsvqlh0jnec6obbskgt",RIC823412,,32005249-4382-3412-d06c-c773838ed123,,,
1999,BUF,TE,TE,85,ACT,Jay Riemersma,Allen,Riemersma,1973-05-17,77,254,,00-0013728,,,,,,,,,,"https://static.www.nfl.com/image/private/f_auto,q_auto/league/frgmk5ijsefbt184h8sd",RIE304546,,32005249-4530-4546-ba90-a9c6208b9472,,,
1999,KC,OL,OT,66,ACT,Victor Riley,Victor,Riley,1974-11-04,77,334,,00-0013759,,,,,,,,,,"https://static.www.nfl.com/image/private/f_auto,q_auto/league/n6uy2ox8j9tnvzttccdd",RIL787208,,32005249-4c78-7208-3272-921eb57730f1,,,
1999,KC,WR,WR,89,ACT,Andre Rison,Andre,Rison,1967-03-18,73,199,,00-0013770,,,,,,,,,,"https://static.www.nfl.com/image/private/f_auto,q_auto/league/uogm8ckgcd1juwc0qdyo",RIS519110,,32005249-5351-9110-3a50-bd94da4bf453,,,
1999,OAK,RB,RB,40,ACT,Jon Ritchie,Jon,Ritchie,1974-09-04,73,250,,00-0013773,,,,,,,,,,"https://static.www.nfl.com/image/private/f_auto,q_auto/league/felqlqi7bqirkbrpcudj",RIT566472,,32005249-5456-6472-d772-b49e0f0b1aeb,,,
1999,GB,OL,G,62,ACT,Marco Rivera,Marco,Rivera,1972-04-26,76,305,,00-0013780,,,,,,,,,,"https://static.www.nfl.com/image/private/f_auto,q_auto/league/qyo82dsadbfw76ddlf0v",RIV230717,,32005249-5623-0717-1e67-dbd27880d6d3,,,
1999,DET,RB,RB,34,ACT,Ron Rivers,Ronald,Rivers,1971-11-13,68,207,,00-0013785,,,,,,,,,,"https://static.www.nfl.com/image/private/f_auto,q_auto/league/zbdow1edykjuuixtri6d",RIV667759,,32005249-5666-7759-6aae-87adaebb32a6,,,
1999,NO,OL,OT,77,ACT,Willie Roaf,William,Roaf,1970-04-18,77,312,,00-0013791,,,,,,,,,,"https://static.www.nfl.com/image/private/f_auto,q_auto/league/vbhqmy7sz7crxafuzqkx",ROA625630,,3200524f-4162-5630-2d2d-01fb07558434,,,
1999,TEN,TE,TE,80,RES,Michael Roan,Michael,Roan,1972-08-29,75,251,,00-0013792,,,,,,,,,,"https://static.www.nfl.com/image/private/f_auto,q_auto/league/kyy5ydodbmwwe13to04d",ROA699174,,3200524f-4169-9174-dc43-bb58e3865b0b,,,
1999,NO,DL,DT,95,ACT,Austin Robbins,Austin,Robbins,1971-03-01,78,290,,00-0013796,,,,,,,,,,"https://static.www.nfl.com/image/private/f_auto,q_auto/league/iv4bmtuqymwcltzx2nkl",ROB031598,,3200524f-4203-1598-3e80-166446d22afe,,,
1999,OAK,OL,C,63,ACT,Barret Robbins,Barret,Robbins,1973-08-26,75,315,,00-0013797,,,,,,,,,,"https://static.www.nfl.com/image/private/f_auto,q_auto/league/vcbcmqjggro8jha4xmug",ROB032099,,3200524f-4203-2099-3d93-c768650c9823,,,
1999,JAX,DL,DE,92,CUT,James Roberson,James,Roberson,1971-05-03,75,275,,00-0013807,,,,,,,,,,"https://static.www.nfl.com/image/private/f_auto,q_auto/league/apylgdubf5jmeuhqu2lm",ROB076738,,3200524f-4207-6738-8626-ad64fd1ed391,,,
1999,DET,OL,OT,72,RES,Ray Roberts,Richard,Roberts,1969-06-03,78,320,,00-0013822,,,,,,,,,,"https://static.www.nfl.com/image/private/f_auto,q_auto/league/brkkytiehseq6qhvtlxy",ROB239242,,3200524f-4223-9242-86d4-87937482ee24,,,
1999,TEN,DB,FS,31,ACT,Marcus Robertson,Marcus,Robertson,1969-10-02,71,205,,00-0013835,,,,,,,,,,"https://static.www.nfl.com/image/private/f_auto,q_auto/league/boeig25llysegem2def0",ROB359145,,3200524f-4235-9145-ee37-a44acb4d0e9f,,,
1999,CHI,DL,DE,98,ACT,Bryan Robinson,Bryan,Robinson,1974-06-22,76,295,,00-0013845,,,,,,,,,,"https://static.www.nfl.com/image/private/f_auto,q_auto/league/g9ctraze8tzjfcopbkra",ROB372405,,3200524f-4237-2405-a446-34155f835717,,,
1999,TB,DB,FS,24,ACT,Damien Robinson,Damien,Robinson,1973-12-22,74,214,,00-0013850,,,,,,,,,,"https://static.www.nfl.com/image/private/f_auto,q_auto/league/jv6ujfqgfnykdhwmheaf",ROB385947,,3200524f-4238-5947-adc1-df2863281359,,,
1999,TEN,LB,OLB,55,ACT,Eddie Robinson,Eddie,Robinson,1970-04-13,73,243,,00-0013858,,,,,,,,,,"https://static.www.nfl.com/image/private/f_auto,q_auto/league/soeuxhhf0s6dvclhnizc",ROB410788,,3200524f-4241-0788-1a82-551073123071,,,
1999,ATL,DB,FS,41,ACT,Eugene Robinson,Eugene,Robinson,1963-05-28,73,200,,00-0013860,,,,,,,,,,"https://static.www.nfl.com/image/private/f_auto,q_auto/league/x4ysa9nxd923gw6lfwgr",ROB424316,,3200524f-4242-4316-1e95-d1d6ed128cec,,,
1999,STL,TE,TE,45,ACT,Jeff Robinson,Jeffrey,Robinson,1970-02-20,76,275,,00-0013872,,,,,,,,,,"https://static.www.nfl.com/image/private/f_auto,q_auto/league/hzr4biseccoanwj3jfhb",ROB528138,,3200524f-4252-8138-ed17-934e3b2e45af,,,
1999,CHI,WR,WR,88,ACT,Marcus Robinson,Marcus,Robinson,1975-02-27,75,215,,00-0013888,,,,,,,,,,"https://static.www.nfl.com/image/private/f_auto,q_auto/league/zhn6taxt5dgyq43v9qam",ROB627446,,3200524f-4262-7446-1359-1fee0aff29d2,,,
1999,SEA,OL,C,61,ACT,Mark Rodenhauser,Mark,Rodenhauser,1961-06-01,77,270,,00-0013932,,,,,,,,,,"https://static.www.nfl.com/image/private/f_auto,q_auto/league/h4iqmbatmjbpm9iqimzz",ROD166116,,3200524f-4416-6116-e1f1-970cb02063ff,,,
1999,SD,WR,WR,17,CUT,Anthony Rodgers,Anthony,Rodgers,1973-12-11,75,190,,00-0013933,,,,,,,,,,"https://static.www.nfl.com/image/private/f_auto,q_auto/league/qx4laew3tsyixiirlome",ROD346354,,3200524f-4434-6354-1fc8-f1ea92175d6d,,,
1999,MIA,LB,OLB,59,ACT,Derrick Rodgers,Derrick,Rodgers,1971-10-14,73,230,,00-0013935,,,,,,,,,,"https://static.www.nfl.com/image/private/f_auto,q_auto/league/y94c5hpbwznpngcecg4n",ROD356854,,3200524f-4435-6854-b232-50a49783f7a1,,,
1999,SEA,WR,WR,31,ACT,Charlie Rogers,John,Rogers,1976-06-19,69,179,,00-0013958,,,,,,,,,,"https://static.www.nfl.com/image/private/f_auto,q_auto/league/eigvh5qzpsyf6hzyviuc",ROG440844,,3200524f-4744-0844-a84f-16a4e9254ebb,,,
1999,MIN,DB,DB,29,ACT,Chris Rogers,Chris,Rogers,1977-01-03,70,192,,00-0013959,,,,,,,,,,"https://static.www.nfl.com/image/private/f_auto,q_auto/league/swwbk7sdqjpmshqepkzb",ROG154198,,3200524f-4715-4198-c199-7139d1111863,,,
1999,BUF,LB,OLB,59,ACT,Sam Rogers,Sammy,Rogers,1970-05-30,75,245,,00-0013979,,,,,,,,,,"https://static.www.nfl.com/image/private/f_auto,q_auto/league/br0g01kryifa4vua6wat",ROG531180,,3200524f-4753-1180-a6f1-a9aea08ce68b,,,
1999,CLE,LB,LB,78,ACT,Tyrone Rogers,Tyrone,Rogers,1974-03-09,77,240,,00-0013986,,,,,,,,,,"https://static.www.nfl.com/image/private/f_auto,q_auto/league/pcnyqdjk7ilp1njo2h6f",ROG660516,,3200524f-4766-0516-4f82-8ad4280da739,,,
1999,TEN,DB,CB,21,ACT,Samari Rolle,Samari,Rolle,1976-08-10,72,175,,00-0013995,,,,,,,,,,"https://static.www.nfl.com/image/private/f_auto,q_auto/league/c3oee641fcgsiu1ynhip",ROL531110,,3200524f-4c53-1110-8c3d-b9175068b0f2,,,
1999,DEN,LB,OLB,53,ACT,Bill Romanowski,William,Romanowski,1966-04-02,76,245,,00-0014004,,,,,,,,,,"https://static.www.nfl.com/image/private/f_auto,q_auto/league/wet8m0v5w3btxqwpb1cg",ROM323001,,3200524f-4d32-3001-a1ed-cc821c90ddd9,,,
1999,DET,OL,OT,74,ACT,Juan Roque,Juan,Roque,1974-02-06,80,332,,00-0014022,,,,,,,,,,"https://static.www.nfl.com/image/private/f_auto,q_auto/league/b5wpzizdxzlutqfzmu7f",ROQ402541,,3200524f-5140-2541-b23d-7b3391d9c726,,,
1999,NYG,OL,G,78,ACT,Mike Rosenthal,Michael,Rosenthal,1977-06-10,79,315,,00-0014047,,,,,,,,,,"https://static.www.nfl.com/image/private/f_auto,q_auto/league/takguixivohasrkyqgq0",ROS452640,,3200524f-5345-2640-160e-fd5aeb6e4955,,,
1999,CIN,LB,OLB,57,ACT,Adrian Ross,Adrian,Ross,1975-02-19,74,244,,00-0014051,,,,,,,,,,"https://static.www.nfl.com/image/private/f_auto,q_auto/league/xgkapwpsnurxbxanarce",ROS533925,,3200524f-5353-3925-2f42-50ed14cdd845,,,
1999,PHI,OL,OT,73,ACT,Oliver Ross,Oliver,Ross,1974-09-27,76,310,,00-0014063,,,,,,,,,,"https://static.www.nfl.com/image/private/f_auto,q_auto/league/nf0lupyjt4lvwbksxhtv",ROS656940,,3200524f-5365-6940-d423-f225d4f0f964,,,
1999,PHI,DB,CB,25,ACT,Allen Rossum,Allen,Rossum,1975-10-22,68,178,,00-0014071,,,,,,,,,,"https://static.www.nfl.com/image/private/f_auto,q_auto/league/gvp0ie148htxbefffbjn",ROS771225,,3200524f-5377-1225-e97d-a3a687be4ab9,,,
1999,DEN,SPEC,P,16,ACT,Tom Rouen,Thomas,Rouen,1968-06-09,75,225,,00-0014083,,,,,,,,,,"https://static.www.nfl.com/image/private/f_auto,q_auto/league/buqxq9ri0awmd6ahmy9m",ROU091363,,3200524f-5509-1363-df5a-bebd33089f46,,,
1999,SD,OL,G,74,ACT,Raleigh Roundtree,Raleigh,Roundtree,1975-08-31,76,295,,00-0014086,,,,,,,,,,"https://static.www.nfl.com/image/private/f_auto,q_auto/league/rqqh4xqgaue4vxqxjspd",ROU158616,,3200524f-5515-8616-f781-b79b5608bf87,,,
1999,STL,DB,DB,42,RES,Joe Rowe,Joeseph,Rowe,1973-12-08,72,195,,00-0014099,,,,,,,,,,"https://static.www.nfl.com/image/private/f_auto,q_auto/league/zlv65qvn8azmcybpfv75",ROW308500,,3200524f-5730-8500-7036-aa4233060b78,,,
1999,IND,LB,LB,58,CUT,Andre Royal,Andre,Royal,1972-12-01,74,220,,00-0014111,,,,,,,,,,"https://static.www.nfl.com/image/private/f_auto,q_auto/league/yhihitxq1xenuhzjk5ty",ROY391290,,3200524f-5939-1290-9997-2037443f19df,,,
1999,TB,SPEC,P,3,ACT,Mark Royals,Mark,Royals,1965-06-22,77,215,,00-0014115,,,,,,,,,,"https://static.www.nfl.com/image/private/f_auto,q_auto/league/bv8aa1khwpokepn2nb7w",ROY553720,,3200524f-5955-3720-ab15-63c40e9facfa,,,
1999,PIT,DL,DE,71,ACT,Orpheus Roye,Orpheus,Roye,1973-01-21,76,290,,00-0014116,,,,,,,,,,"https://static.www.nfl.com/image/private/f_auto,q_auto/league/yohsyfkamf6hdhci3ro6",ROY581648,,3200524f-5958-1648-d200-0a20d9de83a7,,,
1999,ARI,DL,DE,78,ACT,Angel Rubio,Angel,Rubio,1975-04-12,74,307,,00-0014128,,,,,,,,,,"https://static.www.nfl.com/image/private/f_auto,q_auto/league/bzjm4e4g33r9pbictnfu",RUB488116,,32005255-4248-8116-c105-513c58b386d6,,,
1999,NE,OL,G,71,ACT,Todd Rucci,Todd,Rucci,1970-07-14,77,296,,00-0014130,,,,,,,,,,"https://static.www.nfl.com/image/private/f_auto,q_auto/league/anhxuurbvihkth9rxm6r",RUC066445,,32005255-4306-6445-12a1-3fd65116978b,,,
1999,CAR,DL,DE,93,ACT,Mike Rucker,Michael,Rucker,1975-02-28,76,258,,00-0014132,,,,,,,,,,"https://static.www.nfl.com/image/private/f_auto,q_auto/league/avcahewlbveppq3zsy3v",RUC609091,,32005255-4360-9091-557c-5d070d62918d,,,
1999,MIN,LB,OLB,57,ACT,Dwayne Rudd,Dwayne,Rudd,1976-02-03,74,233,,00-0014135,,,,,,,,,,"https://static.www.nfl.com/image/private/f_auto,q_auto/league/ygpgqm2zqtijqjf3jspa",RUD021106,,32005255-4402-1106-5895-a555733d27d0,,,
1999,MIA,OL,C,61,ACT,Tim Ruddy,Timothy,Ruddy,1972-04-27,75,300,,00-0014136,,,,,,,,,,"https://static.www.nfl.com/image/private/f_auto,q_auto/league/jpszlvckhub9zkz89a91",RUD034606,,32005255-4403-4606-b00e-78596daab6a8,,,
1999,MIA,OL,C,62,ACT,Grey Ruegamer,Christopher,Ruegamer,1976-06-11,77,310,,00-0014148,,,,,,,,,,"https://static.www.nfl.com/image/private/f_auto,q_auto/league/xax1xkczubz3q3gnhcre",RUE079101,,32005255-4507-9101-1093-f5dfbc8045e1,,,
1999,SD,LB,LB,56,ACT,Orlando Ruff,Orlando,Ruff,1976-09-28,75,247,,00-0014153,,,,,,,,,,"https://static.www.nfl.com/image/private/f_auto,q_auto/league/nun6nl8cqsppanzruphr",RUF422041,,32005255-4642-2041-9741-e4f904eecf15,,,
1999,CLE,OL,OT,68,ACT,Chris Ruhman,Christopher,Ruhman,1974-12-19,77,321,,00-0014159,,,,,,,,,,"https://static.www.nfl.com/image/private/f_auto,q_auto/league/afj17jf849bnbchuwvb0",RUH687025,,32005255-4868-7025-4ea0-5210b0cd529d,,,
1999,TEN,OL,OT,69,ACT,Jon Runyan,Jon,Runyan,1973-11-27,79,320,,00-0014169,,,,,,,,,,"https://static.www.nfl.com/image/private/f_auto,q_auto/league/nyyrcjv5o7e1ehqzgbao",RUN804626,,32005255-4e80-4626-b77c-32fa52332aa8,,,
1999,SD,DB,DB,25,ACT,Reggie Rusk,Reggie,Rusk,1972-12-19,70,190,,00-0014179,,,,,,,,,,"https://static.www.nfl.com/image/private/f_auto,q_auto/league/bcqsxjhjlvvjjhtirrjb",RUS214563,,32005255-5321-4563-cb75-a482ba19687a,,,
1999,NE,LB,LB,51,CUT,Bernard Russ,Bernard,Russ,1973-11-04,73,238,,00-0014181,,,,,,,,,,"https://static.www.nfl.com/image/private/f_auto,q_auto/league/jxe8d17zmniimk8gkpgb",RUS235156,,32005255-5323-5156-afa7-ff0789fad27e,,,
1999,DEN,LB,LB,58,ACT,Steve Russ,Steven,Russ,1972-09-16,76,245,,00-0014182,,,,,,,,,,"https://static.www.nfl.com/image/private/f_auto,q_auto/league/r34fj1mtjgcewkzwguc2",RUS289606,,32005255-5328-9606-3914-1ce2649f5295,,,
1999,OAK,DL,DT,96,ACT,Darrell Russell,Darrell,Russell,1976-05-27,77,320,,00-0014185,,,,,,,,,,"https://static.www.nfl.com/image/private/f_auto,q_auto/league/by46z9wrgz9dwpbilt7j",RUS445391,,32005255-5344-5391-11a9-6387f36679c5,,,
1999,DET,LB,LB,54,RES,Matt Russell,Matthew,Russell,1973-07-05,74,245,,00-0014194,,,,,,,,,,"https://static.www.nfl.com/image/private/f_auto,q_auto/league/iyyakckj6bgc2ptbv1ta",RUS636818,,32005255-5363-6818-2e35-7641a0e95889,,,
1999,WAS,LB,LB,98,RES,Twan Russell,Twan,Russell,1974-04-25,74,219,,00-0014200,,,,,,,,,,"https://static.www.nfl.com/image/private/f_auto,q_auto/league/tm4yboaotz5gabsiez0p",RUS736497,,32005255-5373-6497-b432-8b8abbd2ce52,,,
1999,ARI,LB,LB,51,ACT,Johnny Rutledge,Johnny,Rutledge,1977-01-04,75,242,,00-0014209,,,,,,,,,,"https://static.www.nfl.com/image/private/f_auto,q_auto/league/sblbkp6jiba0wbx3a65o",RUT743171,,32005255-5474-3171-a828-c24cb8e9a8c9,,,
1999,NE,TE,TE,83,ACT,Rod Rutledge,Rodrick,Rutledge,1975-08-12,77,262,,00-0014211,,,,,,,,,,"https://static.www.nfl.com/image/private/f_auto,q_auto/league/wwyaztudjjxtktzeczoc",RUT748046,,32005255-5474-8046-d6ac-7ba06eeb0217,,,
1999,ATL,OL,OT,74,ACT,Ephraim Salaam,Ephraim,Salaam,1976-06-19,79,310,,00-0014255,,,,,,,,,,"https://static.www.nfl.com/image/private/f_auto,q_auto/league/uuwwgfgvpogdvmzegwhx",SAL058019,,32005341-4c05-8019-237f-7a29cb127458,,,
1999,CLE,RB,RB,29,TRC,Rashaan Salaam,Rashaan,Salaam,1974-10-08,73,225,,00-0014256,,,,,,,,,,"https://static.www.nfl.com/image/private/f_auto,q_auto/league/u90wcnqxsv4acobtrbdb",SAL066622,,32005341-4c06-6622-70d1-28696914c7ce,,,
1999,GB,RB,RB,39,ACT,Rashaan Salaam,Rashaan,Salaam,1974-10-08,73,225,,00-0014256,,,,,,,,,,"https://static.www.nfl.com/image/private/f_auto,q_auto/league/u90wcnqxsv4acobtrbdb",SAL066622,,32005341-4c06-6622-70d1-28696914c7ce,,,
1999,TEN,DL,DT,95,ACT,Joe Salave'a,Joe,Salave'a,1975-03-25,75,290,,00-0014260,,,,,,,,,,"https://static.www.nfl.com/image/private/f_auto,q_auto/league/i010ezfc8dn34whn0jsq",SAL179616,,32005341-4c17-9616-daee-d3ce59358c02,,,
1999,CLE,RB,FB,40,ACT,Tarek Saleh,Tarek,Saleh,1974-11-07,73,240,,00-0014265,,,,,,,,,,"https://static.www.nfl.com/image/private/f_auto,q_auto/league/zebp8wigtczyubai3kml",SAL309160,,32005341-4c30-9160-f7f8-ce24619d414b,,,
1999,CHI,LB,LB,91,ACT,Khari Samuel,Khari,Samuel,1976-10-14,75,242,,00-0014298,,,,,,,,,,"https://static.www.nfl.com/image/private/f_auto,q_auto/league/goewk4ikfa95kycbqogb",SAM645472,,32005341-4d64-5472-6221-b0df3a4122a2,,,
1999,NYG,DB,DB,47,ACT,Brandon Sanders,Brandon,Sanders,1973-06-10,69,185,,00-0014315,,,,,,,,,,"https://static.www.nfl.com/image/private/f_auto,q_auto/league/iwdiixxnctq0gtyakpws",SAN203216,,32005341-4e20-3216-3cd1-734def2f248f,,,
1999,TEN,WR,WR,81,ACT,Chris Sanders,Christopher,Sanders,1972-05-08,73,188,,00-0014319,,,,,,,,,,"https://static.www.nfl.com/image/private/f_auto,q_auto/league/zrcqcc9sv8cxe94rrsjw",SAN238558,,32005341-4e23-8558-eef1-6128cc80fc1a,,,
1999,DAL,DB,CB,21,ACT,Deion Sanders,Deion,Sanders,1967-08-09,73,198,,00-0014324,,,,,,,,,,"https://static.www.nfl.com/image/private/f_auto,q_auto/league/hgcom8m5korxg0lvnxhj",SAN282736,,32005341-4e28-2736-9bcf-df916eb4e7b1,,,
1999,ARI,WR,WR,81,ACT,Frank Sanders,Frank,Sanders,1973-02-17,74,204,,00-0014328,,,,,,,,,,"https://static.www.nfl.com/image/private/f_auto,q_auto/league/v3rh05ps0k9d8wahpyxc",SAN326913,,32005341-4e32-6913-6caa-8a1579d4cd27,,,
1999,TEN,OL,G,73,RES,Scott Sanderson,Scott,Sanderson,1974-07-25,78,295,,00-0014339,,,,,,,,,,"https://static.www.nfl.com/image/private/f_auto,q_auto/league/laolqg8pvifpij0woryo",SAN521294,,32005341-4e52-1294-b428-dc692fa12c71,,,
1999,MIA,WR,WR,1,RES,Kio Sanford,Kiota,Sanford,1975-01-08,70,181,,00-0014344,,,,,,,,,,"https://static.www.nfl.com/image/private/f_auto,q_auto/league/zmvqhezfxp8tq5x9dmsb",SAN689169,,32005341-4e68-9169-3687-14d0fae8c0aa,,,
1999,CHI,WR,WR,82,ACT,Sulecio Sanford,Sulecio,Sanford,1976-03-23,70,190,,00-0014348,,,,,,,,,,"https://static.www.nfl.com/image/private/f_auto,q_auto/league/k1eog4ecnm0cr6qlvw1k",SAN735011,,32005341-4e73-5011-1c30-f1abffbfdda2,,,
1999,ATL,TE,TE,88,ACT,O.J. Santiago,Otis,Santiago,1974-03-04,79,264,,00-0014350,,,,,,,,,,"https://static.www.nfl.com/image/private/f_auto,q_auto/league/q4vb7vilifja6rczbp9c",SAN768688,,32005341-4e76-8688-fd07-c1c7ca51a8dc,,,
1999,ARI,LB,OLB,55,ACT,Patrick Sapp,Patrick,Sapp,1973-05-11,76,258,,00-0014357,,,,,,,,,,"https://static.www.nfl.com/image/private/f_auto,q_auto/league/rocflwbmfvjo2fsjmvgg",SAP610185,,32005341-5061-0185-9ce6-af7ec4742975,,,
1999,TB,DL,DT,99,ACT,Warren Sapp,Warren,Sapp,1972-12-19,74,303,,00-0014358,,,,,,,,,,"https://static.www.nfl.com/image/private/f_auto,q_auto/league/vy7oxarkyorx4f2d9w0o",SAP635685,,32005341-5063-5685-ad80-c7a6f3755487,,,
1999,IND,OL,OT,68,RES,Trey Sartin,Trey,Sartin,1975-03-19,79,322,,00-0014367,,,,,,,,,,"https://static.www.nfl.com/image/private/f_auto,q_auto/league/w7ubfmh2ifsbxlqmvj2l",SAR714051,,32005341-5271-4051-a949-576eed726c82,,,
1999,IND,OL,G,63,ACT,Jeff Saturday,Jeffrey,Saturday,1975-06-18,74,298,,00-0014375,,,,,,,,,,"https://static.www.nfl.com/image/private/f_auto,q_auto/league/ex99uhtdfizvy41rjb4y",SAT652599,,32005341-5465-2599-642d-fd76029bf2fc,,,
1999,ATL,LB,LB,52,ACT,Craig Sauer,Craig,Sauer,1972-12-31,73,235,,00-0014376,,,,,,,,,,"https://static.www.nfl.com/image/private/f_auto,q_auto/league/ayppjkcdqxikyyh2zm8q",SAU051507,,32005341-5505-1507-faaa-67e559b5bbea,,,
1999,CHI,SPEC,P,16,ACT,Todd Sauerbrun,Todd,Sauerbrun,1973-01-04,70,209,,00-0014377,,,,,,,,,,"https://static.www.nfl.com/image/private/f_auto,q_auto/league/n9wzyi0xxpvngarexbtj",SAU163764,,32005341-5516-3764-1d0d-56e2e58f2d36,,,
1999,DET,QB,QB,16,ACT,Cory Sauter,Cory,Sauter,1974-11-21,76,215,,00-0014384,,,,,,,,,,"https://static.www.nfl.com/image/private/f_auto,q_auto/league/nh16y9ssyil8o6ohhpxs",SAU795172,,32005341-5579-5172-b6d1-0a40200ea26c,,,
1999,NYJ,DB,DB,29,CUT,Corey Sawyer,Corey,Sawyer,1971-10-04,71,177,,00-0014397,,,,,,,,,,"https://static.www.nfl.com/image/private/f_auto,q_auto/league/inlmz9gjeqioov0n7kdy",SAW127180,,32005341-5712-7180-743b-32f0f7ce2ecf,,,
1999,MIN,DL,DE,97,ACT,Talance Sawyer,Talance,Sawyer,1976-06-14,74,272,,00-0014401,,,,,,,,,,"https://static.www.nfl.com/image/private/f_auto,q_auto/league/yqnthvfjyt0fn0lwwtqn",SAW703400,,32005341-5770-3400-1a40-1e9adc5a50d0,,,
1999,PHI,OL,G,67,ACT,Ryan Schau,Ryan,Schau,1975-12-30,78,300,,00-0014433,,,,,,,,,,"https://static.www.nfl.com/image/private/f_auto,q_auto/league/gzky7ro8uqzwvzrhleaq",SCH083955,,32005343-4808-3955-58e2-dccaa54f317b,,,
1999,DEN,OL,G,69,ACT,Mark Schlereth,Mark,Schlereth,1966-01-25,75,287,,00-0014449,,,,,,,,,,"https://static.www.nfl.com/image/private/f_auto,q_auto/league/gdojftvaivo3kdqbzlvt",SCH209438,,32005343-4820-9438-22f6-4c1073e1bbf1,,,
1999,DET,RB,FB,30,ACT,Cory Schlesinger,Cory,Schlesinger,1972-06-23,72,246,,00-0014450,,,,,,,,,,"https://static.www.nfl.com/image/private/f_auto,q_auto/league/fkm7gvy2gxogjiw1j9o7",SCH211845,,32005343-4821-1845-368f-328895302801,,,
1999,ATL,OL,G,67,CUT,Adam Schreiber,Adam,Schreiber,1962-02-20,76,295,,00-0014486,,,,,,,,,,"https://static.www.nfl.com/image/private/f_auto,q_auto/league/lw67jkldom891bzxus9t",SCH498318,,32005343-4849-8318-3d09-c58e236c847d,,,
1999,GB,WR,WR,84,ACT,Bill Schroeder,William,Schroeder,1971-01-09,75,205,,00-0014489,,,,,,,,,,"https://static.www.nfl.com/image/private/f_auto,q_auto/league/xtharhdrjchxqtltrk30",SCH523595,,32005343-4852-3595-e5c3-865d79799ea8,,,
1999,SF,DB,FS,30,ACT,Lance Schulters,Lancewolt,Schulters,1975-05-27,74,195,,00-0014504,,,,,,,,,,"https://static.www.nfl.com/image/private/f_auto,q_auto/league/qiifos5fwkxxjjhjmc49",SCH632827,,32005343-4863-2827-e509-b8d14e3585b3,,,
1999,BUF,DB,FS,24,ACT,Kurt Schulz,Kurt,Schulz,1968-12-12,72,208,,00-0014512,,,,,,,,,,"https://static.www.nfl.com/image/private/f_auto,q_auto/league/nwqvgerrnu2wkvnojgao",SCH682479,,32005343-4868-2479-a57e-d3a8d857e502,,,
1999,JAX,LB,LB,58,RES,Bryan Schwartz,Bryan,Schwartz,1971-12-05,76,255,,00-0014519,,,,,,,,,,"https://static.www.nfl.com/image/private/f_auto,q_auto/league/tdvq1lr5nexoeulkljtv",SCH748199,,32005343-4874-8199-e449-dbe50913d575,,,
1999,NO,OL,G,74,CUT,Steve Scifres,Steve,Scifres,1972-01-22,76,300,,00-0014529,,,,,,,,,,"https://static.www.nfl.com/image/private/f_auto,q_auto/league/yw4gafotjtjih9smukdv",SCI464147,,32005343-4946-4147-4a54-b087259fb143,,,
1999,IND,DL,DE,99,ACT,Brad Scioli,Brad,Scioli,1976-09-06,75,277,,00-0014530,,,,,,,,,,"https://static.www.nfl.com/image/private/f_auto,q_auto/league/ifvt8chtlja0w6qc9nhx",SCI566807,,32005343-4956-6807-2ad2-c57d1f8ca92a,,,
1999,PIT,DB,CB,30,ACT,Chad Scott,Chad,Scott,1974-09-06,73,192,,00-0014539,,,,,,,,,,"https://static.www.nfl.com/image/private/f_auto,q_auto/league/ndbbyiy7981ngzxbhu6x",SCO127406,,32005343-4f12-7406-ff9b-1f26bf350837,,,
1999,CIN,WR,WR,86,ACT,Darnay Scott,Darnay,Scott,1972-07-07,73,205,,00-0014544,,,,,,,,,,"https://static.www.nfl.com/image/private/f_auto,q_auto/league/parvdthv81x0j4z6jlb6",SCO230712,,32005343-4f23-0712-35d0-238300b97a53,,,
1999,NYG,OL,C,53,RES,Lance Scott,Lance,Scott,1972-02-15,75,295,,00-0014562,,,,,,,,,,"https://static.www.nfl.com/image/private/f_auto,q_auto/league/dtjj1qr8ofatqa8rimle",SCO465116,,32005343-4f46-5116-19bc-e27fb0b461c7,,,
1999,MIA,DL,DT,94,RES,Walter Scott,Walter,Scott,1973-05-18,75,273,,00-0014586,,,,,,,,,,"https://static.www.nfl.com/image/private/f_auto,q_auto/league/kkmfoswzezgp4vgjkmis",SCO729051,,32005343-4f72-9051-5a21-198587c1d66f,,,
1999,ARI,OL,G,68,ACT,Yusuf Scott,Yusuf,Scott,1976-11-30,75,332,,00-0014589,,,,,,,,,,"https://static.www.nfl.com/image/private/f_auto,q_auto/league/uxwckgpmvshdxdjytqcd",SCO784422,,32005343-4f78-4422-20b9-037651bc88bf,,,
1999,DET,DL,DE,97,ACT,Tracy Scroggins,Tracy,Scroggins,1969-09-11,75,273,,00-0014596,,,,,,,,,,"https://static.www.nfl.com/image/private/f_auto,q_auto/league/m6pzuyr4cfkch2vuhx6q",SCR622935,,32005343-5262-2935-3503-8946f1d7053e,,,
1999,CAR,DB,DB,38,ACT,Mike Scurlock,Michael,Scurlock,1972-02-26,70,200,,00-0014600,,,,,,,,,,"https://static.www.nfl.com/image/private/f_auto,q_auto/league/ctghkxs85wlnoqefq2cw",SCU705994,,32005343-5570-5994-5ccd-f6577233006e,,,
1999,JAX,OL,OT,72,ACT,Leon Searcy,Leon,Searcy,1969-12-21,76,315,,00-0014616,,,,,,,,,,"https://static.www.nfl.com/image/private/f_auto,q_auto/league/cxuwmtr0bufnvculap5w",SEA497162,,32005345-4149-7162-32e9-026ff81373ab,,,
1999,ARI,DL,DT,94,ACT,Corey Sears,Corey,Sears,1973-04-15,75,300,,00-0014618,,,,,,,,,,"https://static.www.nfl.com/image/private/f_auto,q_auto/league/xudo3ojseab3s3ugapbk",SEA512568,,32005345-4151-2568-eaf8-465e7c26f6f4,,,
1999,SD,LB,OLB,55,ACT,Junior Seau,Tiaina,Seau,1969-01-19,75,250,,00-0014619,,,,,,,,,,"https://static.www.nfl.com/image/private/f_auto,q_auto/league/tjckhgwowsqmlzvxebcp",SEA743138,,32005345-4174-3138-5f56-5a31fe9a7972,,,
1999,NYG,DB,CB,31,ACT,Jason Sehorn,Jason,Sehorn,1971-04-15,74,210,,00-0014637,,,,,,,,,,"https://static.www.nfl.com/image/private/f_auto,q_auto/league/uiozonf6wmaffwue19qe",SEH474619,,32005345-4847-4619-a9a8-43ad34748184,,,
1999,WAS,TE,TE,45,ACT,Mike Sellers,Mike,Sellers,1975-07-21,75,260,,00-0014655,,,,,,,,,,"https://static.www.nfl.com/image/private/f_auto,q_auto/league/mgfu3pfyhktvffde9ww2",SEL465626,,32005345-4c46-5626-c19f-7224181bdd63,,,
1999,DET,OL,G,62,ACT,Tony Semple,Anthony,Semple,1970-12-20,77,303,,00-0014660,,,,,,,,,,"https://static.www.nfl.com/image/private/f_auto,q_auto/league/vzvbt1fu4l2xnqhdqk6g",SEM622937,,32005345-4d62-2937-5273-ff84c60f8ade,,,
1999,NE,DB,DB,31,ACT,Kato Serwanga,Kato,Serwanga,1976-07-23,72,198,,00-0014674,,,,,,,,,,"https://static.www.nfl.com/image/private/f_auto,q_auto/league/by6fge0uviwaor46n3dp",SER738296,,32005345-5273-8296-c5d4-bcbf6c6657d7,,,
1999,SF,DB,DB,43,ACT,Wasswa Serwanga,Wasswa,Serwanga,1976-07-23,70,196,,00-0014675,,,,,,,,,,"https://static.www.nfl.com/image/private/f_auto,q_auto/league/ssc354jdwx4qghi4rzlw",SER748046,,32005345-5274-8046-6f8b-f50b80cdfa3b,,,
1999,WAS,DB,S,29,ACT,Sam Shade,Samuel,Shade,1973-06-14,73,201,,00-0014692,,,,,,,,,,"https://static.www.nfl.com/image/private/f_auto,q_auto/league/rthvrcjz9rgx0azqxae1",SHA026621,,32005348-4102-6621-fdc8-ae06178f3787,,,
1999,MIA,WR,WR,82,CUT,Larry Shannon,Larry,Shannon,1975-02-02,76,215,,00-0014712,,,,,,,,,,"https://static.www.nfl.com/image/private/f_auto,q_auto/league/vasiup5qn7l9g1ewedjo",SHA260888,,32005348-4126-0888-873f-35a6f8485fbd,,,
1999,DEN,TE,TE,84,RES,Shannon Sharpe,Shannon,Sharpe,1968-06-26,74,230,,00-0014722,,,,,,,,,,"https://static.www.nfl.com/image/private/f_auto,q_auto/league/pl9dwxqbdarzuirkjeri",SHA468534,,32005348-4146-8534-482b-14025594bb3f,,,
1999,GB,DB,FS,42,ACT,Darren Sharper,Darren,Sharper,1975-11-03,74,210,,00-0014724,,,,,,,,,,"https://static.www.nfl.com/image/private/f_auto,q_auto/league/t5r5sxnyug8msvhyor1h",SHA500479,,32005348-4150-0479-a79d-b1fc0073b032,,,
1999,BAL,LB,OLB,55,ACT,Jamie Sharper,Harry,Sharper,1974-11-23,75,240,,00-0014725,,,,,,,,,,"https://static.www.nfl.com/image/private/f_auto,q_auto/league/mjleacj0p89wxitgyph7",SHA505803,,32005348-4150-5803-48ac-1af324a601a2,,,
1999,PIT,WR,WR,82,ACT,Bobby Shaw,Bobby,Shaw,1973-04-23,72,186,,00-0014729,,,,,,,,,,"https://static.www.nfl.com/image/private/f_auto,q_auto/league/xsahxwwg0ckgok0hl52a",SHA529762,,32005348-4152-9762-ea77-ca1f5ed9fa4e,,,
1999,NE,RB,RB,44,ACT,Harold Shaw,Harold,Shaw,1974-09-03,72,228,,00-0014733,,,,,,,,,,"https://static.www.nfl.com/image/private/f_auto,q_auto/league/fqpfiajookcjrncrbwho",SHA624712,,32005348-4162-4712-3307-bdf3451b385f,,,
1999,CIN,RB,RB,39,ACT,Sedrick Shaw,Sedrick,Shaw,1973-11-16,72,214,,00-0014742,,,,,,,,,,"https://static.www.nfl.com/image/private/f_auto,q_auto/league/ukg0sektmsyqhrohyafm",SHA776951,,32005348-4177-6951-2864-fb0e01167080,,,
1999,CLE,RB,RB,25,TRT,Sedrick Shaw,Sedrick,Shaw,1973-11-16,72,214,,00-0014742,,,,,,,,,,"https://static.www.nfl.com/image/private/f_auto,q_auto/league/ukg0sektmsyqhrohyafm",SHA776951,,32005348-4177-6951-2864-fb0e01167080,,,
1999,SD,DB,CB,29,ACT,Terrance Shaw,Terrance,Shaw,1973-11-11,71,190,,00-0014743,,,,,,,,,,"https://static.www.nfl.com/image/private/f_auto,q_auto/league/prppvwr81qjbfgg57iap",SHA779710,,32005348-4177-9710-9da3-040377f66d21,,,
1999,OAK,WR,WR,84,ACT,Kenny Shedd,Kendrick,Shedd,1971-02-14,70,165,,00-0014753,,,,,,,,,,"https://static.www.nfl.com/image/private/f_auto,q_auto/league/beyfwmhyvnvjemuebvtz",SHE114861,,32005348-4511-4861-29c6-1d844890f38e,,,
1999,KC,RB,RB,22,ACT,Rashaan Shehee,Rashaan,Shehee,1975-06-20,70,210,,00-0014759,,,,,,,,,,"https://static.www.nfl.com/image/private/f_auto,q_auto/league/q24wkht2ipxpamp0mmvm",SHE198798,,32005348-4519-8798-a87e-860084328ef3,,,
1999,MIA,OL,OT,68,ACT,Mike Sheldon,Michael,Sheldon,1973-06-08,76,305,,00-0014760,,,,,,,,,,"https://static.www.nfl.com/image/private/f_auto,q_auto/league/bhxgihxiihhqqbodglew",SHE273713,,32005348-4527-3713-b20e-491015f39b87,,,
1999,JAX,RB,FB,31,ACT,Daimon Shelton,Daimon,Shelton,1972-09-15,72,254,,00-0014775,,,,,,,,,,"https://static.www.nfl.com/image/private/f_auto,q_auto/league/xdc22edgyrj8e3nnff1y",SHE410850,,32005348-4541-0850-2f4f-eb66a579b481,,,
1999,ARI,OL,OT,70,ACT,L.J. Shelton,Lonnie,Shelton,1976-03-21,77,343,,00-0014776,,,,,,,,,,"https://static.www.nfl.com/image/private/f_auto,q_auto/league/rabrjna8dmtfnqjjzhez",SHE428521,,32005348-4542-8521-7c34-8dc15455b600,,,
1999,CLE,WR,WR,86,RES,Leslie Shepherd,Leslie,Shepherd,1969-11-03,71,186,,00-0014790,,,,,,,,,,"https://static.www.nfl.com/image/private/f_auto,q_auto/league/fksi7e7xttslnuxhacuj",SHE515177,,32005348-4551-5177-e4e4-fdfbe9c311af,,,
1999,IND,RB,FB,39,ACT,Paul Shields,Paul,Shields,1976-01-31,73,238,,00-0014809,,,,,,,,,,"https://static.www.nfl.com/image/private/f_auto,q_auto/league/ydcv5eqh8ohgmyhtpyhc",SHI228426,,32005348-4922-8426-a2c9-f3a32c7cdec6,,,
1999,PIT,DB,DB,47,ACT,Scott Shields,Scott,Shields,1976-03-29,76,228,,00-0014810,,,,,,,,,,"https://static.www.nfl.com/image/private/f_auto,q_auto/league/rvmaqece1xhfctblguzz",SHI229858,,32005348-4922-9858-b49c-bbf31c95e9da,,,
1999,KC,OL,G,68,ACT,Will Shields,Will,Shields,1971-09-15,75,321,,00-0014811,,,,,,,,,,"https://static.www.nfl.com/image/private/f_auto,q_auto/league/og9gtuexb3qijoqw0abg",SHI231768,,32005348-4923-1768-2e2f-910c6678e89e,,,
1999,CAR,OL,C,60,ACT,Clay Shiver,Clay,Shiver,1972-12-07,74,283,,00-0014820,,,,,,,,,,"https://static.www.nfl.com/image/private/f_auto,q_auto/league/jvyfemspzzim21pqi5ab",SHI765560,,32005348-4976-5560-c08e-dccf51d24ad0,,,
1999,TEN,DB,DB,37,ACT,Dainon Sidney,Dainon,Sidney,1975-05-30,72,188,,00-0014859,,,,,,,,,,"https://static.www.nfl.com/image/private/f_auto,q_auto/league/abnujdtsx8t7kooekwcn",SID461435,,32005349-4446-1435-de31-d7e59fa54c60,,,
1999,SD,LB,ILB,57,CUT,Tracy Simien,Tracy,Simien,1967-05-21,73,250,,00-0014886,,,,,,,,,,"https://static.www.nfl.com/image/private/f_auto,q_auto/league/vtj8al8ngp5ygi2ti6j6",SIM059323,,32005349-4d05-9323-fb1d-71840a0793a3,,,
1999,SEA,LB,MLB,51,ACT,Anthony Simmons,Anthony,Simmons,1976-06-20,72,230,,00-0014889,,,,,,,,,,"https://static.www.nfl.com/image/private/f_auto,q_auto/league/ueu4zpl1ee8jr7etoty0",SIM109459,,32005349-4d10-9459-29eb-4fb2b9378674,,,
1999,CIN,LB,ILB,56,ACT,Brian Simmons,Brian,Simmons,1975-06-21,75,233,,00-0014891,,,,,,,,,,"https://static.www.nfl.com/image/private/f_auto,q_auto/league/xmjo1ag07mukkrqsvynj",SIM110772,,32005349-4d11-0772-7ab6-985e1998366e,,,
1999,CHI,DL,DE,96,ACT,Clyde Simmons,Clyde,Simmons,1964-08-04,77,292,,00-0014894,,,,,,,,,,"https://static.www.nfl.com/image/private/f_auto,q_auto/league/q9nlwhwgzhq1ukf08lgm",SIM131830,,32005349-4d13-1830-fbb0-2e7f6985865a,,,
1999,PIT,DB,DB,23,ACT,Jason Simmons,Jason,Simmons,1976-03-30,68,188,,00-0014902,,,,,,,,,,"https://static.www.nfl.com/image/private/f_auto,q_auto/league/ciqqcqlp9ab2juhqh48n",SIM194449,,32005349-4d19-4449-73a0-eac5ce7f3a79,,,
1999,NE,WR,WR,81,ACT,Tony Simmons,Tony,Simmons,1974-12-08,73,206,,00-0014918,,,,,,,,,,"https://static.www.nfl.com/image/private/f_auto,q_auto/league/chaklro2qei00a0vg4y1",SIM311997,,32005349-4d31-1997-c14d-1986c1ab43bf,,,
1999,MIA,DL,DT,98,ACT,Antoine Simpson,Antoine,Simpson,1976-12-07,74,310,,00-0014939,,,,,,,,,,"https://static.www.nfl.com/image/private/f_auto,q_auto/league/hiksrk6cglojwq6eb9up",SIM478354,,32005349-4d47-8354-34c9-5c0658021762,,,
1999,WAS,OL,G,63,ACT,Keith Sims,Keith,Sims,1967-06-17,75,318,,00-0014960,,,,,,,,,,"https://static.www.nfl.com/image/private/f_auto,q_auto/league/jbsy6ixziviouewcibv9",SIM738248,,32005349-4d73-8248-4065-b286bb10bfb9,,,
1999,PHI,TE,TE,89,RES,Kaseem Sinceno,Kaseem,Sinceno,1976-03-26,76,259,,00-0014977,,,,,,,,,,"https://static.www.nfl.com/image/private/f_auto,q_auto/league/x9puigi5eihwlpuvyw5p",SIN012977,,32005349-4e01-2977-3748-df73f29687d1,,,
1999,SEA,DL,DE,70,ACT,Michael Sinclair,Michael,Sinclair,1968-01-31,76,275,,00-0014980,,,,,,,,,,"https://static.www.nfl.com/image/private/f_auto,q_auto/league/iffeasxuwf8rr2xoanqj",SIN025955,,32005349-4e02-5955-5054-dec7c0b5dd66,,,
1999,TB,LB,LB,51,ACT,Alshermond Singleton,Alshermond,Singleton,1975-08-07,74,227,,00-0014991,,,,,,,,,,"https://static.www.nfl.com/image/private/f_auto,q_auto/league/gh1nnona1vpk6qffaawv",SIN354377,,32005349-4e35-4377-57ba-d31c8cc0a649,,,
1999,BAL,DL,DT,98,ACT,Tony Siragusa,Anthony,Siragusa,1967-05-14,75,340,,00-0015002,,,,,,,,,,"https://static.www.nfl.com/image/private/f_auto,q_auto/league/j3oe8ulzmyaatferjut8",SIR276861,,32005349-5227-6861-76bb-dd9037fe5341,,,
1999,NE,LB,OLB,53,ACT,Chris Slade,Christopher,Slade,1971-01-30,77,245,,00-0015030,,,,,,,,,,"https://static.www.nfl.com/image/private/f_auto,q_auto/league/uxfuamobcn0yzf6bmm75",SLA168710,,3200534c-4116-8710-8e39-93d4cef6d32c,,,
1999,DET,TE,TE,86,ACT,David Sloan,David,Sloan,1972-06-08,78,260,,00-0015048,,,,,,,,,,"https://static.www.nfl.com/image/private/f_auto,q_auto/league/rna3k7hffln6ycwpuuva",SLO173324,,3200534c-4f17-3324-6a23-0cf178798409,,,
1999,NO,TE,TE,84,RES,Scott Slutzker,Scott,Slutzker,1972-12-20,76,240,,00-0015053,,,,,,,,,,"https://static.www.nfl.com/image/private/f_auto,q_auto/league/rztzmz2lxddhy24e2zrb",SLU622937,,3200534c-5562-2937-8149-34ba30520a3e,,,
1999,PHI,WR,WR,80,ACT,Torrance Small,Torrance,Small,1970-09-04,75,209,,00-0015063,,,,,,,,,,"https://static.www.nfl.com/image/private/f_auto,q_auto/league/qxbzc6vtbzgblualfdhg",SMA691563,,3200534d-4169-1563-30ea-3f44e0440455,,,
1999,IND,DB,DB,40,ACT,Eric Smedley,Eric,Smedley,1973-07-23,71,199,,00-0015069,,,,,,,,,,"https://static.www.nfl.com/image/private/f_auto,q_auto/league/ujz0cntkrrxmkxygzbhp",SME138429,,3200534d-4513-8429-c57c-d87d1e161c8b,,,
1999,JAX,DL,DE,99,ACT,Joel Smeenge,Joel,Smeenge,1968-04-01,78,265,,00-0015070,,,,,,,,,,"https://static.www.nfl.com/image/private/f_auto,q_auto/league/pmy1h9fxewbdhl6241x5",SME166116,,3200534d-4516-6116-f60b-b187b9b08a2b,,,
1999,PIT,DL,DE,91,ACT,Aaron Smith,Aaron,Smith,1976-04-19,77,281,,00-0015080,,,,,,,,,,"https://static.www.nfl.com/image/private/f_auto,q_auto/league/llvj34lmnzwcq4q8tcdl",SMI018560,,3200534d-4901-8560-58b3-5eb1d10215c3,,,
1999,CIN,QB,QB,11,ACT,Akili Smith,Kabisa,Smith,1975-08-21,75,220,,00-0015082,,,,,,,,,,"https://static.www.nfl.com/image/private/f_auto,q_auto/league/okkcnzpp0d6ztxc5lnsb",SMI448920,,3200534d-4944-8920-9e4c-9d4d33014074,,,
1999,BUF,RB,RB,23,ACT,Antowain Smith,Antowain,Smith,1972-03-14,74,225,,00-0015091,,,,,,,,,,"https://static.www.nfl.com/image/private/f_auto,q_auto/league/fryt8zlqmqjryov4czow",SMI041179,,3200534d-4904-1179-9c3c-b7f07ad0d4b7,,,
1999,NO,DL,DE,91,ACT,Brady Smith,Brady,Smith,1973-06-05,77,260,,00-0015106,,,,,,,,,,"https://static.www.nfl.com/image/private/f_auto,q_auto/league/zb8ay4bflacqhozs9jqk",SMI082360,,3200534d-4908-2360-b4f8-537d9f478788,,,
1999,MIA,OL,OT,74,ACT,Brent Smith,Gary,Smith,1973-11-21,77,315,,00-0015107,,,,,,,,,,"https://static.www.nfl.com/image/private/f_auto,q_auto/league/qrlqekbelouagcsoqgfy",SMI281880,,3200534d-4928-1880-22ac-ee33601b55ea,,,
1999,BUF,DL,DE,78,ACT,Bruce Smith,Bruce,Smith,1963-06-18,76,273,,00-0015111,,,,,,,,,,"https://static.www.nfl.com/image/private/f_auto,q_auto/league/z1isuze9urlmeriqctgo",SMI088160,,3200534d-4908-8160-d71f-32a05d10ad92,,,
1999,ATL,DL,DE,90,ACT,Chuck Smith,Charles,Smith,1969-12-21,74,262,,00-0015124,,,,,,,,,,"https://static.www.nfl.com/image/private/f_auto,q_auto/league/zu038iuwuau2dh1slzfs",SMI136060,,3200534d-4913-6060-9f2e-c845eb12ae90,,,
1999,SEA,LB,OLB,59,ACT,Darrin Smith,Darrin,Smith,1970-04-15,73,230,,00-0015132,,,,,,,,,,"https://static.www.nfl.com/image/private/f_auto,q_auto/league/ymgalcbqbpvyfiyrwu2n",SMI160080,,3200534d-4916-0080-5320-03772c70748a,,,
1999,WAS,OL,G,62,RES,Derek G. Smith,Derek,Smith,1976-04-13,78,310,,00-0015150,,,,,,,,,,"https://static.www.nfl.com/image/private/f_auto,q_auto/league/zwie0phglrmyg5z8drzg",SMI198360,,3200534d-4919-8360-a3ef-9d13bbeced11,,,
1999,WAS,LB,MLB,50,ACT,Derek M. Smith,Derek,Smith,1975-01-18,74,239,,00-0015151,,,,,,,,,,"https://static.www.nfl.com/image/private/f_auto,q_auto/league/nyonawtv4batkpwesrrp",SMI199520,,3200534d-4919-9520-54b2-9bc390bec8c9,,,
1999,DEN,RB,RB,42,ACT,Detron Smith,Detron,Smith,1974-02-25,70,230,,00-0015152,,,,,,,,,,"https://static.www.nfl.com/image/private/f_auto,q_auto/league/mazglvfvumc1vrq0lw0s",SMI201840,,3200534d-4920-1840-c676-7c0441d12216,,,
1999,NE,TE,TE,0,RES,Devon Smith,Devon,Smith,1976-01-17,76,243,,00-0015153,,,,,,,,,,"https://static.www.nfl.com/image/private/f_auto,q_auto/league/asduww1rctwjiltopk66",SMI205320,,3200534d-4920-5320-d177-9c85dd7cb505,,,
1999,PHI,TE,TE,89,TRD,Ed Smith,Edward,Smith,1969-06-05,76,253,,00-0015161,,,,,,,,,,"https://static.www.nfl.com/image/private/f_auto,q_auto/league/wgrlzqkandfdxigkzg2x",SMI248240,,3200534d-4924-8240-4421-dadabdecaee8,,,
1999,DET,TE,TE,45,ACT,Ed Smith,Edward,Smith,1969-06-05,76,253,,00-0015161,,,,,,,,,,"https://static.www.nfl.com/image/private/f_auto,q_auto/league/wgrlzqkandfdxigkzg2x",SMI248240,,3200534d-4924-8240-4421-dadabdecaee8,,,
1999,DAL,RB,RB,22,ACT,Emmitt Smith,Emmitt,Smith,1969-05-15,69,209,,00-0015165,,,,,,,,,,"https://static.www.nfl.com/image/private/f_auto,q_auto/league/ub78gyoyi3x1wlaow49n",SMI259840,,3200534d-4925-9840-40c8-0590516dc9de,,,
1999,BAL,DL,DE,96,ACT,Fernando Smith,Fernando,Smith,1971-08-02,78,287,,00-0015171,,,,,,,,,,"https://static.www.nfl.com/image/private/f_auto,q_auto/league/f66ujulgmu2ldcysjkv3",SMI271440,,3200534d-4927-1440-4b61-031954a3d7ee,,,
1999,CHI,DB,DB,29,ACT,Frankie Smith,Frankie,Smith,1968-10-08,69,182,,00-0015173,,,,,,,,,,"https://static.www.nfl.com/image/private/f_auto,q_auto/league/xvidn72xijis2c8xjr3j",SMI280720,,3200534d-4928-0720-12ca-deffcb6bb149,,,
1999,IND,SPEC,P,17,ACT,Hunter Smith,Hunter,Smith,1977-08-09,74,212,,00-0015194,,,,,,,,,,"https://static.www.nfl.com/image/private/f_auto,q_auto/league/aebvcnpqzfrvphcepj0v",SMI339880,,3200534d-4933-9880-8334-89af4f98356a,,,
1999,CLE,TE,TE,82,ACT,Irv Smith,Irvin,Smith,1971-10-13,75,262,,00-0015195,,,,,,,,,,"https://static.www.nfl.com/image/private/f_auto,q_auto/league/rwk5uk0g3czcvypbf37m",SMI342200,,3200534d-4934-2200-2c42-cf3d489ac8a8,,,
1999,KC,OL,G,65,ACT,Jeff Smith,Jeffery,Smith,1973-05-25,75,317,,00-0015207,,,,,,,,,,"https://static.www.nfl.com/image/private/f_auto,q_auto/league/eusdhg4bzmqbuen9qayx",SMI392724,,3200534d-4939-2724-c2b5-02c67da5620b,,,
1999,GB,DL,DT,99,ACT,Jermaine Smith,Matt,Smith,1972-02-03,75,298,,00-0015212,,,,,,,,,,"https://static.www.nfl.com/image/private/f_auto,q_auto/league/wwbq4rmhlfyogwvbsvxq",SMI507500,,3200534d-4950-7500-abd8-7b1403d8f29d,,,
1999,JAX,WR,WR,82,ACT,Jimmy Smith,Jimmy,Smith,1969-02-09,73,200,,00-0015218,,,,,,,,,,"https://static.www.nfl.com/image/private/f_auto,q_auto/league/zgvlthadzlf0q6thnktj",SMI412032,,3200534d-4941-2032-acfc-6924fe0784b8,,,
1999,DAL,DB,CB,26,ACT,Kevin Smith,Kevin,Smith,1970-04-07,71,190,,00-0015238,,,,,,,,,,"https://static.www.nfl.com/image/private/f_auto,q_auto/league/dfcn6hdp0msq5qd1kqyz",SMI462840,,3200534d-4946-2840-c999-11303abf8a40,,,
1999,NO,RB,RB,26,ACT,Lamar Smith,Lamar,Smith,1970-11-29,71,225,,00-0015242,,,,,,,,,,"https://static.www.nfl.com/image/private/f_auto,q_auto/league/azpa7woawftkxq959ydj",SMI463420,,3200534d-4946-3420-a4a9-b526c4a3437f,,,
1999,JAX,DL,DT,94,ACT,Larry Smith,Larry,Smith,1974-12-04,77,282,,00-0015247,,,,,,,,,,"https://static.www.nfl.com/image/private/f_auto,q_auto/league/dwb0o37d9q2jwlwjfhth",SMI468265,,3200534d-4946-8265-9691-fa5c74848fab,,,
1999,ARI,DL,DE,93,RES,Mark Smith,Mark,Smith,1974-08-28,76,294,,00-0015255,,,,,,,,,,"https://static.www.nfl.com/image/private/f_auto,q_auto/league/tnfzmzclzktsgkivo5fu",SMI502280,,3200534d-4950-2280-78a3-3103e7722271,,,
1999,CLE,DB,DB,21,ACT,Marquis Smith,Marquis,Smith,1975-01-13,74,213,,00-0015257,,,,,,,,,,"https://static.www.nfl.com/image/private/f_auto,q_auto/league/vf6vs4yocdcxumhhqlaq",SMI504600,,3200534d-4950-4600-a767-643ec5d7c44d,,,
1999,DEN,DL,DE,90,ACT,Neil Smith,Neil,Smith,1966-04-10,76,270,,00-0015267,,,,,,,,,,"https://static.www.nfl.com/image/private/f_auto,q_auto/league/lgukc3ktennbqyxwgyoo",SMI533600,,3200534d-4953-3600-514c-2bc89795675b,,,
1999,NYJ,DB,CB,45,RES,Otis Smith,Otis,Smith,1965-10-22,71,195,,00-0015270,,,,,,,,,,"https://static.www.nfl.com/image/private/f_auto,q_auto/league/ondqfqq2zu6udh2ndfml",SMI568400,,3200534d-4956-8400-4c4c-484d7aca7433,,,
1999,MIN,RB,RB,26,ACT,Robert Smith,Robert,Smith,1972-03-04,74,210,,00-0015286,,,,,,,,,,"https://static.www.nfl.com/image/private/f_auto,q_auto/league/vafotzomk3qpdy5o4ri8",SMI663984,,3200534d-4966-3984-5269-7d166464dc4a,,,
1999,DEN,WR,WR,80,ACT,Rod Smith,Roderick,Smith,1970-05-15,72,200,,00-0015290,,,,,,,,,,"https://static.www.nfl.com/image/private/f_auto,q_auto/league/yc387fqxeouidqr4yyvn",SMI664448,,3200534d-4966-4448-a860-dd900ccd5265,,,
1999,TB,DB,DB,30,ACT,Shevin Smith,Shevin,Smith,1975-06-17,71,204,,00-0015302,,,,,,,,,,"https://static.www.nfl.com/image/private/f_auto,q_auto/league/gjazkzfgcqkrkmd2nemi",SMI716880,,3200534d-4971-6880-180d-80e572356e23,,,
1999,DAL,RB,RB,36,RES,Tarik Smith,Tarik,Smith,1975-04-16,70,204,,00-0015309,,,,,,,,,,"https://static.www.nfl.com/image/private/f_auto,q_auto/league/gp2jyy3x9pbs9wdxzfmf",SMI738920,,3200534d-4973-8920-b741-92af05a8a84c,,,
1999,BUF,DB,CB,28,ACT,Thomas Smith,Thomas,Smith,1970-12-05,71,190,,00-0015314,,,,,,,,,,"https://static.www.nfl.com/image/private/f_auto,q_auto/league/seji9biy2vgscqpjhrvd",SMI744720,,3200534d-4974-4720-58ac-cb4ce98f0935,,,
1999,OAK,LB,LB,53,ACT,Travian Smith,Travian,Smith,1975-08-26,76,240,,00-0015329,,,,,,,,,,"https://static.www.nfl.com/image/private/f_auto,q_auto/league/dpvna38ztckty2ueml9i",SMI764440,,3200534d-4976-4440-7913-d6ad755aabbb,,,
1999,PHI,WR,WR,19,ACT,Troy Smith,Troy,Smith,1977-07-30,74,193,,00-0015331,,,,,,,,,,"https://static.www.nfl.com/image/private/f_auto,q_auto/league/pb3uoxbwhvmoazgjn9xu",SMI765252,,3200534d-4976-5252-b3d2-70786f9b4a2c,,,
1999,NO,LB,LB,52,RES,Vinson Smith,Vinson,Smith,1965-07-03,74,247,,00-0015336,,,,,,,,,,"https://static.www.nfl.com/image/private/f_auto,q_auto/league/esxifrgjlr2wul5dbbip",SMI779520,,3200534d-4977-9520-9eda-1d7bee0db2c1,,,
1999,GB,RB,FB,38,ACT,Matt Snider,Matthew,Snider,1976-01-26,74,243,,00-0015362,,,,,,,,,,"https://static.www.nfl.com/image/private/f_auto,q_auto/league/l34gormfiddrd9w61fc0",SNI341982,,3200534e-4934-1982-10ca-125b7e1aac31,,,
1999,NYJ,RB,FB,33,ACT,Jerald Sowell,Jerald,Sowell,1974-01-21,72,245,,00-0015420,,,,,,,,,,"https://static.www.nfl.com/image/private/f_auto,q_auto/league/cvpqprvcmfgqbsppc2vj",SOW265611,,3200534f-5726-5611-25bb-3c8008e0c988,,,
1999,NYG,DB,CB,22,ACT,Phillippi Sparks,Phillippi,Sparks,1969-04-15,71,195,,00-0015437,,,,,,,,,,"https://static.www.nfl.com/image/private/f_auto,q_auto/league/mb1y5he39y7qsaxjk1vd",SPA663847,,32005350-4166-3847-41b9-184e53b8cbe8,,,
1999,KC,OL,OT,70,ACT,Marcus Spears,Marcus,Spears,1971-09-28,76,320,,00-0015441,,,,,,,,,,"https://static.www.nfl.com/image/private/f_auto,q_auto/league/fwz8zh1nb0z81z6xmgs8",SPE094446,,32005350-4509-4446-5826-0dc3babf27ed,,,
1999,DAL,DL,DT,90,ACT,Alonzo Spellman,Alonzo,Spellman,1971-09-27,76,292,,00-0015450,,,,,,,,,,"https://static.www.nfl.com/image/private/f_auto,q_auto/league/g5vobdr5hbrbonyhwjs1",SPE387482,,32005350-4538-7482-7610-fd1c17237202,,,
1999,NYJ,RB,FB,82,ACT,Blake Spence,Blake,Spence,1975-06-20,76,249,,00-0015452,,,,,,,,,,"https://static.www.nfl.com/image/private/f_auto,q_auto/league/xrnvckrx2vqmvtarsqnx",SPE422094,,32005350-4542-2094-12f6-bef85803ff5c,,,
1999,SD,DB,CB,22,RES,Jimmy Spencer,James,Spencer,1969-03-29,70,185,,00-0015460,,,,,,,,,,"https://static.www.nfl.com/image/private/f_auto,q_auto/league/oiffzzmjeycczbrl5llf",SPE526203,,32005350-4552-6203-40f5-7ace2b81f1c8,,,
1999,DET,DL,DE,60,CUT,Paul Spicer,Paul,Spicer,1975-08-18,76,269,,00-0015468,,,,,,,,,,"https://static.www.nfl.com/image/private/f_auto,q_auto/league/yufou2k3fw1jmbpmpfji",SPI040661,,32005350-4904-0661-c278-11efdeedee41,,,
1999,CLE,LB,LB,54,RES,Chris Spielman,Charles,Spielman,1965-10-11,72,247,,00-0015469,,,,,,,,,,"https://static.www.nfl.com/image/private/f_auto,q_auto/league/tdnkqoa7tu4ecwxsi8bs",SPI155733,,32005350-4915-5733-da52-ef1b372119a3,,,
1999,STL,OL,G,71,ACT,Cameron Spikes,Cameron,Spikes,1976-11-06,74,310,,00-0015471,,,,,,,,,,"https://static.www.nfl.com/image/private/f_auto,q_auto/league/jhnjbzlsm3jzdvlx19nz",SPI237055,,32005350-4923-7055-e047-ce8a794a192d,,,
1999,CIN,LB,ILB,51,ACT,Takeo Spikes,Takeo,Spikes,1976-12-17,74,230,,00-0015474,,,,,,,,,,"https://static.www.nfl.com/image/private/f_auto,q_auto/league/okzjbavrbpz8wxjv572t",SPI270805,,32005350-4927-0805-f24b-931666271593,,,
1999,NE,DL,DE,94,RES,Greg Spires,Greg,Spires,1974-08-12,73,265,,00-0015477,,,,,,,,,,"https://static.www.nfl.com/image/private/f_auto,q_auto/league/keyvgi1lhdekyakjerad",SPI609432,,32005350-4960-9432-71e9-d521c75dd28d,,,
1999,NO,LB,LB,53,RES,Donnie Spragan,Donald,Spragan,1976-07-12,76,240,,00-0015487,,,,,,,,,,"https://static.www.nfl.com/image/private/f_auto,q_auto/league/oww1hjj0qiq0vla5bqal",SPR097349,,32005350-5209-7349-8a46-085eaf8bd135,,,
1999,BUF,OL,OT,69,ACT,T. Marcus Spriggs,Thomas,Spriggs,1974-05-30,75,315,,00-0015491,,,,,,,,,,"https://static.www.nfl.com/image/private/f_auto,q_auto/league/yiecbsslgj0ct1wk09zf",SPR171074,,32005350-5217-1074-3c5f-dee50678b174,,,
1999,CLE,DL,DT,60,RES,Marcus Spriggs,Marcus,Spriggs,1976-07-26,76,314,,00-0015492,,,,,,,,,,"https://static.www.nfl.com/image/private/f_auto,q_auto/league/amkk2dwmd5qymjs8l3hw",SPR160574,,32005350-5216-0574-b421-edbd613ff0ca,,,
1999,SEA,DB,CB,24,ACT,Shawn Springs,Shawn,Springs,1975-03-11,72,195,,00-0015495,,,,,,,,,,"https://static.www.nfl.com/image/private/f_auto,q_auto/league/qgywqhz1v5skam3egzdx",SPR379648,,32005350-5237-9648-c845-c40e18fc2220,,,
1999,CIN,LB,LB,52,CUT,Jimmy Sprotte,John,Sprotte,1974-10-02,75,235,,00-0015497,,,,,,,,,,"https://static.www.nfl.com/image/private/f_auto,q_auto/league/ggz912i6jukk8fqffmrz",SPR724796,,32005350-5272-4796-f5de-33ca66db12be,,,
1999,PIT,DL,NT,94,ACT,Jeremy Staat,Jeremy,Staat,1976-10-10,77,299,,00-0015506,,,,,,,,,,"https://static.www.nfl.com/image/private/f_auto,q_auto/league/qnhifepuuaoate2ajwnc",STA002268,,32005354-4100-2268-ef02-44f77ae99421,,,
1999,DET,WR,WR,83,ACT,Brian Stablein,Brian,Stablein,1970-04-14,73,194,,00-0015507,,,,,,,,,,"https://static.www.nfl.com/image/private/f_auto,q_auto/league/dsbexg5qjzsjjqfdyeos",STA006807,,32005354-4100-6807-d705-676c238a5762,,,
1999,PIT,OL,G,68,ACT,Brenden Stai,Brenden,Stai,1972-03-30,76,310,,00-0015522,,,,,,,,,,"https://static.www.nfl.com/image/private/f_auto,q_auto/league/unxgtjakqiak5bjy8lg1",STA194028,,32005354-4119-4028-a680-8b2ad7200657,,,
1999,PHI,RB,RB,22,ACT,Duce Staley,Duce,Staley,1975-02-27,71,220,,00-0015523,,,,,,,,,,"https://static.www.nfl.com/image/private/f_auto,q_auto/league/izbeawj2abiogsozoygr",STA211048,,32005354-4121-1048-4c65-f9c0084ec124,,,
1999,TEN,LB,LB,56,RES,Dennis Stallings,Dennis,Stallings,1974-05-25,72,240,,00-0015526,,,,,,,,,,"https://static.www.nfl.com/image/private/f_auto,q_auto/league/xc9ngfttocwg2hbo8fcr",STA235185,,32005354-4123-5185-a198-865dd6ef33be,,,
1999,SF,SPEC,P,4,ACT,Chad Stanley,Benjamin,Stanley,1976-01-29,75,205,,00-0015550,,,,,,,,,,"https://static.www.nfl.com/image/private/f_auto,q_auto/league/ckmnclpehwmvguxlpfkn",STA438265,,32005354-4143-8265-b2a1-03911732e24c,,,
1999,SD,LB,LB,95,RES,Israel Stanley,Israel,Stanley,1970-04-21,75,260,,00-0015554,,,,,,,,,,"https://static.www.nfl.com/image/private/f_auto,q_auto/league/yo4qvysvnyrqtc8zu6tc",STA442520,,32005354-4144-2520-d54a-65052739960d,,,
1999,BAL,DB,CB,22,ACT,Duane Starks,Duane,Starks,1974-05-23,70,170,,00-0015577,,,,,,,,,,"https://static.www.nfl.com/image/private/f_auto,q_auto/league/lplo4mnf4qvi1hgln9vc",STA575276,,32005354-4157-5276-a885-b4907697f5ac,,,
1999,PIT,DL,NT,93,ACT,Joel Steed,Joel,Steed,1969-02-17,74,310,,00-0015603,,,,,,,,,,"https://static.www.nfl.com/image/private/f_auto,q_auto/league/dkxxilgtydk66gfwrtev",STE023595,,32005354-4502-3595-4194-d4dacb6ba413,,,
1999,CIN,DL,DE,70,ACT,Glen Steele,James,Steele,1974-10-04,76,295,,00-0015607,,,,,,,,,,"https://static.www.nfl.com/image/private/f_auto,q_auto/league/jiwxm7o6ehozjtku1i7u",STE048906,,32005354-4504-8906-18a9-ac5bc94c6de8,,,
1999,SF,QB,QB,18,ACT,Steve Stenstrom,Stephan,Stenstrom,1971-12-23,74,202,,00-0015627,,,,,,,,,,"https://static.www.nfl.com/image/private/f_auto,q_auto/league/ocrooh6d8sdpmrgwsiiu",STE335049,,32005354-4533-5049-3667-7e325c30238e,,,
1999,CIN,OL,OT,75,ACT,Jamain Stephens,Jamain,Stephens,1974-01-09,77,330,,00-0015640,,,,,,,,,,"https://static.www.nfl.com/image/private/f_auto,q_auto/league/iietkurxd2deaavq7jf2",STE387396,,32005354-4538-7396-9622-ba5123445011,,,
1999,NYG,DB,DB,46,CUT,Reggie Stephens,Reggie,Stephens,1975-02-21,69,194,,00-0015648,,,,,,,,,,"https://static.www.nfl.com/image/private/f_auto,q_auto/league/eqsboaolwp42tbxhhncq",STE440046,,32005354-4544-0046-b688-b52e1321833d,,,
1999,SD,RB,RB,34,ACT,Tremayne Stephens,Tremayne,Stephens,1976-04-16,71,206,,00-0015655,,,,,,,,,,"https://static.www.nfl.com/image/private/f_auto,q_auto/league/mltue6thksyznijhn6wy",STE467181,,32005354-4546-7181-b4dd-e995a80a3482,,,
1999,DAL,OL,C,53,ACT,Mark Stepnoski,Mark,Stepnoski,1967-01-20,74,265,,00-0015663,,,,,,,,,,"https://static.www.nfl.com/image/private/f_auto,q_auto/league/np7igh1cepbetdpqd15v",STE509652,,32005354-4550-9652-fcf7-3ac3f9228760,,,
1999,MIN,OL,OT,73,ACT,Todd Steussie,Todd,Steussie,1970-12-01,78,308,,00-0015668,,,,,,,,,,"https://static.www.nfl.com/image/private/f_auto,q_auto/league/u3yr70wausfhxgng2xl4",STE599313,,32005354-4559-9313-7ed1-14fa33cb790b,,,
1999,WAS,DB,DB,23,ACT,Matt Stevens,Matthew,Stevens,1973-06-14,72,206,,00-0015674,,,,,,,,,,"https://static.www.nfl.com/image/private/f_auto,q_auto/league/ur1fsgy5o486l5gylabk",STE627627,,32005354-4562-7627-6e84-af2d73122968,,,
1999,JAX,RB,RB,33,ACT,James Stewart,James,Stewart,1971-12-27,73,226,,00-0015698,,,,,,,,,,"https://static.www.nfl.com/image/private/f_auto,q_auto/league/lgogp3bzdaejy6hi83or",STE762118,,32005354-4576-2118-9184-92203b28351e,,,
1999,PIT,QB,QB,10,ACT,Kordell Stewart,Kordell,Stewart,1972-10-16,73,212,,00-0015700,,,,,,,,,,"https://static.www.nfl.com/image/private/f_auto,q_auto/league/wyel70n1iopggkgtup2x",STE777062,,32005354-4577-7062-e719-11560f076f7e,,,
1999,JAX,DB,DB,26,ACT,Rayna Stewart,Rayna,Stewart,1973-06-18,70,198,,00-0015705,,,,,,,,,,"https://static.www.nfl.com/image/private/f_auto,q_auto/league/ngnhi5wtsz89liohrvp3",STE796724,,32005354-4579-6724-6077-047eb2ca5d90,,,
1999,DET,DB,DB,42,RES,Ryan Stewart,Ryan,Stewart,1973-09-30,73,207,,00-0015711,,,,,,,,,,"https://static.www.nfl.com/image/private/f_auto,q_auto/league/sqvbulqdkl3ciwtupxdl",STE801443,,32005354-4580-1443-c385-533ace83ee27,,,
1999,ATL,WR,WR,86,TRD,Bryan Still,Bryan,Still,1974-06-03,71,174,,00-0015723,,,,,,,,,,"https://static.www.nfl.com/image/private/f_auto,q_auto/league/ykqqbr7fetxmi9frz7ow",STI376761,,32005354-4937-6761-ddcd-792c87b4e3c5,,,
1999,SD,WR,WR,80,TRC,Bryan Still,Bryan,Still,1974-06-03,71,174,,00-0015723,,,,,,,,,,"https://static.www.nfl.com/image/private/f_auto,q_auto/league/ykqqbr7fetxmi9frz7ow",STI376761,,32005354-4937-6761-ddcd-792c87b4e3c5,,,
1999,DAL,WR,WR,83,CUT,Bryan Still,Bryan,Still,1974-06-03,71,174,,00-0015723,,,,,,,,,,"https://static.www.nfl.com/image/private/f_auto,q_auto/league/ykqqbr7fetxmi9frz7ow",STI376761,,32005354-4937-6761-ddcd-792c87b4e3c5,,,
1999,KC,LB,LB,56,ACT,Gary Stills,Gary,Stills,1974-07-11,74,235,,00-0015725,,,,,,,,,,"https://static.www.nfl.com/image/private/f_auto,q_auto/league/v2w9ijpmo27pxyryt6hb",STI406525,,32005354-4940-6525-42d1-a433926f642e,,,
1999,OAK,OL,OT,74,RES,Matt Stinchcomb,Matthew,Stinchcomb,1977-06-03,78,300,,00-0015728,,,,,,,,,,"https://static.www.nfl.com/image/private/f_auto,q_auto/league/ypmmmyflsfte7y8qsshe",STI508098,,32005354-4950-8098-c664-7568615f87d8,,,
1999,OAK,OL,G,79,ACT,Barry Stokes,Barry,Stokes,1973-12-20,76,310,,00-0015744,,,,,,,,,,"https://static.www.nfl.com/image/private/f_auto,q_auto/league/cswxj1h6nkcvvi61heig",STO211875,,32005354-4f21-1875-8f25-22239c53b5bd,,,
1999,GB,OL,G,67,TRC,Barry Stokes,Barry,Stokes,1973-12-20,76,310,,00-0015744,,,,,,,,,,"https://static.www.nfl.com/image/private/f_auto,q_auto/league/cswxj1h6nkcvvi61heig",STO211875,,32005354-4f21-1875-8f25-22239c53b5bd,,,
1999,SF,WR,WR,83,ACT,J.J. Stokes,Jerel,Stokes,1972-10-06,76,217,,00-0015751,,,,,,,,,,"https://static.www.nfl.com/image/private/f_auto,q_auto/league/sbynshmlo8ywopd61kfl",STO228825,,32005354-4f22-8825-d2a2-6b6515a87051,,,
1999,BAL,WR,WR,14,RES,Brandon Stokley,Brandon,Stokley,1976-06-23,71,197,,00-0015754,1858,29c9a73e-f66f-437d-8dce-3cbc76aee835,,1214,498,StokBr00,,,,"https://static.www.nfl.com/image/private/f_auto,q_auto/league/u28x9vmd7ca8k2qnakua",STO309337,,32005354-4f30-9337-17bc-467ac487a2dc,,,
1999,CAR,OL,G,67,ACT,Bryan Stoltenberg,Bryan,Stoltenberg,1972-08-25,73,300,,00-0015755,,,,,,,,,,"https://static.www.nfl.com/image/private/f_auto,q_auto/league/isozfasaiywst04qlz1p",STO347475,,32005354-4f34-7475-442a-dbcdb7378bec,,,
1999,NYJ,WR,WR,83,ACT,Dwight Stone,Dwight,Stone,1964-01-28,72,195,,00-0015759,,,,,,,,,,"https://static.www.nfl.com/image/private/f_auto,q_auto/league/gcisaxpznlmzy02cdsb5",STO372900,,32005354-4f37-2900-682c-c818fe6bd148,,,
1999,NYG,OL,G,65,ACT,Ron Stone,Ronald,Stone,1971-07-20,77,320,,00-0015761,,,,,,,,,,"https://static.www.nfl.com/image/private/f_auto,q_auto/league/hikd6qr4nyzjhlqwceke",STO433637,,32005354-4f43-3637-79c6-0260bfbb3cf4,,,
1999,JAX,LB,LB,50,RES,Erik Storz,Erik,Storz,1975-06-24,74,240,,00-0015776,,,,,,,,,,"https://static.www.nfl.com/image/private/f_auto,q_auto/league/knmso6frcyhboalriqio",STO589800,,32005354-4f58-9800-90ad-8885fab5b188,,,
1999,NYJ,DB,FS,26,ACT,Omar Stoutmire,Omar,Stoutmire,1974-07-09,71,198,,00-0015781,,,,,,,,,,"https://static.www.nfl.com/image/private/f_auto,q_auto/league/mhy6inhaomltiivmqgiq",STO733919,,32005354-4f73-3919-27cb-66443c6ef4d0,,,
1999,CLE,DB,DB,20,TRD,Omar Stoutmire,Omar,Stoutmire,1974-07-09,71,198,,00-0015781,,,,,,,,,,"https://static.www.nfl.com/image/private/f_auto,q_auto/league/mhy6inhaomltiivmqgiq",STO733919,,32005354-4f73-3919-27cb-66443c6ef4d0,,,
1999,BAL,SPEC,K,3,ACT,Matt Stover,John,Stover,1968-01-27,71,178,,00-0015784,,,,,,,,,,"https://static.www.nfl.com/image/private/f_auto,q_auto/league/po28eupvc1y6rytcvtfs",STO772332,,32005354-4f77-2332-ea64-1ed2a65ed496,,,
1999,KC,SPEC,K,10,ACT,Pete Stoyanovich,Peter,Stoyanovich,1967-04-28,71,194,,00-0015791,,,,,,,,,,"https://static.www.nfl.com/image/private/f_auto,q_auto/league/p8f4jbajztaxpujrw1ai",STO815533,,32005354-4f81-5533-c834-16be8c40899f,,,
1999,NYG,DL,DE,92,ACT,Michael Strahan,Michael,Strahan,1971-11-21,77,275,,00-0015795,,,,,,,,,,"https://static.www.nfl.com/image/private/f_auto,q_auto/league/zanyv0vdsqwb6djnnz5j",STR122552,,32005354-5212-2552-5985-f1577ca7fd79,,,
1999,SF,WR,WR,89,ACT,Tai Streets,Tai,Streets,1977-04-20,73,193,,00-0015811,,,,,,,,,,"https://static.www.nfl.com/image/private/f_auto,q_auto/league/wl1n6y1iiunrfxiuxyub",STR316732,,32005354-5231-6732-e166-4afa207fbde9,,,
1999,WAS,LB,LB,55,RES,Fred Strickland,Fredrick,Strickland,1966-08-15,74,251,,00-0015817,,,,,,,,,,"https://static.www.nfl.com/image/private/f_auto,q_auto/league/tns6oq0r9agmye3f6fl8",STR394156,,32005354-5239-4156-2f5c-2079f2b83de6,,,
1999,MIN,OL,OT,77,ACT,Korey Stringer,Korey,Stringer,1974-05-08,76,339,,00-0015822,,,,,,,,,,"https://static.www.nfl.com/image/private/f_auto,q_auto/league/mc3s6wpkbnuddcjsczih",STR467024,,32005354-5246-7024-3634-77d1c04f2542,,,
1999,SEA,RB,RB,38,ACT,Mack Strong,Mack,Strong,1971-09-11,72,235,,00-0015830,,,,,,,,,,"https://static.www.nfl.com/image/private/f_auto,q_auto/league/b4bixlcjyx3xyoqq40bd",STR638743,,32005354-5263-8743-d880-d94d40db332f,,,
1999,ATL,SPEC,P,4,ACT,Dan Stryzinski,Daniel,Stryzinski,1965-05-15,74,200,,00-0015842,,,,,,,,,,"https://static.www.nfl.com/image/private/f_auto,q_auto/league/c7i9oicqgtjauvncuseo",STR788312,,32005354-5278-8312-abc8-fb864fc8ada0,,,
1999,PIT,OL,OT,73,RES,Justin Strzelczyk,Justin,Strzelczyk,1968-08-18,78,305,,00-0015843,,,,,,,,,,"https://static.www.nfl.com/image/private/f_auto,q_auto/league/vjr26crinbcxj9d69kaf",STR802389,,32005354-5280-2389-9b93-e39c908df862,,,
1999,WAS,DL,DT,94,ACT,Dana Stubblefield,Dana,Stubblefield,1970-11-14,74,315,,00-0015847,,,,,,,,,,"https://static.www.nfl.com/image/private/f_auto,q_auto/league/w1dpkacp23oeene6txmq",STU105903,,32005354-5510-5903-1a8f-fec91f587328,,,
1999,STL,LB,LB,51,ACT,Lorenzo Styles,Lorenzo,Styles,1974-01-31,73,245,,00-0015870,,,,,,,,,,"https://static.www.nfl.com/image/private/f_auto,q_auto/league/y7tjqhfrhimupooiquit",STY498349,,32005354-5949-8349-9905-c79c9fcbcd9d,,,
1999,NYG,DB,DB,38,CUT,Kelvin Suggs,Kelvin,Suggs,1976-01-07,73,189,,00-0015877,,,,,,,,,,"https://static.www.nfl.com/image/private/f_auto,q_auto/league/rp586szooolnxu21fif9",SUG403290,,32005355-4740-3290-46ee-1506d5ca3dfb,,,
1999,NE,DL,DE,74,ACT,Chris Sullivan,Christopher,Sullivan,1973-03-14,76,285,,00-0015885,,,,,,,,,,"https://static.www.nfl.com/image/private/f_auto,q_auto/league/yvtggx60xcfpt7ylgzfk",SUL127653,,32005355-4c12-7653-d4f2-3c764eb4dbec,,,
1999,DET,DB,DB,29,RES,Kywin Supernaw,Kywin,Supernaw,1975-06-02,73,206,,00-0015914,,,,,,,,,,"https://static.www.nfl.com/image/private/f_auto,q_auto/league/hxi0ly0tptdtt2wcovpg",SUP289611,,32005355-5028-9611-d46f-3bc633a1a4ae,,,
1999,MIA,DB,CB,23,ACT,Patrick Surtain,Patrick,Surtain,1976-06-19,71,190,,00-0015915,,,,,,,,,,"https://static.www.nfl.com/image/private/f_auto,q_auto/league/ntf7mshisbnmj3stcocb",SUR622937,,32005355-5262-2937-3e9a-1f1f37e3838b,,,
1999,DEN,DB,DB,35,ACT,Jason Suttle,Jason,Suttle,1974-12-02,70,182,,00-0015920,,,,,,,,,,"https://static.www.nfl.com/image/private/f_auto,q_auto/league/bdm2mfv1dtwpetrjsh60",SUT294610,,32005355-5429-4610-c25b-60c3dfee3df0,,,
1999,TEN,DL,DE,93,CUT,Mike Sutton,Mike,Sutton,1975-04-25,76,272,,00-0015927,,,,,,,,,,"https://static.www.nfl.com/image/private/f_auto,q_auto/league/qr6ithjxdfwhtokeia44",SUT621188,,32005355-5462-1188-8785-e740ce1476d5,,,
1999,ARI,DL,DE,98,ACT,Eric Swann,Eric,Swann,1970-08-16,77,317,,00-0015947,,,,,,,,,,"https://static.www.nfl.com/image/private/f_auto,q_auto/league/ysolunufhbzbqkziiw2r",SWA320232,,32005357-4132-0232-9ded-77886f4a5040,,,
1999,ATL,DL,DE,93,ACT,Shawn Swayda,Shawn,Swayda,1974-09-04,77,297,,00-0015957,,,,,,,,,,"https://static.www.nfl.com/image/private/f_auto,q_auto/league/lfv9ssjlkbn1rzybdyv2",SWA761708,,32005357-4176-1708-9bc9-13efa92457fa,,,
1999,BAL,OL,OT,70,RES,Harry Swayne,Harry,Swayne,1965-02-02,77,295,,00-0015958,,,,,,,,,,"https://static.www.nfl.com/image/private/f_auto,q_auto/league/inpoyyqclsem5uaojukc",SWA775208,,32005357-4177-5208-b88c-0d80b5d8fea1,,,
1999,PIT,OL,C,66,ACT,Jim Sweeney,James,Sweeney,1962-08-08,76,298,,00-0015962,,,,,,,,,,"https://static.www.nfl.com/image/private/f_auto,q_auto/league/bd0e5sz40gmh7ctwerkp",SWE177981,,32005357-4517-7981-14be-abfd2c246fbb,,,
1999,PHI,TE,TE,89,CUT,Justin Swift,Justin,Swift,1975-08-14,76,264,,00-0015970,,,,,,,,,,"https://static.www.nfl.com/image/private/f_auto,q_auto/league/dkrvxawfzkfmhot30myg",SWI245308,,32005357-4924-5308-74b8-db2c77019d4c,,,
1999,CAR,DB,DB,26,RES,Michael Swift,Michael,Swift,1974-02-28,70,175,,00-0015971,,,,,,,,,,"https://static.www.nfl.com/image/private/f_auto,q_auto/league/nedo0uqqmk72cm5tj1df",SWI249308,,32005357-4924-9308-425f-c507fc9601b8,,,
1999,ARI,DL,DT,91,RES,Rashod Swinger,Rashod,Swinger,1974-11-27,75,316,,00-0015976,,,,,,,,,,"https://static.www.nfl.com/image/private/f_auto,q_auto/league/uffmdkol08hx9aufv7ui",SWI427154,,32005357-4942-7154-bc9a-8f2aff4997d8,,,
1999,OAK,LB,OLB,56,ACT,Sam Sword,Samuel,Sword,1974-12-04,73,245,,00-0015986,,,,,,,,,,"https://static.www.nfl.com/image/private/f_auto,q_auto/league/qg23qeumurzsobjqxog2",SWO622937,,32005357-4f62-2937-af60-5729767c60f5,,,
1999,NYJ,LB,LB,50,ACT,J.J. Syvrud,John,Syvrud,1977-05-10,75,255,,00-0015999,,,,,,,,,,"https://static.www.nfl.com/image/private/f_auto,q_auto/league/gf2u4q3o8wwk56p2itqs",SYV563610,,32005359-5656-3610-7599-42bb3d57aaef,,,
1999,KC,OL,G,79,ACT,David Szott,David,Szott,1967-12-12,76,289,,00-0016002,,,,,,,,,,"https://static.www.nfl.com/image/private/f_auto,q_auto/league/p2x7uancnhgvmpfyedld",SZO553722,,3200535a-4f55-3722-cbd2-2de599237399,,,
1999,KC,OL,OT,76,ACT,John Tait,John,Tait,1975-01-26,78,306,,00-0016021,,,,,,,,,,"https://static.www.nfl.com/image/private/f_auto,q_auto/league/vwvq1qfpxsi7yonc1v1z",TAI566472,,32005441-4956-6472-e386-2905d9426ec7,,,
1999,DET,DB,DB,25,ACT,Tyree Talton,Tyree,Talton,1976-05-10,71,201,,00-0016036,,,,,,,,,,"https://static.www.nfl.com/image/private/f_auto,q_auto/league/jigrzpwdwg1cfwvn0qdo",TAL782501,,32005441-4c78-2501-cc83-34a7bf3df328,,,
1999,OAK,DB,DB,25,TRC,Tyree Talton,Tyree,Talton,1976-05-10,71,201,,00-0016036,,,,,,,,,,"https://static.www.nfl.com/image/private/f_auto,q_auto/league/jigrzpwdwg1cfwvn0qdo",TAL782501,,32005441-4c78-2501-cc83-34a7bf3df328,,,
1999,KC,OL,G,64,ACT,Ralph Tamm,Ralph,Tamm,1966-03-11,76,285,,00-0016038,,,,,,,,,,"https://static.www.nfl.com/image/private/f_auto,q_auto/league/uhb6y4aamxnnqnrkxtbz",TAM498348,,32005441-4d49-8348-fd6f-9a929a96d91c,,,
1999,WAS,DL,DT,71,ACT,Barron Tanner,Barron,Tanner,1973-09-14,75,310,,00-0016041,,,,,,,,,,"https://static.www.nfl.com/image/private/f_auto,q_auto/league/z8ydqlkw077fkyfzxbri",TAN404038,,32005441-4e40-4038-aa30-c0cb780c7bea,,,
1999,DEN,DL,DE,98,ACT,Maa Tanuvasa,Maa,Tanuvasa,1970-11-06,74,270,,00-0016044,,,,,,,,,,"https://static.www.nfl.com/image/private/f_auto,q_auto/league/enhofhhqnwsca2o5qmrk",TAN782662,,32005441-4e78-2662-5611-c48d8f1d9b76,,,
1999,MIN,DB,DB,28,ACT,Robert Tate,Robert,Tate,1973-10-19,70,192,,00-0016061,,,,,,,,,,"https://static.www.nfl.com/image/private/f_auto,q_auto/league/ujukkzm8hr35yd1zbjhv",TAT441792,,32005441-5444-1792-66bb-8cbe0c72a1de,,,
1999,SD,OL,G,73,ACT,Aaron Taylor,Aaron,Taylor,1972-11-14,76,305,,00-0016077,,,,,,,,,,"https://static.www.nfl.com/image/private/f_auto,q_auto/league/xl7gwquycqfm2gvndrmk",TAY004236,,32005441-5900-4236-1b1f-807b8281ee70,,,
1999,PHI,DB,CB,21,RES,Bobby Taylor,Robert,Taylor,1973-12-28,75,216,,00-0016082,,,,,,,,,,"https://static.www.nfl.com/image/private/f_auto,q_auto/league/eddfqrqstzwexl4tvurg",TAY650100,,32005441-5965-0100-db26-2b4d0603caa4,,,
1999,CHI,DB,DB,33,ACT,Cordell Taylor,Cordell,Taylor,1973-12-22,71,190,,00-0016085,,,,,,,,,,"https://static.www.nfl.com/image/private/f_auto,q_auto/league/xufkemqg8syuxo0pakjn",TAY127125,,32005441-5912-7125-5560-c751f444df41,,,
1999,SEA,DB,DB,21,TRC,Cordell Taylor,Cordell,Taylor,1973-12-22,71,190,,00-0016085,,,,,,,,,,"https://static.www.nfl.com/image/private/f_auto,q_auto/league/xufkemqg8syuxo0pakjn",TAY127125,,32005441-5912-7125-5560-c751f444df41,,,
1999,JAX,RB,RB,28,ACT,Fred Taylor,Frederick,Taylor,1976-01-27,73,227,,00-0016098,1430,,,906,333,TaylFr00,,,,"https://static.www.nfl.com/image/private/f_auto,q_auto/league/hj3mtwjx0byr01a7463p",TAY220162,,32005441-5922-0162-53b0-83184c953269,,,
1999,JAX,RB,RB,28,ACT,Fred Taylor,Frederick,Taylor,1976-01-27,73,227,,00-0016098,,,,,333,,,,,"https://static.www.nfl.com/image/private/f_auto,q_auto/league/hj3mtwjx0byr01a7463p",TAY220162,,32005441-5922-0162-53b0-83184c953269,,,
1999,MIA,DL,DE,99,ACT,Jason Taylor,Jason,Taylor,1974-09-01,78,260,,00-0016112,,,,,,,,,,"https://static.www.nfl.com/image/private/f_auto,q_auto/league/uemgrwzlq4210btlmcqw",TAY338550,,32005441-5933-8550-6741-79659916ffb5,,,
1999,DAL,DB,FS,31,ACT,George Teague,George,Teague,1971-02-18,73,196,,00-0016157,,,,,,,,,,"https://static.www.nfl.com/image/private/f_auto,q_auto/league/gjnwwrdztjhg0pewhnsh",TEA196394,,32005445-4119-6394-3696-718f41a47567,,,
1999,DEN,OL,OT,70,ACT,Trey Teague,Fred,Teague,1974-12-27,77,285,,00-0016160,,,,,,,,,,"https://static.www.nfl.com/image/private/f_auto,q_auto/league/dkbbea15i0irfomcsate",TEA185144,,32005445-4118-5144-2d2c-1b0821c591f0,,,
1999,NO,OL,OT,78,ACT,Daryl Terrell,Daryl,Terrell,1975-01-25,77,296,,00-0016178,,,,,,,,,,"https://static.www.nfl.com/image/private/f_auto,q_auto/league/qoxexpukhrjdbzpp6xxf",TER290466,,32005445-5229-0466-ff2e-b3fe8b9b85b4,,,
1999,CAR,OL,OT,70,ACT,Chris Terry,Christopher,Terry,1975-08-08,76,295,,00-0016183,,,,,,,,,,"https://static.www.nfl.com/image/private/f_auto,q_auto/league/j9y5hcah5apjgwbj1jvf",TER483860,,32005445-5248-3860-86f0-874ebef708dd,,,
1999,JAX,DL,DE,57,ACT,Corey Terry,Corey,Terry,1976-03-06,75,246,,00-0016184,,,,,,,,,,"https://static.www.nfl.com/image/private/f_auto,q_auto/league/vblfk4ke1o2hlgoovp8e",TER495110,,32005445-5249-5110-501c-2651c84d88bf,,,
1999,CAR,DL,DT,71,CUT,Rick Terry,Richard,Terry,1974-04-05,76,302,,00-0016189,,,,,,,,,,"https://static.www.nfl.com/image/private/f_auto,q_auto/league/ecxykg0qtcmwcvbvimsw",TER628932,,32005445-5262-8932-29c0-46d6eb1e4462,,,
1999,NYJ,QB,QB,16,RES,Vinny Testaverde,Vincent,Testaverde,1963-11-13,77,235,,00-0016193,,,,,,,,,,"https://static.www.nfl.com/image/private/f_auto,q_auto/league/yebpzovaiscoksnjnq6x",TES415290,,32005445-5341-5290-d4d4-20b9ffda1057,,,
1999,PIT,WR,WR,19,ACT,Ryan Thelwell,Ryan,Thelwell,1973-04-06,74,188,,00-0016205,,,,,,,,,,"https://static.www.nfl.com/image/private/f_auto,q_auto/league/pbhipuzqo4ccmj2trdzt",THE415291,,32005448-4541-5291-ee5b-3ff87d6ec7a8,,,
1999,ATL,DB,DB,26,TRD,Keith Thibodeaux,Keith,Thibodeaux,1974-05-16,71,189,,00-0016207,,,,,,,,,,"https://static.www.nfl.com/image/private/f_auto,q_auto/league/vdegnllbktdqopkiqdyd",THI179616,,32005448-4917-9616-c48d-18bf512b1aa8,,,
1999,MIN,DB,DB,27,RES,Keith Thibodeaux,Keith,Thibodeaux,1974-05-16,71,189,,00-0016207,,,,,,,,,,"https://static.www.nfl.com/image/private/f_auto,q_auto/league/vdegnllbktdqopkiqdyd",THI179616,,32005448-4917-9616-c48d-18bf512b1aa8,,,
1999,CLE,DL,DE,53,ACT,John Thierry,John,Thierry,1971-09-04,76,265,,00-0016210,,,,,,,,,,"https://static.www.nfl.com/image/private/f_auto,q_auto/league/iuwlkqbph7pkzdmg0aeg",THI673901,,32005448-4967-3901-a204-ef1515a862da,,,
1999,TEN,WR,WR,82,ACT,Yancey Thigpen,Yancey,Thigpen,1969-08-15,73,203,,00-0016214,,,,,,,,,,"https://static.www.nfl.com/image/private/f_auto,q_auto/league/lb29lzjhag8zdttskkh7",THI679565,,32005448-4967-9565-7e55-d8fd1dcf0b3a,,,
1999,STL,WR,WR,83,ACT,Chris Thomas,Chris,Thomas,1971-07-16,74,190,,00-0016232,,,,,,,,,,"https://static.www.nfl.com/image/private/f_auto,q_auto/league/y8bwk8xvjnyhuo68cfxv",THO086500,,32005448-4f08-6500-b5a8-cedf0428ccef,,,
1999,WAS,WR,WR,89,TRD,Chris Thomas,Chris,Thomas,1971-07-16,74,190,,00-0016232,,,,,,,,,,"https://static.www.nfl.com/image/private/f_auto,q_auto/league/y8bwk8xvjnyhuo68cfxv",THO086500,,32005448-4f08-6500-b5a8-cedf0428ccef,,,
1999,JAX,DB,DB,41,ACT,Dave Thomas,Dave,Thomas,1968-08-25,75,216,,00-0016242,,,,,,,,,,"https://static.www.nfl.com/image/private/f_auto,q_auto/league/l50tt8rxxl87f7mqmqat",THO093961,,32005448-4f09-3961-f6f5-6777edd7c985,,,
1999,KC,LB,OLB,58,ACT,Derrick Thomas,Derrick,Thomas,1967-01-01,75,255,,00-0016248,,,,,,,,,,"https://static.www.nfl.com/image/private/f_auto,q_auto/league/hc6lml7eziwksy7ng5ot",THO103054,,32005448-4f10-3054-71b0-b3400ba9fb16,,,
1999,SEA,DB,DB,22,RES,Fred Thomas,Fredrick,Thomas,1973-09-11,69,172,,00-0016263,,,,,,,,,,"https://static.www.nfl.com/image/private/f_auto,q_auto/league/fqznosdpgybzl2cx8esn",THO168220,,32005448-4f16-8220-d90a-4f53f0c36744,,,
1999,NE,DL,DT,95,ACT,Henry Thomas,Henry,Thomas,1965-01-12,74,277,,00-0016269,,,,,,,,,,"https://static.www.nfl.com/image/private/f_auto,q_auto/league/sgtold3zc1gaw6mwwkdf",THO187922,,32005448-4f18-7922-5dd8-21f8b122971e,,,
1999,PHI,DL,DT,78,ACT,Hollis Thomas,Hollis,Thomas,1974-01-10,72,306,,00-0016271,,,,,,,,,,"https://static.www.nfl.com/image/private/f_auto,q_auto/league/bmi4qhxrdotsw7mbhki8",THO193984,,32005448-4f19-3984-1e74-2655d7b54db5,,,
1999,MIA,WR,WR,85,RES,Lamar Thomas,Lamar,Thomas,1970-02-12,73,170,,00-0016289,,,,,,,,,,"https://static.www.nfl.com/image/private/f_auto,q_auto/league/jisfukeip8lvrbr0hzi2",THO281883,,32005448-4f28-1883-9682-611565b9f14c,,,
1999,IND,DL,DE,90,ACT,Mark Thomas,Mark,Thomas,1969-05-06,77,265,,00-0016295,,,,,,,,,,"https://static.www.nfl.com/image/private/f_auto,q_auto/league/pceuqrvqavkzvnkg9ujr",THO304615,,32005448-4f30-4615-8074-4fb53e937e06,,,
1999,NYG,TE,TE,89,ACT,Mark Thomas,Mark,Thomas,1976-04-26,76,248,,00-0016296,,,,,,,,,,"https://static.www.nfl.com/image/private/f_auto,q_auto/league/o1dmuydp29kenu4tono5",THO305751,,32005448-4f30-5751-8ae7-4ca648abdecf,,,
1999,MIN,DB,FS,42,RES,Orlando Thomas,Orlando,Thomas,1972-10-21,73,211,,00-0016307,,,,,,,,,,"https://static.www.nfl.com/image/private/f_auto,q_auto/league/yhly16xv1skpiihnemyk",THO312193,,32005448-4f31-2193-af5c-e23ddd9f0bc5,,,
1999,NYJ,OL,G,77,ACT,Randy Thomas,Randy,Thomas,1976-01-19,76,301,,00-0016310,,,,,,,,,,"https://static.www.nfl.com/image/private/f_auto,q_auto/league/xvyf08wyk7fg0n2jds2r",THO322422,,32005448-4f32-2422-dece-dd619f2c2da3,,,
1999,IND,LB,LB,55,ACT,Ratcliff Thomas,Ratcliff,Thomas,1974-01-02,72,240,,00-0016311,,,,,,,,,,"https://static.www.nfl.com/image/private/f_auto,q_auto/league/cgpzjtw7sayvefd94pxj",THO325832,,32005448-4f32-5832-13d4-8f074f828b98,,,
1999,DAL,RB,FB,44,ACT,Robert Thomas,Robert,Thomas,1974-12-01,73,252,,00-0016316,,,,,,,,,,"https://static.www.nfl.com/image/private/f_auto,q_auto/league/rlzqsaobwzpqp0kdqibm",THO348534,,32005448-4f34-8534-2160-6ca875f4f27b,,,
1999,TEN,RB,RB,20,ACT,Rodney Thomas,Rodney,Thomas,1973-03-30,70,210,,00-0016321,,,,,,,,,,"https://static.www.nfl.com/image/private/f_auto,q_auto/league/anhijmc0vm0tph76fjjy",THO360689,,32005448-4f36-0689-1c06-8d80c8f9411b,,,
1999,BUF,RB,RB,34,ACT,Thurman Thomas,Thurman,Thomas,1966-05-16,70,198,,00-0016331,,,,,,,,,,"https://static.www.nfl.com/image/private/f_auto,q_auto/league/oy5j1auukzykwe8mhhhf",THO387968,,32005448-4f38-7968-c389-f4dd6bf1f06c,,,
1999,PHI,OL,OT,72,ACT,Tra Thomas,William,Thomas,1974-11-20,79,349,,00-0016334,,,,,,,,,,"https://static.www.nfl.com/image/private/f_auto,q_auto/league/c4d0k81jglq3pfc5734l",THO405547,,32005448-4f40-5547-ac0e-b0da2bfb2d7d,,,
1999,PHI,LB,OLB,51,ACT,William Thomas,William,Thomas,1968-08-13,74,223,,00-0016340,,,,,,,,,,"https://static.www.nfl.com/image/private/f_auto,q_auto/league/uzsxgcvbfax0vlrx96u5",THO404941,,32005448-4f40-4941-c48e-f28ff68e85a1,,,
1999,MIA,LB,MLB,54,ACT,Zach Thomas,Zachary,Thomas,1973-09-01,71,235,,00-0016344,,,,,,,,,,"https://static.www.nfl.com/image/private/f_auto,q_auto/league/s4gdnfi1fdmjvqwfb8bq",THO415247,,32005448-4f41-5247-6d57-4e1830b82430,,,
1999,GB,TE,TE,83,ACT,Jeff Thomason,Jeffrey,Thomason,1969-12-30,77,255,,00-0016347,,,,,,,,,,"https://static.www.nfl.com/image/private/f_auto,q_auto/league/fwlpldzkqlgxyyefdmen",THO426072,,32005448-4f42-6072-463e-d54831564c30,,,
1999,BAL,DB,DB,37,ACT,Bennie Thompson,Bennie,Thompson,1963-02-10,72,220,,00-0016355,,,,,,,,,,"https://static.www.nfl.com/image/private/f_auto,q_auto/league/iu0re0g3yjumjt0vui0w",THO484960,,32005448-4f48-4960-6b0b-64baf5d76b78,,,
1999,STL,RB,RB,30,CUT,David Thompson,David,Thompson,1975-01-13,68,200,,00-0016371,,,,,,,,,,"https://static.www.nfl.com/image/private/f_auto,q_auto/league/ysydkmbh0ppnyjnqscm4",THO515908,,32005448-4f51-5908-33d6-32432c4eb045,,,
1999,WAS,WR,WR,84,ACT,Derrius Thompson,Derrius,Thompson,1977-07-05,74,215,,00-0016373,,,,,,,,,,"https://static.www.nfl.com/image/private/f_auto,q_auto/league/zt34bymvoqnt5tyjmopf",THO530425,,32005448-4f53-0425-b472-a12d00cb676c,,,
1999,CLE,DL,DT,96,ACT,Mike Thompson,Michael,Thompson,1971-12-22,76,295,,00-0016399,,,,,,,,,,"https://static.www.nfl.com/image/private/f_auto,q_auto/league/spbxpgssj4ppnoum9fj0",THO634994,,32005448-4f63-4994-65db-0d59f95a66ac,,,
1999,TEN,DL,DT,78,ACT,John Thornton,John,Thornton,1976-10-02,74,304,,00-0016431,,,,,,,,,,"https://static.www.nfl.com/image/private/f_auto,q_auto/league/sc6t3axduyjsdlabfsr5",THO783513,,32005448-4f78-3513-5394-c5db816dd7cf,,,
1999,WAS,WR,WR,87,ACT,James Thrash,James,Thrash,1975-04-28,72,200,,00-0016440,,,,,,,,,,"https://static.www.nfl.com/image/private/f_auto,q_auto/league/tttu8q0npsvtx1wjwhaf",THR055371,,32005448-5205-5371-7657-309f267bb5d8,,,
1999,ARI,DB,DB,40,ACT,Pat Tillman,Patrick,Tillman,1976-11-06,71,192,,00-0016479,,,,,,,,,,"https://static.www.nfl.com/image/private/f_auto,q_auto/league/a3uqjyh2wzyelaij6zuh",TIL573494,,32005449-4c57-3494-445f-408f64995eab,,,
1999,STL,OL,G,62,ACT,Adam Timmerman,Adam,Timmerman,1971-08-14,76,300,,00-0016485,,,,,,,,,,"https://static.www.nfl.com/image/private/f_auto,q_auto/league/iu4gjazpvi4ilej4z2zj",TIM565720,,32005449-4d56-5720-d9f4-003dec378e65,,,
1999,ATL,OL,C,61,ACT,Robbie Tobeck,Robert,Tobeck,1970-03-06,76,298,,00-0016505,,,,,,,,,,"https://static.www.nfl.com/image/private/f_auto,q_auto/league/vgafsynwxgkmvmv5i431",TOB078787,,3200544f-4207-8787-1922-42e69ae8bf58,,,
1999,DAL,LB,LB,50,RES,Brandon Tolbert,Brandon,Tolbert,1975-04-06,76,234,,00-0016520,,,,,,,,,,"https://static.www.nfl.com/image/private/f_auto,q_auto/league/nhup0i4zaeo66ivw1nkm",TOL140514,,3200544f-4c14-0514-17b5-c0a39c8130bb,,,
1999,NO,QB,QB,11,ACT,Billy Joe Tolliver,Billy,Tolliver,1966-02-07,73,217,,00-0016534,,,,,,,,,,"https://static.www.nfl.com/image/private/f_auto,q_auto/league/gicrwvf1hnole5b41azb",TOL755070,,3200544f-4c75-5070-b3c2-ef2aa8ec3c86,,,
1999,PIT,QB,QB,18,ACT,Mike Tomczak,Michael,Tomczak,1962-10-23,73,210,,00-0016538,,,,,,,,,,"https://static.www.nfl.com/image/private/f_auto,q_auto/league/bjdgcglvb0wufq0kujfl",TOM553720,,3200544f-4d55-3720-23d5-b3d0159f32bd,,,
1999,NO,DL,DE,90,RES,Jared Tomich,Jared,Tomich,1974-04-24,74,272,,00-0016539,,,,,,,,,,"https://static.www.nfl.com/image/private/f_auto,q_auto/league/nxng5ktythayzgqboh9q",TOM614363,,3200544f-4d61-4363-df8f-10ca2a4eac41,,,
1999,KC,DB,S,25,ACT,Reggie Tongue,Reginald,Tongue,1973-04-11,72,206,,00-0016549,,,,,,,,,,"https://static.www.nfl.com/image/private/f_auto,q_auto/league/aru0owzcti0xb0zyphmd",TON657259,,3200544f-4e65-7259-250f-43290c077f9e,,,
1999,NYG,WR,WR,81,ACT,Amani Toomer,Amani,Toomer,1974-09-08,75,202,,00-0016550,,,,,,,,,,"https://static.www.nfl.com/image/private/f_auto,q_auto/league/qsfr7nbtbq4ugcfb357w",TOO338982,,3200544f-4f33-8982-916f-032f3512287c,,,
1999,CAR,LB,MLB,55,ACT,Steve Tovar,Steven,Tovar,1970-04-25,75,244,,00-0016568,,,,,,,,,,"https://static.www.nfl.com/image/private/f_auto,q_auto/league/wtlg2kxlubpiefdfs5um",TOV059326,,3200544f-5605-9326-20db-96e25d9579be,,,
1999,PIT,DB,CB,26,ACT,Deshea Townsend,Trevor,Townsend,1975-09-08,69,174,,00-0016577,,,,,,,,,,"https://static.www.nfl.com/image/private/f_auto,q_auto/league/jnhvsuvmo0ac2wi1cznu",TOW776442,,3200544f-5777-6442-acfe-769296e5517a,,,
1999,BAL,DB,DB,38,ACT,James Trapp,James,Trapp,1969-12-28,72,190,,00-0016591,,,,,,,,,,"https://static.www.nfl.com/image/private/f_auto,q_auto/league/zpgfxfwpqur4vvexf7do",TRA351377,,32005452-4135-1377-7c3d-800c030339b2,,,
1999,DEN,DL,DT,94,ACT,Keith Traylor,Byron,Traylor,1969-09-03,74,304,,00-0016599,,,,,,,,,,"https://static.www.nfl.com/image/private/f_auto,q_auto/league/egzatbbyeaaeomv3u1yk",TRA557521,,32005452-4155-7521-703e-13051cc886ff,,,
1999,OAK,OL,C,62,ACT,Adam Treu,Adam,Treu,1974-06-24,77,300,,00-0016610,,,,,,,,,,"https://static.www.nfl.com/image/private/f_auto,q_auto/league/dj3lbiio6otba1mzawgy",TRE780748,,32005452-4578-0748-7de1-f3175f2030c8,,,
1999,PHI,LB,MLB,54,ACT,Jeremiah Trotter,Jeremiah,Trotter,1977-01-20,72,261,,00-0016624,,,,,,,,,,"https://static.www.nfl.com/image/private/f_auto,q_auto/league/qdghuumz8r04kjzpwx00",TRO467199,,32005452-4f46-7199-1c1d-72a75decdc2b,,,
1999,CIN,OL,C,59,RES,Greg Truitt,Gregory,Truitt,1965-12-08,72,235,,00-0016632,,,,,,,,,,"https://static.www.nfl.com/image/private/f_auto,q_auto/league/sbrphisxelguk4byehf4",TRU465653,,32005452-5546-5653-7f2e-7155d14a4d23,,,
1999,CAR,DL,NT,98,RES,Esera Tuaolo,Esera,Tuaolo,1968-07-11,74,281,,00-0016643,,,,,,,,,,"https://static.www.nfl.com/image/private/f_auto,q_auto/league/yh29x3q6dyhnwjbxmqa6",TUA316411,,32005455-4131-6411-97c2-327fc8780f79,,,
1999,SF,LB,MLB,55,ACT,Winfred Tubbs,Winfred,Tubbs,1970-09-24,76,254,,00-0016647,,,,,,,,,,"https://static.www.nfl.com/image/private/f_auto,q_auto/league/o7nkhwwxvdi4uzfemuyv",TUB427291,,32005455-4242-7291-70f7-54fe1a1ebac2,,,
1999,DAL,WR,WR,87,ACT,Jason Tucker,Jason,Tucker,1976-06-24,73,182,,00-0016654,,,,,,,,,,"https://static.www.nfl.com/image/private/f_auto,q_auto/league/tpwdfatmw7xapqbeoky9",TUC209743,,32005455-4320-9743-8e5f-61dbf33ab174,,,
1999,CHI,OL,OT,64,ACT,Rex Tucker,Rex,Tucker,1976-12-20,77,300,,00-0016659,,,,,,,,,,"https://static.www.nfl.com/image/private/f_auto,q_auto/league/q3jqpepfuxaremr0c3ic",TUC266361,,32005455-4326-6361-5230-d8406288cd1c,,,
1999,STL,OL,C,50,ACT,Ryan Tucker,Ryan,Tucker,1975-06-12,77,305,,00-0016660,,,,,,,,,,"https://static.www.nfl.com/image/private/f_auto,q_auto/league/vjjnmzgyval6aoqcqau8",TUC287361,,32005455-4328-7361-f54e-f13464c38a12,,,
1999,ATL,LB,MLB,58,ACT,Jessie Tuggle,Jessie,Tuggle,1965-04-04,71,230,,00-0016667,,,,,,,,,,"https://static.www.nfl.com/image/private/f_auto,q_auto/league/a4uari1ibbt5ekk7q6dc",TUG415290,,32005455-4741-5290-f1fb-a735d191fb47,,,
1999,CHI,DL,DE,90,ACT,Van Tuinei,Vaega,Tuinei,1971-02-16,76,275,,00-0016674,,,,,,,,,,"https://static.www.nfl.com/image/private/f_auto,q_auto/league/nuiqmvgdjvwfqlxhq4su",TUI675714,,32005455-4967-5714-22a4-b18fd6a25e66,,,
1999,PIT,TE,TE,84,RES,Jerame Tuman,Jerame,Tuman,1976-03-24,75,250,,00-0016677,,,,,,,,,,"https://static.www.nfl.com/image/private/f_auto,q_auto/league/pmb6mm1ymwyzliiqm4fn",TUM059326,,32005455-4d05-9326-340f-b247e7280831,,,
1999,CIN,LB,LB,53,PUP,Tom Tumulty,Thomas,Tumulty,1973-02-11,75,247,,00-0016680,,,,,,,,,,"https://static.www.nfl.com/image/private/f_auto,q_auto/league/klu4oeznfocgjgnudqwx",TUM652601,,32005455-4d65-2601-c23e-2173bdbef116,,,
1999,NYJ,SPEC,P,7,ACT,Tom Tupa,Joseph,Tupa,1966-02-06,76,225,,00-0016683,,,,,,,,,,"https://static.www.nfl.com/image/private/f_auto,q_auto/league/aivrd7oomnnawbdnuq8w",TUP276861,,32005455-5027-6861-a536-8bc0f9b88d85,,,
1999,WAS,OL,C,66,ACT,Dan Turk,Daniel,Turk,1962-06-25,76,290,,00-0016686,,,,,,,,,,"https://static.www.nfl.com/image/private/f_auto,q_auto/league/ji5zil7xpgr9elbtciuk",TUR036112,,32005455-5203-6112-a969-0f17d8488c8c,,,
1999,WAS,SPEC,P,1,ACT,Matt Turk,Matt,Turk,1968-06-16,77,237,,00-0016689,,,,,,,,,,"https://static.www.nfl.com/image/private/f_auto,q_auto/league/g9hjqcjp518hlr6albuw",TUR063196,,32005455-5206-3196-1733-d7cfdcac9b9f,,,
1999,NO,OL,OT,68,ACT,Kyle Turley,Kyle,Turley,1975-09-24,77,300,,00-0016691,,,,,,,,,,"https://static.www.nfl.com/image/private/f_auto,q_auto/league/gmvaml9iwkplttxatykm",TUR099308,,32005455-5209-9308-23e9-ba283c65cf7f,,,
1999,OAK,DB,FS,29,RES,Eric Turner,Eric,Turner,1968-09-20,73,215,,00-0016710,,,,,,,,,,"https://static.www.nfl.com/image/private/f_auto,q_auto/league/me7jvenediabmflabmhw",TUR297924,,32005455-5229-7924-50a2-094ce26e3306,,,
1999,CAR,WR,WR,15,RES,Jim Turner,Jim,Turner,1975-11-13,76,212,,00-0016716,,,,,,,,,,"https://static.www.nfl.com/image/private/f_auto,q_auto/league/qdv0t3hvfhwedljdwxwc",TUR478900,,32005455-5247-8900-fbaa-4b910d7cef9b,,,
1999,PHI,RB,FB,34,RES,Kevin Turner,Paul,Turner,1969-06-12,73,231,,00-0016723,,,,,,,,,,"https://static.www.nfl.com/image/private/f_auto,q_auto/league/cdln6xjebygvhsbd8t8x",TUR637978,,32005455-5263-7978-4c91-3be890ee37df,,,
1999,SD,DB,DB,21,ACT,Scott Turner,Eric,Turner,1972-02-26,70,180,,00-0016739,,,,,,,,,,"https://static.www.nfl.com/image/private/f_auto,q_auto/league/jrvul7jo3k5uuyr6m5zm",TUR302438,,32005455-5230-2438-83ee-d8e8206280fe,,,
1999,DEN,OL,OT,71,ACT,Melvin Tuten,Melvin,Tuten,1971-11-11,78,305,,00-0016752,,,,,,,,,,"https://static.www.nfl.com/image/private/f_auto,q_auto/league/z9ytrll7l3apdtkbemgg",TUT132430,,32005455-5413-2430-c3d9-05723d5f35b2,,,
1999,STL,SPEC,P,11,RES,Rick Tuten,Richard,Tuten,1965-01-05,74,221,,00-0016753,,,,,,,,,,"https://static.www.nfl.com/image/private/f_auto,q_auto/league/dcfh18x0mjydngqfs8lk",TUT138430,,32005455-5413-8430-6ac2-01ea10cc4cac,,,
1999,JAX,OL,G,76,ACT,Rich Tylski,Richard,Tylski,1971-02-27,77,304,,00-0016771,,,,,,,,,,"https://static.www.nfl.com/image/private/f_auto,q_auto/league/dwtvasyaehlwgw411sqr",TYL787434,,32005459-4c78-7434-c375-aee268834925,,,
1999,DEN,LB,LB,50,RES,Artie Ulmer,Charles,Ulmer,1973-07-30,74,247,,00-0016782,,,,,,,,,,"https://static.www.nfl.com/image/private/f_auto,q_auto/league/kfhu4ois69coocchg4hh",ULM403291,,3200554c-4d40-3291-4e65-9e106105c416,,,
1999,MIA,DL,DE,90,CUT,Dimitrius Underwood,Dimitrius,Underwood,1977-03-29,78,276,,00-0016786,,,,,,,,,,"https://static.www.nfl.com/image/private/f_auto,q_auto/league/xusd2eqdyzzyzdpcrmy1",UND198645,,3200554e-4419-8645-a3c5-6b45dd6245bd,,,
1999,TB,OL,C,68,ACT,Morris Unutoa,Morris,Unutoa,1971-03-10,73,284,,00-0016795,,,,,,,,,,"https://static.www.nfl.com/image/private/f_auto,q_auto/league/cbrjwhgzaajxersvosrf",UNU622937,,3200554e-5562-2937-9ee8-a145ff7a13de,,,
1999,TB,DL,DE,91,TRC,Regan Upshaw,Regan,Upshaw,1975-08-12,76,262,,00-0016802,,,,,,,,,,"https://static.www.nfl.com/image/private/f_auto,q_auto/league/zqp7tqwwgnc1k5p3g7b4",UPS564972,,32005550-5356-4972-e544-e7097a317829,,,
1999,JAX,DL,DE,98,ACT,Regan Upshaw,Regan,Upshaw,1975-08-12,76,262,,00-0016802,,,,,,,,,,"https://static.www.nfl.com/image/private/f_auto,q_auto/league/zqp7tqwwgnc1k5p3g7b4",UPS564972,,32005550-5356-4972-e544-e7097a317829,,,
1999,DET,WR,WR,80,ACT,Iheanyi Uwaezuoke,Iheanyi,Uwaezuoke,1973-07-24,72,200,,00-0016811,,,,,,,,,,"https://static.www.nfl.com/image/private/f_auto,q_auto/league/famfoepa8zlu9oug8xgj",UWA177981,,32005557-4117-7981-2425-1770ee3af192,,,
1999,PHI,WR,WR,86,ACT,Alex Van Dyke,Franklin,Van Dyke,1974-07-24,72,205,,00-0016821,,,,,,,,,,"https://static.www.nfl.com/image/private/f_auto,q_auto/league/kpokyigoi0myhcgqgsth",VAN492172,,32005641-4e49-2172-802a-13b9862d578a,,,
1999,TB,DB,DB,33,CUT,Eric Vance,Eric,Vance,1975-07-14,74,218,,00-0016824,,,,,,,,,,"https://static.www.nfl.com/image/private/f_auto,q_auto/league/jefqmilwpfggh3dnwtb1",VAN325496,,32005641-4e32-5496-5976-030835486474,,,
1999,IND,SPEC,K,12,ACT,Mike Vanderjagt,Michael,Vanderjagt,1970-03-24,77,210,,00-0016830,,,,,,,,,,"https://static.www.nfl.com/image/private/f_auto,q_auto/league/psydl8aggfblebtgabol",VAN424017,,32005641-4e42-4017-603c-8505e66448b3,,,
1999,KC,WR,WR,87,ACT,Tamarick Vanover,Tamarick,Vanover,1974-02-25,71,222,,00-0016837,,,,,,,,,,"https://static.www.nfl.com/image/private/f_auto,q_auto/league/zknbzvauipnsb0g4kqs9",VAN662216,,32005641-4e66-2216-9a2e-492018799ed3,,,
1999,BUF,QB,QB,10,ACT,Alex Van Pelt,Gregory,Van Pelt,1970-05-01,73,220,,00-0016838,,,,,,,,,,"https://static.www.nfl.com/image/private/f_auto,q_auto/league/y2ft15ayxhlqlzhuc1w9",VAN706388,,32005641-4e70-6388-b1a4-b31e235c6647,,,
1999,SF,RB,FB,44,ACT,Tommy Vardell,Thomas,Vardell,1969-02-20,73,238,,00-0016842,,,,,,,,,,"https://static.www.nfl.com/image/private/f_auto,q_auto/league/ceda4n4hkaigsung1g7x",VAR249174,,32005641-5224-9174-d6d8-f7c95f854ce2,,,
1999,GB,OL,OT,78,ACT,Ross Verba,Ross,Verba,1973-10-31,76,308,,00-0016878,,,,,,,,,,"https://static.www.nfl.com/image/private/f_auto,q_auto/league/tr9mjbggr65nliqnhviu",VER055371,,32005645-5205-5371-9ead-1c48938a46f5,,,
1999,WAS,OL,OT,79,ACT,Kipp Vickers,Kipp,Vickers,1969-08-27,74,298,,00-0016906,,,,,,,,,,"https://static.www.nfl.com/image/private/f_auto,q_auto/league/bm5hy2op2994nitcujvg",VIC636435,,32005649-4363-6435-1e9d-87e7b7d81887,,,
1999,CHI,OL,G,58,ACT,Chris Villarrial,Christopher,Villarrial,1973-06-09,76,310,,00-0016916,,,,,,,,,,"https://static.www.nfl.com/image/private/f_auto,q_auto/league/chyqqohnupo43cqufevi",VIL566470,,32005649-4c56-6470-85d8-c1c5737d6f51,,,
1999,NE,SPEC,K,4,ACT,Adam Vinatieri,Adam,Vinatieri,1972-12-28,72,200,South Dakota State,00-0016919,1097,9ecf8040-10f9-4a5c-92da-1b4d77bd6760,3727,395,226,,3258,120,3,"https://static.www.nfl.com/image/private/f_auto,q_auto/league/imfj1hl4kob4jof8hcwa",VIN196019,21213,32005649-4e19-6019-e626-0b58f9aa81e1,1996,1996,
1999,PHI,DB,CB,23,ACT,Troy Vincent,Troy,Vincent,1970-06-08,72,194,,00-0016924,,,,,,,,,,"https://static.www.nfl.com/image/private/f_auto,q_auto/league/u3htv6dxzksdvzhic6xw",VIN424728,,32005649-4e42-4728-7813-18815d738411,,,
1999,GB,DB,CB,31,ACT,Fred Vinson,Fred,Vinson,1977-04-02,71,180,,00-0016929,,,,,,,,,,"https://static.www.nfl.com/image/private/f_auto,q_auto/league/pc9s5gk2l2feg3mvhzd7",VIN576804,,32005649-4e57-6804-3cde-5d7d6deedff4,,,
1999,BAL,RB,RB,44,RES,Tony Vinson,Anthony,Vinson,1971-03-13,73,229,,00-0016931,,,,,,,,,,"https://static.www.nfl.com/image/private/f_auto,q_auto/league/pd7pjohj85bmjc2tza5a",VIN555054,,32005649-4e55-5054-5dc9-f3f9b0a593d1,,,
1999,CIN,DL,DT,67,ACT,Kimo von Oelhoffen,Kimo,von Oelhoffen,1971-01-30,76,305,,00-0016956,,,,,,,,,,"https://static.www.nfl.com/image/private/f_auto,q_auto/league/jedad1crk6mu10vkhmaj",VON221488,,3200564f-4e22-1488-f980-8c2faa904183,,,
1999,PIT,LB,LB,56,ACT,Mike Vrabel,Michael,Vrabel,1975-08-14,76,250,,00-0016960,,,,,,,,,,"https://static.www.nfl.com/image/private/f_auto,q_auto/league/d2kwhcvh7tixbt6sqfnv",VRA088990,,32005652-4108-8990-7c79-15aec4bbb157,,,
1999,GB,LB,OLB,54,ACT,Jude Waddy,Jude,Waddy,1975-09-12,74,220,,00-0016968,,,,,,,,,,"https://static.www.nfl.com/image/private/f_auto,q_auto/league/ryzudko8g3e9wolestzi",WAD237174,,32005741-4423-7174-fdb4-9f7d4aa7f358,,,
1999,JAX,OL,C,66,ACT,John Wade,Robert,Wade,1975-01-25,77,294,,00-0016972,,,,,,,,,,"https://static.www.nfl.com/image/private/f_auto,q_auto/league/rctymxu3uyo7oedbclha",WAD573906,,32005741-4457-3906-2e51-81528d7672d2,,,
1999,ARI,DL,DE,90,ACT,Andre Wadsworth,Andre,Wadsworth,1974-10-19,76,275,,00-0016976,,,,,,,,,,"https://static.www.nfl.com/image/private/f_auto,q_auto/league/q3ffdd42voes3ylj9fpg",WAD800379,,32005741-4480-0379-ed28-08f896ebe2e2,,,
1999,GB,OL,OT,68,ACT,Mike Wahle,Michael,Wahle,1977-03-29,78,306,,00-0016990,,,,,,,,,,"https://static.www.nfl.com/image/private/f_auto,q_auto/league/x1dvw1mdnbe7gtkpksli",WAH402541,,32005741-4840-2541-6fe1-b9452530363e,,,
1999,BAL,TE,TE,82,ACT,Frank Wainright,Frank,Wainright,1967-10-10,74,255,,00-0016993,,,,,,,,,,"https://static.www.nfl.com/image/private/f_auto,q_auto/league/c2w4lhzhlysopbmeuhev",WAI152616,,32005741-4915-2616-e289-ccaf79cda054,,,
1999,KC,DB,DB,27,ACT,Bracy Walker,Bracy,Walker,1970-10-28,72,204,,00-0017012,,,,,,,,,,"https://static.www.nfl.com/image/private/f_auto,q_auto/league/lkqdafutcedtn3k6zqxd",WAL081856,,32005741-4c08-1856-3f6f-e18ee17c358a,,,
1999,SEA,DB,DB,25,RES,Brian Walker,Brian,Walker,1972-05-31,73,198,,00-0017013,,,,,,,,,,"https://static.www.nfl.com/image/private/f_auto,q_auto/league/mtw3jjyd5s48norfpb3j",WAL082654,,32005741-4c08-2654-c359-fd7c7711526d,,,
1999,SF,DB,CB,38,ACT,Darnell Walker,Darnell,Walker,1970-01-17,68,167,,00-0017023,,,,,,,,,,"https://static.www.nfl.com/image/private/f_auto,q_auto/league/jqsx5bxcitcb6zjqia43",WAL113800,,32005741-4c11-3800-de9f-62f0bbd1f823,,,
1999,TEN,DB,CB,25,ACT,Denard Walker,Denard,Walker,1973-08-09,73,190,,00-0017026,,,,,,,,,,"https://static.www.nfl.com/image/private/f_auto,q_auto/league/tm33z04ha95w9dkonwxm",WAL116795,,32005741-4c11-6795-30aa-1206888bb45c,,,
1999,OAK,TE,TE,86,RES,Derrick Walker,Derrick,Walker,1967-06-22,72,250,,00-0017027,,,,,,,,,,"https://static.www.nfl.com/image/private/f_auto,q_auto/league/adkpp28ll3tfwzmxgjzk",WAL119790,,32005741-4c11-9790-b6ed-d07f1eb57e35,,,
1999,JAX,DL,DT,96,ACT,Gary Walker,Gary,Walker,1973-02-28,74,293,,00-0017033,,,,,,,,,,"https://static.www.nfl.com/image/private/f_auto,q_auto/league/fi6einctunxdsg7lpvua",WAL163713,,32005741-4c16-3713-d77d-21d3b104fc6e,,,
1999,OAK,DB,DB,38,ACT,Marquis Walker,Marquis,Walker,1972-06-06,70,170,,00-0017052,,,,,,,,,,"https://static.www.nfl.com/image/private/f_auto,q_auto/league/tqzu4ykusipc1aprpawj",WAL275517,,32005741-4c27-5517-704b-ffe00c5ab915,,,
1999,PHI,DL,DE,96,RES,Al Wallace,Alonzo,Wallace,1974-03-25,77,258,,00-0017077,,,,,,,,,,"https://static.www.nfl.com/image/private/f_auto,q_auto/league/fspf0jeqqzvivdzoo8gm",WAL402678,,32005741-4c40-2678-b487-47c0cda31352,,,
1999,CAR,TE,TE,85,ACT,Wesley Walls,Charles,Walls,1966-02-26,77,250,,00-0017109,,,,,,,,,,"https://static.www.nfl.com/image/private/f_auto,q_auto/league/vl5gpjoslpkcomu9ulvw",WAL531069,,32005741-4c53-1069-cbc6-6743fe9b4bc9,,,
1999,MIN,WR,WR,81,ACT,Chris Walsh,Christopher,Walsh,1968-12-12,73,199,,00-0017110,,,,,,,,,,"https://static.www.nfl.com/image/private/f_auto,q_auto/league/t6xsje4cw1bvt4gnyble",WAL586971,,32005741-4c58-6971-2a60-7fb0d497f325,,,
1999,IND,QB,QB,4,ACT,Steve Walsh,Steven,Walsh,1966-12-01,75,215,,00-0017121,,,,,,,,,,"https://static.www.nfl.com/image/private/f_auto,q_auto/league/yt81jzksz5lhcrfjsibt",WAL606936,,32005741-4c60-6936-7b47-d6390f06e171,,,
1999,CAR,SPEC,P,13,ACT,Ken Walter,Kenneth,Walter,1972-08-15,73,195,,00-0017127,,,,,,,,,,"https://static.www.nfl.com/image/private/f_auto,q_auto/league/o92sx3is6erffc5cmxek",WAL649528,,32005741-4c64-9528-463a-c2c46d59abf3,,,
1999,ARI,LB,OLB,52,RES,Zack Walz,Zachary,Walz,1976-02-13,76,219,,00-0017148,,,,,,,,,,"https://static.www.nfl.com/image/private/f_auto,q_auto/league/x1on5rs7isglbfni1jjq",WAL830010,,32005741-4c83-0010-4bd9-88f76467514d,,,
1999,NYJ,WR,WR,89,ACT,Dedric Ward,Dedric,Ward,1974-09-29,69,184,,00-0017160,,,,,,,,,,"https://static.www.nfl.com/image/private/f_auto,q_auto/league/durqveh9ccz9lxmpmsgy",WAR142070,,32005741-5214-2070-d6d7-045b64011f8b,,,
1999,PIT,WR,WR,86,ACT,Hines Ward,Hines,Ward,1976-03-08,72,197,,00-0017162,,,,,,,,,,"https://static.www.nfl.com/image/private/f_auto,q_auto/league/opna4defooarhcili0lp",WAR179227,,32005741-5217-9227-6a14-a798327a08e6,,,
1999,KC,DB,DB,44,ACT,Eric Warfield,Eric,Warfield,1976-03-03,72,195,,00-0017193,,,,,,,,,,"https://static.www.nfl.com/image/private/f_auto,q_auto/league/p3wa2uyk18jjwhei1fuv",WAR387961,,32005741-5238-7961-8b1b-4c29e79b1499,,,
1999,STL,QB,QB,13,ACT,Kurt Warner,Kurtis,Warner,1971-06-22,74,220,,00-0017200,,,,,,,,,,"https://static.www.nfl.com/image/private/f_auto,q_auto/league/xlgzhoozvi1agd8hn4kk",WAR492511,,32005741-5249-2511-a473-3f5f5e0d48ba,,,
1999,DAL,RB,RB,42,ACT,Chris Warren,Christopher,Warren,1968-01-24,74,227,,00-0017209,,,,,,,,,,"https://static.www.nfl.com/image/private/f_auto,q_auto/league/hktpdynqgjqdtvkeclhe",WAR590139,,32005741-5259-0139-e14d-0e7ad5bde6c2,,,
1999,NE,RB,RB,27,ACT,Lamont Warren,Lamont,Warren,1973-01-04,71,202,,00-0017218,,,,,,,,,,"https://static.www.nfl.com/image/private/f_auto,q_auto/league/cfkgqfwimsioqigugd9p",WAR692138,,32005741-5269-2138-cbbd-83a2dcc87397,,,
1999,PIT,DB,CB,20,ACT,Dewayne Washington,Dewayne,Washington,1972-12-27,71,192,,00-0017241,,,,,,,,,,"https://static.www.nfl.com/image/private/f_auto,q_auto/league/yya0lttvj5ypik9s28cp",WAS220470,,32005741-5322-0470-33b3-05dcf9de8daf,,,
1999,BAL,DL,DE,93,ACT,Keith Washington,Keith,Washington,1972-12-18,76,270,,00-0017255,,,,,,,,,,"https://static.www.nfl.com/image/private/f_auto,q_auto/league/waiioz2xkqoppfvzniox",WAS483081,,32005741-5348-3081-95b5-60a80bdd029c,,,
1999,SF,DL,DE,95,RES,Marvin Washington,Marvin,Washington,1965-10-22,78,285,,00-0017259,,,,,,,,,,"https://static.www.nfl.com/image/private/f_auto,q_auto/league/npxjzjkuxog9qkfngghy",WAS553722,,32005741-5355-3722-bb0b-63e1e41d35f1,,,
1999,BUF,DL,NT,92,ACT,Ted Washington,Theodore,Washington,1968-04-13,77,330,,00-0017277,,,,,,,,,,"https://static.www.nfl.com/image/private/f_auto,q_auto/league/batfg6zrlpqzlvmfbqsa",WAS737895,,32005741-5373-7895-c07c-af2aa86aaf8e,,,
1999,TB,OL,C,75,ACT,Todd Washington,Todd,Washington,1976-07-19,75,324,,00-0017279,,,,,,,,,,"https://static.www.nfl.com/image/private/f_auto,q_auto/league/m4a1lq5mddkhz2ki1joh",WAS777039,,32005741-5377-7039-9502-913778cf7cb4,,,
1999,DEN,DB,CB,21,ACT,Chris Watson,Chris,Watson,1977-06-30,73,192,,00-0017299,,,,,,,,,,"https://static.www.nfl.com/image/private/f_auto,q_auto/league/lv7anrtg9e0ljsena7zw",WAT316087,,32005741-5431-6087-8f78-47f2144f0754,,,
1999,PHI,RB,RB,35,ACT,Edwin Watson,Edwin,Watson,1976-09-29,72,225,,00-0017301,,,,,,,,,,"https://static.www.nfl.com/image/private/f_auto,q_auto/league/xnbfqzibuualnuh2wljs",WAT354962,,32005741-5435-4962-54ce-e1c4c5f5d39c,,,
1999,STL,RB,RB,36,ACT,Justin Watson,Justin,Watson,1975-01-07,72,225,,00-0017303,,,,,,,,,,"https://static.www.nfl.com/image/private/f_auto,q_auto/league/bjjmihyqbk2nqnpt3t2u",WAT442604,,32005741-5444-2604-5637-b7d4e8be6d70,,,
1999,SEA,RB,RB,32,ACT,Ricky Watters,Richard,Watters,1969-04-07,73,217,,00-0017322,,,,,,,,,,"https://static.www.nfl.com/image/private/f_auto,q_auto/league/nhugmp8lmkxyewbrfebd",WAT645960,,32005741-5464-5960-8fab-76aa4f4409f1,,,
1999,NYG,RB,FB,30,RES,Charles Way,Charles,Way,1972-12-27,72,250,,00-0017337,,,,,,,,,,"https://static.www.nfl.com/image/private/f_auto,q_auto/league/g8yxh9aiyqxaueuslbmc",WAY215145,,32005741-5921-5145-81b5-c1e3a4ed26b4,,,
1999,DEN,LB,LB,54,ACT,Nate Wayne,Nathaniel,Wayne,1975-01-12,72,230,,00-0017340,,,,,,,,,,"https://static.www.nfl.com/image/private/f_auto,q_auto/league/untilywbxw42j2wlqi0h",WAY444953,,32005741-5944-4953-b690-2c3b72f34f80,,,
1999,NO,DB,CB,24,ACT,Fred Weary,Joseph,Weary,1974-04-12,70,181,,00-0017341,,,,,,,,,,"https://static.www.nfl.com/image/private/f_auto,q_auto/league/tvaz6ifcvvvko7mkjrek",WEA053051,,32005745-4105-3051-485b-5669fbbe58b6,,,
1999,NYG,DB,DB,35,RES,Andre Weathers,Andre,Weathers,1976-08-06,72,190,,00-0017342,,,,,,,,,,"https://static.www.nfl.com/image/private/f_auto,q_auto/league/m4p4amqdsucthbto94yp",WEA227556,,32005745-4122-7556-7c61-739d22dbb652,,,
1999,PHI,TE,TE,87,ACT,Jed Weaver,Timothy,Weaver,1976-08-11,76,246,,00-0017356,,,,,,,,,,"https://static.www.nfl.com/image/private/f_auto,q_auto/league/a243fguhchypybpfvfo9",WEA683667,,32005745-4168-3667-7c9b-1fb1bcab9f49,,,
1999,MIA,OL,OT,78,ACT,Richmond Webb,Richmond,Webb,1967-01-11,78,315,,00-0017370,,,,,,,,,,"https://static.www.nfl.com/image/private/f_auto,q_auto/league/zctjww4mvehk9rmqw1bw",WEB264271,,32005745-4226-4271-1527-b596e272790f,,,
1999,BAL,DL,DT,79,ACT,Larry Webster,Larry,Webster,1969-01-18,77,305,,00-0017378,,,,,,,,,,"https://static.www.nfl.com/image/private/f_auto,q_auto/league/g9anupouythjcxi4quzn",WEB736183,,32005745-4273-6183-ef2a-328561159be8,,,
1999,SEA,OL,OT,60,ACT,Floyd Wedderburn,Floyd,Wedderburn,1976-05-05,77,333,,00-0017383,,,,,,,,,,"https://static.www.nfl.com/image/private/f_auto,q_auto/league/c7vozimiu6qqpttd1wrs",WED263361,,32005745-4426-3361-cc4d-5513354c281c,,,
1999,SEA,OL,OT,74,ACT,Todd Weiner,Todd,Weiner,1975-09-16,76,300,,00-0017399,,,,,,,,,,"https://static.www.nfl.com/image/private/f_auto,q_auto/league/c9iduyjxfqkctxmwhjml",WEI372370,,32005745-4937-2370-2940-8edc21c8a00d,,,
1999,PHI,OL,OT,76,RES,John Welbourn,John,Welbourn,1976-03-30,77,318,,00-0017410,,,,,,,,,,"https://static.www.nfl.com/image/private/f_auto,q_auto/league/tvfhw5g6vx2jx6sdlnjo",WEL024225,,32005745-4c02-4225-da44-208637f068fe,,,
1999,WAS,QB,QB,11,ACT,Casey Weldon,William,Weldon,1969-02-03,73,206,,00-0017415,,,,,,,,,,"https://static.www.nfl.com/image/private/f_auto,q_auto/league/tvwz7qljivozzmydzmu5",WEL205052,,32005745-4c20-5052-374a-b595a1e05961,,,
1999,CAR,LB,MLB,95,ACT,Dean Wells,Donald,Wells,1970-07-20,75,248,,00-0017421,,,,,,,,,,"https://static.www.nfl.com/image/private/f_auto,q_auto/league/rr9j1pcmqqe8ttmx2zo4",WEL367828,,32005745-4c36-7828-82fb-b21e11cd0d0e,,,
1999,CHI,DL,DT,97,ACT,Mike Wells,Michael,Wells,1971-01-06,75,315,,00-0017428,,,,,,,,,,"https://static.www.nfl.com/image/private/f_auto,q_auto/league/kyvtu9rnof2pgxqpypq5",WEL493548,,32005745-4c49-3548-7783-7d0499429752,,,
1999,SF,LB,LB,56,RES,Joe Wesley,Joe,Wesley,1976-11-10,73,229,,00-0017448,,,,,,,,,,"https://static.www.nfl.com/image/private/f_auto,q_auto/league/xadxrx8d4igmlzeatdwu",WES044122,,32005745-5304-4122-eecb-3bc2d9a9198d,,,
1999,NYG,DB,DB,37,ACT,Lyle West,Benjamin,West,1976-12-20,72,212,,00-0017460,,,,,,,,,,"https://static.www.nfl.com/image/private/f_auto,q_auto/league/khjkrozfilmzi3r4kkcl",WES125680,,32005745-5312-5680-797a-0de590266fef,,,
1999,DET,DB,CB,32,ACT,Bryant Westbrook,Bryant,Westbrook,1974-12-19,72,198,,00-0017467,,,,,,,,,,"https://static.www.nfl.com/image/private/f_auto,q_auto/league/cv2nkwoud5noqc2waaoc",WES544720,,32005745-5354-4720-f673-825478754cbc,,,
1999,WAS,WR,WR,82,ACT,Michael Westbrook,Michael,Westbrook,1972-07-07,75,220,,00-0017470,,,,,,,,,,"https://static.www.nfl.com/image/private/f_auto,q_auto/league/mrxgnm1nifgvippfx1fu",WES562720,,32005745-5356-2720-c073-f000a6c291b3,,,
1999,CHI,TE,TE,89,ACT,Ryan Wetnight,Ryan,Wetnight,1970-11-05,74,235,,00-0017480,,,,,,,,,,"https://static.www.nfl.com/image/private/f_auto,q_auto/league/jsrsnno7agpxs7eu3ofr",WET111238,,32005745-5411-1238-1077-dd13c11ff972,,,
1999,OAK,RB,RB,47,ACT,Tyrone Wheatley,Tyrone,Wheatley,1972-01-19,72,235,,00-0017486,,,,,,,,,,"https://static.www.nfl.com/image/private/f_auto,q_auto/league/smwuwye6q5fxpskqc5kk",WHE081965,,32005748-4508-1965-8963-2f92d13feabe,,,
1999,DAL,DB,DB,30,RES,Kenny Wheaton,Kenneth,Wheaton,1975-03-08,70,199,,00-0017487,,,,,,,,,,"https://static.www.nfl.com/image/private/f_auto,q_auto/league/lt0vhsdmlep560gtqt8d",WHE094715,,32005748-4509-4715-9d97-b4595d2acada,,,
1999,CAR,DB,DB,37,RES,Leonard Wheeler,Leonard,Wheeler,1969-01-15,72,198,,00-0017490,,,,,,,,,,"https://static.www.nfl.com/image/private/f_auto,q_auto/league/hhs32vowtfde7kjpf1pa",WHE311467,,32005748-4531-1467-3e08-efbe30f4ae5a,,,
1999,PHI,DL,DT,97,ACT,Mark Wheeler,Mark,Wheeler,1970-04-01,75,285,,00-0017492,,,,,,,,,,"https://static.www.nfl.com/image/private/f_auto,q_auto/league/peacptwy0tnl3hmvipy6",WHE408540,,32005748-4540-8540-6592-a7717253353c,,,
1999,NE,DB,DB,25,ACT,Larry Whigham,Larry,Whigham,1972-06-23,74,205,,00-0017501,,,,,,,,,,"https://static.www.nfl.com/image/private/f_auto,q_auto/league/k86eyibrx3fwxiosum7p",WHI003928,,32005748-4900-3928-4ee5-3f6b802f1a47,,,
1999,JAX,DL,DE,74,ACT,Chris White,Christopher,White,1976-09-28,75,285,,00-0017523,,,,,,,,,,"https://static.www.nfl.com/image/private/f_auto,q_auto/league/zi9hok0dudtrcwencxvz",WHI139980,,32005748-4913-9980-dc00-147abdcc9d0f,,,
1999,TB,DL,DE,94,ACT,Steve White,Stephen,White,1973-10-25,74,271,,00-0017576,,,,,,,,,,"https://static.www.nfl.com/image/private/f_auto,q_auto/league/v9sokq3tipoouosazric",WHI527070,,32005748-4952-7070-4410-1e619f830ead,,,
1999,NO,DL,DE,98,ACT,Willie Whitehead,William,Whitehead,1973-01-26,75,285,,00-0017585,,,,,,,,,,"https://static.www.nfl.com/image/private/f_auto,q_auto/league/pbfhcpr0x7qav6rdw1c8",WHI634244,,32005748-4963-4244-d1ea-48792c032fbc,,,
1999,ATL,OL,OT,70,ACT,Bob Whitfield,Robert,Whitfield,1971-10-18,77,315,,00-0017592,,,,,,,,,,"https://static.www.nfl.com/image/private/f_auto,q_auto/league/ulsni6kbnmeva3jghpyg",WHI657906,,32005748-4965-7906-c06e-e2ac03e6ca07,,,
1999,PHI,DL,DT,98,ACT,Brandon Whiting,Brandon,Whiting,1976-07-30,75,278,,00-0017594,,,,,,,,,,"https://static.www.nfl.com/image/private/f_auto,q_auto/league/voqspr1mav7wwkcgmmns",WHI660239,,32005748-4966-0239-330a-a9e4a1869377,,,
1999,JAX,WR,WR,86,ACT,Alvis Whitted,Alvis,Whitted,1974-09-04,72,186,,00-0017611,,,,,,,,,,"https://static.www.nfl.com/image/private/f_auto,q_auto/league/u4iqkf6su2v2orjpyens",WHI734895,,32005748-4973-4895-59d5-f47759774321,,,
1999,IND,DL,DT,95,ACT,Bernard Whittington,Bernard,Whittington,1971-08-20,77,280,,00-0017619,,,,,,,,,,"https://static.www.nfl.com/image/private/f_auto,q_auto/league/tvzqrhf3poao36sfhxqw",WHI797886,,32005748-4979-7886-3cda-4548e3965a26,,,
1999,NYG,OL,OT,62,ACT,Jason Whittle,Jason,Whittle,1975-03-07,76,300,,00-0017621,,,,,,,,,,"https://static.www.nfl.com/image/private/f_auto,q_auto/league/paycmuc5ylvdhtcswkar",WHI814217,,32005748-4981-4217-20b7-9e1fc2c91e37,,,
1999,NYG,LB,MLB,90,ACT,Corey Widmer,Corey,Widmer,1968-12-25,75,255,,00-0017630,,,,,,,,,,"https://static.www.nfl.com/image/private/f_auto,q_auto/league/w6ummqetddsejwlb3sgm",WID632822,,32005749-4463-2822-5b31-e08345410ab9,,,
1999,JAX,OL,G,77,ACT,Zach Wiegert,Zachary,Wiegert,1972-08-16,77,310,,00-0017637,,,,,,,,,,"https://static.www.nfl.com/image/private/f_auto,q_auto/league/ulkadge9lsv83ycrfvh7",WIE250808,,32005749-4525-0808-a94d-232d5155af6f,,,
1999,CHI,OL,C,60,ACT,Casey Wiegmann,Casey,Wiegmann,1973-07-20,75,295,,00-0017638,,,,,,,,,,"https://static.www.nfl.com/image/private/f_auto,q_auto/league/vnup94ht5ftcoixtqld9",WIE264308,,32005749-4526-4308-63eb-79ee177f9506,,,
1999,NO,TE,TE,47,ACT,Josh Wilcox,Joshua,Wilcox,1974-06-05,75,255,,00-0017662,,,,,,,,,,"https://static.www.nfl.com/image/private/f_auto,q_auto/league/miolsw2lafmkqfmmpu7p",WIL033925,,32005749-4c03-3925-93ef-2a0a63afa558,,,
1999,CAR,DL,DE,99,ACT,Chuck Wiley,Samuel,Wiley,1975-03-06,77,282,,00-0017668,,,,,,,,,,"https://static.www.nfl.com/image/private/f_auto,q_auto/league/cvw5k0rnyp9x1avyabbs",WIL056946,,32005749-4c05-6946-3115-e3ce51da1ccf,,,
1999,BUF,DL,DE,75,ACT,Marcellus Wiley,Marcellus,Wiley,1974-11-30,76,275,,00-0017670,,,,,,,,,,"https://static.www.nfl.com/image/private/f_auto,q_auto/league/zxufen1rvhpry1tdxxnd",WIL056542,,32005749-4c05-6542-d7b7-562d5a09cd4f,,,
1999,SF,DL,DE,98,ACT,Gabe Wilkins,Gabriel,Wilkins,1971-09-01,77,305,,00-0017691,,,,,,,,,,"https://static.www.nfl.com/image/private/f_auto,q_auto/league/e2z7mz5z96zinvm0sa7p",WIL086429,,32005749-4c08-6429-bdad-c9b3d422cf87,,,
1999,STL,SPEC,K,14,ACT,Jeff Wilkins,Jeffrey,Wilkins,1972-04-19,74,205,,00-0017693,,,,,,,,,,"https://static.www.nfl.com/image/private/f_auto,q_auto/league/j9mfe0hrl9pk1yhkv5f0",WIL088118,,32005749-4c08-8118-15e0-0a5c60d5e8e6,,,
1999,IND,WR,WR,80,ACT,Terrence Wilkins,Terrence,Wilkins,1975-07-29,68,179,,00-0017697,,,,,,,,,,"https://static.www.nfl.com/image/private/f_auto,q_auto/league/pak7fhp34hbccl4wtgc7",WIL096122,,32005749-4c09-6122-b9a2-86e56cc1d546,,,
1999,WAS,DL,DT,95,ACT,Dan Wilkinson,Daniel,Wilkinson,1973-03-13,77,313,,00-0017698,,,,,,,,,,"https://static.www.nfl.com/image/private/f_auto,q_auto/league/wbup7jkwot6qoydzmuoo",WIL098949,,32005749-4c09-8949-b1f5-db183d8412a7,,,
1999,ARI,DB,CB,35,ACT,Aeneas Williams,Aeneas,Williams,1968-01-29,71,200,,00-0017710,,,,,,,,,,"https://static.www.nfl.com/image/private/f_auto,q_auto/league/lb0rdmwckvdrjvm7w5ix",WIL133817,,32005749-4c13-3817-3bcd-229046983dd6,,,
1999,DEN,DL,DE,91,RES,Alfred Williams,Alfred,Williams,1968-11-06,78,265,,00-0017712,,,,,,,,,,"https://static.www.nfl.com/image/private/f_auto,q_auto/league/usedp8sxkxp1acb9qvua",WIL136696,,32005749-4c13-6696-3788-21644aafa9d4,,,
1999,PHI,DL,DT,90,CUT,Ben Williams,Lewis,Williams,1970-05-28,74,287,,00-0017723,,,,,,,,,,"https://static.www.nfl.com/image/private/f_auto,q_auto/league/gz8ao8ajvvyzgpgmoqt0",WIL430126,,32005749-4c43-0126-ad77-1c11acd7d767,,,
1999,NYG,OL,C,59,ACT,Brian Williams,Brian,Williams,1966-06-08,77,315,,00-0017735,,,,,,,,,,"https://static.www.nfl.com/image/private/f_auto,q_auto/league/tkrfeo5tpe90ssd81uhw",WIL168012,,32005749-4c16-8012-2f9b-7d4cfed25d99,,,
1999,GB,LB,OLB,51,RES,Brian Williams,Brian,Williams,1972-12-17,73,245,,00-0017737,,,,,,,,,,"https://static.www.nfl.com/image/private/f_auto,q_auto/league/znxbp3vo10jnukqn9mmu",WIL165588,,32005749-4c16-5588-dc26-34a5431645bc,,,
1999,DAL,DB,CB,25,ACT,Charlie Williams,Charlie,Williams,1972-02-02,72,204,,00-0017750,,,,,,,,,,"https://static.www.nfl.com/image/private/f_auto,q_auto/league/gbmnkpvhy3ig0hev6ev0",WIL185190,,32005749-4c18-5190-3a1d-2d2b123dd967,,,
1999,KC,DL,DE,92,ACT,Dan Williams,Daniel,Williams,1969-12-15,76,293,,00-0017762,,,,,,,,,,"https://static.www.nfl.com/image/private/f_auto,q_auto/league/bdvvdrrgevqofnorgtmo",WIL207187,,32005749-4c20-7187-914f-e9e3dfeb2444,,,
1999,SEA,DB,S,33,ACT,Darryl Williams,Darryl,Williams,1970-01-08,72,202,,00-0017766,,,,,,,,,,"https://static.www.nfl.com/image/private/f_auto,q_auto/league/ceiopwqeuqaalc0fdyyh",WIL207591,,32005749-4c20-7591-50de-1044c27be0d1,,,
1999,ATL,DB,DB,21,ACT,Elijah Williams,Elijah,Williams,1975-08-20,70,181,,00-0017787,,,,,,,,,,"https://static.www.nfl.com/image/private/f_auto,q_auto/league/zzssmaouahfeln8nyfrt",WIL256864,,32005749-4c25-6864-c4ed-0cfc681adeb5,,,
1999,DAL,OL,OT,79,ACT,Erik Williams,Erik,Williams,1968-09-07,78,311,,00-0017792,,,,,,,,,,"https://static.www.nfl.com/image/private/f_auto,q_auto/league/nutxwjzrs7sag5q1kztj",WIL270596,,32005749-4c27-0596-e0d9-dd76b5f3cf88,,,
1999,ATL,OL,G,69,ACT,Gene Williams,Eugene,Williams,1968-10-14,74,320,,00-0017796,,,,,,,,,,"https://static.www.nfl.com/image/private/f_auto,q_auto/league/xbgjxeqotl7yzuevrgdv",WIL276250,,32005749-4c27-6250-79a9-085fb131803c,,,
1999,NYG,DL,DT,96,ACT,George Williams,George,Williams,1975-12-08,75,298,,00-0017799,,,,,,,,,,"https://static.www.nfl.com/image/private/f_auto,q_auto/league/hfrma3lqyxwgalzwmt06",WIL295445,,32005749-4c29-5445-ceaa-08acd331bec6,,,
1999,SEA,OL,OT,79,ACT,Grant Williams,Grant,Williams,1974-05-10,79,323,,00-0017804,,,,,,,,,,"https://static.www.nfl.com/image/private/f_auto,q_auto/league/ivaujn4qkpvqx2wdqmu1",WIL302906,,32005749-4c30-2906-af5c-59ca3dcd9e8d,,,
1999,SD,DL,DT,76,ACT,Jamal Williams,Jamal,Williams,1976-04-28,75,305,,00-0017813,,,,,,,,,,"https://static.www.nfl.com/image/private/f_auto,q_auto/league/qc1koel5jd0rb0efessx",WIL328754,,32005749-4c32-8754-be15-8966ef7f948f,,,
1999,GB,DB,DB,29,ACT,Jamel Williams,Jamel,Williams,1973-12-22,72,205,,00-0017814,,,,,,,,,,"https://static.www.nfl.com/image/private/f_auto,q_auto/league/vcziep0rllt1rxxwuvm6",WIL331177,,32005749-4c33-1177-748e-c36cd36883bc,,,
1999,WAS,DB,DB,22,TRD,Jamel Williams,Jamel,Williams,1973-12-22,72,205,,00-0017814,,,,,,,,,,"https://static.www.nfl.com/image/private/f_auto,q_auto/league/vcziep0rllt1rxxwuvm6",WIL331177,,32005749-4c33-1177-748e-c36cd36883bc,,,
1999,CHI,OL,OT,71,ACT,James O. Williams,James,Williams,1968-03-29,79,340,,00-0017821,,,,,,,,,,"https://static.www.nfl.com/image/private/f_auto,q_auto/league/gswyslag76kgp9zuxq4d",WIL344101,,32005749-4c34-4101-a34a-c1fd993d1a34,,,
1999,STL,DL,DE,96,ACT,Jay Williams,Jay,Williams,1971-10-13,75,280,,00-0017825,,,,,,,,,,"https://static.www.nfl.com/image/private/f_auto,q_auto/league/et48yvhnp0gkk2ftflne",WIL353794,,32005749-4c35-3794-34e8-13c0b0202369,,,
1999,OAK,RB,RB,34,ACT,Jermaine Williams,Jermaine,Williams,1972-07-03,72,235,,00-0017829,,,,,,,,,,"https://static.www.nfl.com/image/private/f_auto,q_auto/league/pnfz4xo97zyfxnskqivo",WIL356838,,32005749-4c35-6838-65c2-f8e72648ad5f,,,
1999,OAK,LB,OLB,59,CUT,K.D. Williams,Kevin,Williams,1973-04-22,72,235,,00-0017846,,,,,,,,,,"https://static.www.nfl.com/image/private/f_auto,q_auto/league/fsntgjeyza1t8lgfk5q8",WIL407749,,32005749-4c40-7749-107b-543b9e5d0561,,,
1999,TB,WR,WR,86,ACT,Karl Williams,Karl,Williams,1971-04-10,70,177,,00-0017847,,,,,,,,,,"https://static.www.nfl.com/image/private/f_auto,q_auto/league/fxxpdof3sotnhaan83yo",WIL384583,,32005749-4c38-4583-a019-20aa25b607ba,,,
1999,BUF,WR,WR,82,ACT,Kevin R. Williams,Kevin,Williams,1971-01-25,69,195,,00-0017860,,,,,,,,,,"https://static.www.nfl.com/image/private/f_auto,q_auto/league/jruzmkaocqtyvynvs2rv",WIL414375,,32005749-4c41-4375-2104-a75a0967b223,,,
1999,NYJ,DB,DB,23,RES,Kevin Williams,Kevin,Williams,1975-08-04,72,190,,00-0017861,,,,,,,,,,"https://static.www.nfl.com/image/private/f_auto,q_auto/league/hrmcmsxvj3y5bsdtno14",WIL411952,,32005749-4c41-1952-b39a-dc52b594c6c3,,,
1999,MIN,RB,RB,21,ACT,Moe Williams,Maurece,Williams,1974-07-26,73,205,,00-0017892,,,,,,,,,,"https://static.www.nfl.com/image/private/f_auto,q_auto/league/qk6isd7zfj4mbmsn0nvb",WIL434569,,32005749-4c43-4569-b9a4-07b0f530a3cc,,,
1999,CIN,RB,FB,30,ACT,Nicolas Luchey,James,Luchey,1977-03-30,73,267,,00-0017896,,,,,,,,,,"https://static.www.nfl.com/image/private/f_auto,q_auto/league/gdkpwsaubpsk6kv23n1v",WIL343870,,32005749-4c34-3870-83c6-7069ffb03e1e,,,
1999,BUF,DL,DT,93,ACT,Pat Williams,Patrick,Williams,1972-10-24,75,310,,00-0017899,,,,,,,,,,"https://static.www.nfl.com/image/private/f_auto,q_auto/league/ehazrqey4rek2snraicn",WIL462033,,32005749-4c46-2033-4c7f-c7dc309b2b3a,,,
1999,NO,RB,RB,34,ACT,Ricky Williams,Errick,Williams,1977-05-21,70,236,,00-0017915,1756,99d20cb7-a3d6-4d9e-a07d-8dd97ead84e6,,1127,440,WillRi00,,,,"https://static.www.nfl.com/image/private/f_auto,q_auto/league/buhodr9dphf3lf0nazql",WIL271115,,32005749-4c27-1115-3fb1-e5cf0d659788,,,
1999,KC,DB,DB,29,TRC,Robert Williams,Robert,Williams,1977-05-29,70,182,,00-0017920,,,,,,,,,,"https://static.www.nfl.com/image/private/f_auto,q_auto/league/s2jzkjrtqqftqtmoxzme",WIL506459,,32005749-4c50-6459-a266-cdba304d5b72,,,
1999,NO,DB,DB,21,ACT,Robert Williams,Robert,Williams,1977-05-29,70,182,,00-0017920,,,,,,,,,,"https://static.www.nfl.com/image/private/f_auto,q_auto/league/s2jzkjrtqqftqtmoxzme",WIL506459,,32005749-4c50-6459-a266-cdba304d5b72,,,
1999,SEA,DB,DB,23,TRC,Robert Williams,Robert,Williams,1977-05-29,70,182,,00-0017920,,,,,,,,,,"https://static.www.nfl.com/image/private/f_auto,q_auto/league/s2jzkjrtqqftqtmoxzme",WIL506459,,32005749-4c50-6459-a266-cdba304d5b72,,,
1999,SF,DB,DB,24,TRT,Robert Williams,Robert,Williams,1977-05-29,70,182,,00-0017920,,,,,,,,,,"https://static.www.nfl.com/image/private/f_auto,q_auto/league/s2jzkjrtqqftqtmoxzme",WIL506459,,32005749-4c50-6459-a266-cdba304d5b72,,,
1999,OAK,WR,WR,89,ACT,Rodney A. Williams,Rodney,Williams,1973-08-15,72,195,,00-0017922,,,,,,,,,,"https://static.www.nfl.com/image/private/f_auto,q_auto/league/vxrozbk6wkibe4ry0wug",WIL506782,,32005749-4c50-6782-ae9e-b00e93878474,,,
1999,STL,TE,TE,86,ACT,Roland Williams,Roland,Williams,1975-04-27,77,269,,00-0017924,,,,,,,,,,"https://static.www.nfl.com/image/private/f_auto,q_auto/league/kzmnkgkgmjuahm6ssy0a",WIL508882,,32005749-4c50-8882-9ba8-3ba170e2b3ed,,,
1999,BAL,OL,OT,72,ACT,Sammy Williams,Sammy,Williams,1974-12-14,77,318,,00-0017927,,,,,,,,,,"https://static.www.nfl.com/image/private/f_auto,q_auto/league/vwdmw2fbxyt10hxp7yv3",WIL515344,,32005749-4c51-5344-f151-a1a144b98f18,,,
1999,KC,OL,OT,72,TRD,Sammy Williams,Sammy,Williams,1974-12-14,77,318,,00-0017927,,,,,,,,,,"https://static.www.nfl.com/image/private/f_auto,q_auto/league/vwdmw2fbxyt10hxp7yv3",WIL515344,,32005749-4c51-5344-f151-a1a144b98f18,,,
1999,KC,DB,DB,47,CUT,Sean Williams,Sean,Williams,1975-06-11,72,182,,00-0017929,,,,,,,,,,"https://static.www.nfl.com/image/private/f_auto,q_auto/league/lmz7djjszvei3u65weow",WIL520998,,32005749-4c52-0998-ba56-c619cb35cef1,,,
1999,NYG,DB,DB,36,ACT,Shaun Williams,Shaun,Williams,1976-10-10,74,215,,00-0017930,,,,,,,,,,"https://static.www.nfl.com/image/private/f_auto,q_auto/league/eqjdicof6whyrfwos55h",WIL521604,,32005749-4c52-1604-a5fb-b104cf972598,,,
1999,DAL,RB,RB,20,CUT,Sherman Williams,Sherman,Williams,1973-08-13,68,202,,00-0017932,,,,,,,,,,"https://static.www.nfl.com/image/private/f_auto,q_auto/league/qbuytaqlditlumsxwxen",WIL523018,,32005749-4c52-3018-2f92-58d4b4668ea5,,,
1999,MIN,DL,DT,94,ACT,Tony Williams,Tony,Williams,1975-07-09,73,292,,00-0017945,,,,,,,,,,"https://static.www.nfl.com/image/private/f_auto,q_auto/league/izzhqbjvtqipum82lwnx",WIL542808,,32005749-4c54-2808-c8d0-52704182308c,,,
1999,PHI,DL,DE,95,ACT,Tyrone M. Williams,Tyrone,Williams,1972-10-22,76,292,,00-0017947,,,,,,,,,,"https://static.www.nfl.com/image/private/f_auto,q_auto/league/f5j0tyz8jbx91onulqzo",WIL547654,,32005749-4c54-7654-a9a9-7ae1cf8ecd58,,,
1999,GB,DB,CB,37,ACT,Tyrone Williams,Upton,Williams,1973-05-31,71,195,,00-0017948,,,,,,,,,,"https://static.www.nfl.com/image/private/f_auto,q_auto/league/nclbwovgvlmiwoxtgqrt",WIL550885,,32005749-4c55-0885-1fb4-71529a88c815,,,
1999,NO,OL,G,63,RES,Wally Williams,Wally,Williams,1971-02-20,74,321,,00-0017954,,,,,,,,,,"https://static.www.nfl.com/image/private/f_auto,q_auto/league/ucbw2fy8kcw9awpjhytj",WIL557347,,32005749-4c55-7347-aa37-5ced4e104269,,,
1999,SEA,DB,CB,27,ACT,Willie Williams,Willie,Williams,1970-12-26,69,180,,00-0017961,,,,,,,,,,"https://static.www.nfl.com/image/private/f_auto,q_auto/league/h4rxqzqbeyrtgr1jc3be",WIL576733,,32005749-4c57-6733-e729-5676d212beaf,,,
1999,STL,OL,OT,77,ACT,Matt Willig,Matthew,Willig,1969-01-21,79,315,,00-0017967,,,,,,,,,,"https://static.www.nfl.com/image/private/f_auto,q_auto/league/gl9bdwcqkfihrnynsxji",WIL593466,,32005749-4c59-3466-7151-8b8792001683,,,
1999,SEA,LB,LB,95,ACT,James Willis,James,Willis,1972-09-02,74,237,,00-0017975,,,,,,,,,,"https://static.www.nfl.com/image/private/f_auto,q_auto/league/pmp45gobaya5b479jvqv",WIL603550,,32005749-4c60-3550-5599-57bd8f425b14,,,
1999,DEN,LB,MLB,56,ACT,Al Wilson,Aldra,Wilson,1977-06-21,72,240,,00-0017998,,,,,,,,,,"https://static.www.nfl.com/image/private/f_auto,q_auto/league/ewuavi70kjkdf3ekpunm",WIL648623,,32005749-4c64-8623-4cae-57925df1af33,,,
1999,IND,OL,OT,71,ACT,Jamie Wilson,James,Wilson,1973-06-06,78,300,,00-0018033,,,,,,,,,,"https://static.www.nfl.com/image/private/f_auto,q_auto/league/cd9amzchttasbyalk46o",WIL720513,,32005749-4c72-0513-1805-d720b134a886,,,
1999,MIA,DB,DB,24,ACT,Jerry Wilson,Jerry,Wilson,1973-07-17,70,187,,00-0018036,,,,,,,,,,"https://static.www.nfl.com/image/private/f_auto,q_auto/league/wcgk2ef4gjrgyd1rytvz",WIL725359,,32005749-4c72-5359-6629-7afcd5a02aef,,,
1999,CIN,LB,LB,55,ACT,Reinard Wilson,James,Wilson,1973-12-14,74,261,,00-0018054,,,,,,,,,,"https://static.www.nfl.com/image/private/f_auto,q_auto/league/oevawxgntval3oscdqdm",WIL718897,,32005749-4c71-8897-a116-24a972969f0f,,,
1999,SEA,WR,WR,16,CUT,Robert Wilson,Robert,Wilson,1974-06-23,71,176,,00-0018056,,,,,,,,,,"https://static.www.nfl.com/image/private/f_auto,q_auto/league/exkyxskjdqfjclcn1xua",WIL776653,,32005749-4c77-6653-75c0-9b9aa40f62f8,,,
1999,NE,WR,WR,15,CUT,Sir Mawn Wilson,Sir Mawn,Wilson,1973-06-04,74,210,,00-0018062,,,,,,,,,,"https://static.www.nfl.com/image/private/f_auto,q_auto/league/uiaovzrnkdx9kgqjnapk",WIL780031,,32005749-4c78-0031-102a-e64ef42913aa,,,
1999,NO,DL,DE,92,ACT,Troy Wilson,Troy,Wilson,1970-11-22,76,257,,00-0018072,,,,,,,,,,"https://static.www.nfl.com/image/private/f_auto,q_auto/league/fx8oojpapjdmmhxim60n",WIL806134,,32005749-4c80-6134-abbb-12d2d9e9d7e6,,,
1999,OAK,QB,QB,16,ACT,Wade Wilson,Charles,Wilson,1959-02-01,75,210,,00-0018073,,,,,,,,,,"https://static.www.nfl.com/image/private/f_auto,q_auto/league/jqkevkzjckstueaaha3z",WIL662355,,32005749-4c66-2355-664a-d30870613cfa,,,
1999,NYJ,DL,DT,91,ACT,Jason Wiltz,Jason,Wiltz,1976-11-23,76,300,,00-0018078,,,,,,,,,,"https://static.www.nfl.com/image/private/f_auto,q_auto/league/ljhql9vzuu7rxblnwilz",WIL829722,,32005749-4c82-9722-93b9-be58d62e1286,,,
1999,BUF,DB,CB,26,ACT,Antoine Winfield,Antoine,Winfield,1977-06-24,68,180,,00-0018093,,,,,,,,,,"https://static.www.nfl.com/image/private/f_auto,q_auto/league/j3pr0ux21raq4puplowd",WIN144862,,32005749-4e14-4862-d540-7141f25c126b,,,
1999,GB,OL,C,52,ACT,Frank Winters,Frank,Winters,1964-01-23,75,305,,00-0018115,,,,,,,,,,"https://static.www.nfl.com/image/private/f_auto,q_auto/league/jbvmv6ipv0taj26bc8r9",WIN772600,,32005749-4e77-2600-3abc-e743ede30d5f,,,
1999,CHI,OL,G,79,ACT,Jerry Wisne,Gerald,Wisne,1976-07-28,78,308,,00-0018127,,,,,,,,,,"https://static.www.nfl.com/image/private/f_auto,q_auto/league/x33odqj4zsjeojih1jua",WIS484848,,32005749-5348-4848-bc69-5366080673f8,,,
1999,OAK,OL,G,76,ACT,Steve Wisniewski,Stephen,Wisniewski,1967-04-07,76,305,,00-0018129,,,,,,,,,,"https://static.www.nfl.com/image/private/f_auto,q_auto/league/gph4hi3v8u3pb5d9gvtb",WIS581406,,32005749-5358-1406-9276-afcacb53150f,,,
1999,STL,DL,DE,98,ACT,Grant Wistrom,Grant,Wistrom,1976-07-03,76,267,,00-0018131,,,,,,,,,,"https://static.www.nfl.com/image/private/f_auto,q_auto/league/lwkiumbtpfp5lqi0ssse",WIS761022,,32005749-5376-1022-de70-ff9717151c11,,,
1999,MIN,OL,C,60,CUT,Cory Withrow,Kevin,Withrow,1975-04-05,74,281,,00-0018137,,,,,,,,,,"https://static.www.nfl.com/image/private/f_auto,q_auto/league/u73k536zlraa0ab2zcwm",WIT152358,,32005749-5415-2358-684e-e2145fbecf6c,,,
1999,PIT,RB,FB,38,ACT,Jon Witman,Jon,Witman,1972-06-01,74,240,,00-0018141,,,,,,,,,,"https://static.www.nfl.com/image/private/f_auto,q_auto/league/l1y3uongmpcrx679l4hc",WIT271090,,32005749-5427-1090-f569-ed540a8832c8,,,
1999,CLE,OL,C,64,ACT,Dave Wohlabaugh,David,Wohlabaugh,1972-04-13,75,292,,00-0018150,,,,,,,,,,"https://static.www.nfl.com/image/private/f_auto,q_auto/league/uqzjlegtey9hw1dkixfn",WOH385627,,3200574f-4838-5627-3e58-1d9f9e9ad53b,,,
1999,MIA,OL,OT,71,RES,Joe Wong,Hauoli,Wong,1976-02-24,78,313,,00-0018167,,,,,,,,,,"https://static.www.nfl.com/image/private/f_auto,q_auto/league/oezgrnrudxjftehz0xxc",WON186589,,3200574f-4e18-6589-dc4d-61147df86ffa,,,
1999,MIN,LB,OLB,52,ACT,Kailee Wong,Kailee,Wong,1976-05-23,74,247,,00-0018168,,,,,,,,,,"https://static.www.nfl.com/image/private/f_auto,q_auto/league/mnpc5onvg9hah2lirf2f",WON199339,,3200574f-4e19-9339-de7f-0f48db7a3944,,,
1999,SF,LB,OLB,54,ACT,Lee Woodall,Lee,Woodall,1969-10-31,73,224,,00-0018186,,,,,,,,,,"https://static.www.nfl.com/image/private/f_auto,q_auto/league/zmmqflc7wl6hhqjxa55q",WOO196708,,3200574f-4f19-6708-e59d-b300584baaf0,,,
1999,MIA,DB,S,22,ACT,Shawn Wooden,Shawn,Wooden,1973-10-23,71,205,,00-0018194,,,,,,,,,,"https://static.www.nfl.com/image/private/f_auto,q_auto/league/dmk63pcn78fkaknrt5va",WOO269563,,3200574f-4f26-9563-ab7b-b203032dbcbe,,,
1999,KC,DB,FS,21,ACT,Jerome Woods,Jerome,Woods,1973-03-17,74,202,,00-0018212,,,,,,,,,,"https://static.www.nfl.com/image/private/f_auto,q_auto/league/c59gyf1ozit1zypoyvdy",WOO502699,,3200574f-4f50-2699-c153-5ada01269504,,,
1999,OAK,DB,CB,24,ACT,Charles Woodson,Charles,Woodson,1976-10-07,73,205,Michigan,00-0018227,,,,,,,,,1,"https://static.www.nfl.com/image/private/f_auto,q_auto/league/gohbupnj3mhletq96zzu",WOO661523,23449,3200574f-4f66-1523-6494-7f8d7d48fff1,1998,1998,OAK
1999,DAL,DB,S,28,ACT,Darren Woodson,Darren,Woodson,1969-04-25,73,219,,00-0018228,,,,,,,,,,"https://static.www.nfl.com/image/private/f_auto,q_auto/league/u4zjv8oxwt5qtgpaw0fj",WOO664437,,3200574f-4f66-4437-e566-e42d74546249,,,
1999,BAL,DB,FS,26,ACT,Rod Woodson,Roderick,Woodson,1965-03-10,72,205,,00-0018229,,,,,,,,,,"https://static.www.nfl.com/image/private/f_auto,q_auto/league/gtytylzdeeubcmxdrapg",WOO699408,,3200574f-4f69-9408-9d2d-420aa50c947c,,,
1999,NE,OL,C,65,ACT,Damien Woody,Damien,Woody,1977-11-03,75,319,,00-0018234,,,,,,,,,,"https://static.www.nfl.com/image/private/f_auto,q_auto/league/jd8pwgcnratzsnm4m7em",WOO708514,,3200574f-4f70-8514-3992-dd30ab8fb04c,,,
1999,IND,DB,DB,28,CUT,Tito Wooten,Tito,Wooten,1971-12-12,72,195,,00-0018246,,,,,,,,,,"https://static.www.nfl.com/image/private/f_auto,q_auto/league/ob47vlu4z2i5fp0z3p1h",WOO823280,,3200574f-4f82-3280-d9fb-11c3189f54cd,,,
1999,KC,DL,DE,67,ACT,Mark Word,Mark,Word,1975-11-23,76,270,,00-0018249,,,,,,,,,,"https://static.www.nfl.com/image/private/f_auto,q_auto/league/xpxaoxmommqq6fc37b2h",WOR107816,,3200574f-5210-7816-6044-1a9d1bd62b5c,,,
1999,TEN,LB,MLB,52,ACT,Barron Wortham,Barron,Wortham,1969-11-01,71,244,,00-0018259,,,,,,,,,,"https://static.www.nfl.com/image/private/f_auto,q_auto/league/ywstkti1hyakyne4njr6",WOR690051,,3200574f-5269-0051-be1d-961deabfe7ac,,,
1999,PIT,QB,QB,1,ACT,Anthony Wright,Anthony,Wright,1976-02-14,73,195,,00-0018272,,,,,,,,,,"https://static.www.nfl.com/image/private/f_auto,q_auto/league/tot1rumaduxp1ixjqmlp",WRI106968,,32005752-4910-6968-7760-5a60ec8723b1,,,
1999,MIN,DB,CB,20,ACT,Kenny Wright,Kenneth,Wright,1977-09-14,73,196,,00-0018308,,,,,,,,,,"https://static.www.nfl.com/image/private/f_auto,q_auto/league/nqtgtkaasndtka3a901u",WRI490795,,32005752-4949-0795-e835-140ea07d00db,,,
1999,CIN,DB,DB,42,ACT,Lawrence Wright,Lawrence,Wright,1973-09-06,73,211,,00-0018310,,,,,,,,,,"https://static.www.nfl.com/image/private/f_auto,q_auto/league/qrxmxgrgwnqu3qqyvwbn",WRI533049,,32005752-4953-3049-f571-9e83ceb02275,,,
1999,WAS,DB,DB,32,CUT,Toby Wright,Toby,Wright,1970-11-19,71,212,,00-0018322,,,,,,,,,,"https://static.www.nfl.com/image/private/f_auto,q_auto/league/o1tmyvjwiyzupr5kkufg",WRI715232,,32005752-4971-5232-7f27-18c976937181,,,
1999,NO,QB,QB,7,ACT,Danny Wuerffel,Daniel,Wuerffel,1974-05-27,73,208,,00-0018333,,,,,,,,,,"https://static.www.nfl.com/image/private/f_auto,q_auto/league/uitgt9ptnhl2c0bxmwow",WUE563610,,32005755-4556-3610-f8dd-f32d3e1f341f,,,
1999,TB,OL,OT,71,ACT,Jerry Wunsch,Gerald,Wunsch,1974-01-21,78,339,,00-0018335,,,,,,,,,,"https://static.www.nfl.com/image/private/f_auto,q_auto/league/uzqtqg8kb1vn864316w6",WUN404041,,32005755-4e40-4041-6e55-282a3ee92702,,,
1999,TEN,TE,TE,89,ACT,Frank Wycheck,Frank,Wycheck,1971-10-14,75,250,,00-0018343,,,,,,,,,,"https://static.www.nfl.com/image/private/f_auto,q_auto/league/in369qjr6yktjab7p5dv",WYC178866,,32005759-4317-8866-b709-4c965820e40a,,,
1999,JAX,DL,DE,97,ACT,Renaldo Wynn,Renaldo,Wynn,1974-09-03,75,283,,00-0018351,,,,,,,,,,"https://static.www.nfl.com/image/private/f_auto,q_auto/league/pe2gcgu3dhghosybxgmz",WYN153366,,32005759-4e15-3366-6660-961019954d2a,,,
1999,CIN,WR,WR,84,ACT,Craig Yeast,Craig,Yeast,1976-11-20,67,160,,00-0018382,,,,,,,,,,"https://static.www.nfl.com/image/private/f_auto,q_auto/league/gzsxkfc5egpzzewrzcun",YEA484505,,32005945-4148-4505-7c26-5442a7912ba0,,,
1999,SF,DL,DT,97,ACT,Bryant Young,Bryant,Young,1972-01-27,75,291,,00-0018405,,,,,,,,,,"https://static.www.nfl.com/image/private/f_auto,q_auto/league/fkubylbr94xqvbzfczhx",YOU123853,,3200594f-5512-3853-ec6e-4c5b50ac8d73,,,
1999,TB,DB,DB,31,ACT,Floyd Young,Floyd,Young,1975-11-23,72,179,,00-0018414,,,,,,,,,,"https://static.www.nfl.com/image/private/f_auto,q_auto/league/hfrcrrde6exe6d1rdxlg",YOU187601,,3200594f-5518-7601-791a-ce5d8cd48464,,,
1999,STL,DL,DE,0,RES,Glenn Young,Glenn,Young,1975-09-10,75,253,,00-0018418,,,,,,,,,,"https://static.www.nfl.com/image/private/f_auto,q_auto/league/lggnmdltx9x0hldnp2hk",YOU240421,,3200594f-5524-0421-f617-b8654e94ab9c,,,
1999,NYJ,OL,OT,74,ACT,Ryan Young,Ryan,Young,1976-06-28,77,320,,00-0018440,,,,,,,,,,"https://static.www.nfl.com/image/private/f_auto,q_auto/league/u3roagzae9bf1fzkrqeb",YOU571911,,3200594f-5557-1911-ffb7-e470978742a9,,,
1999,SF,QB,QB,8,ACT,Steve Young,Jon,Young,1961-10-11,74,215,,00-0018441,,,,,,,,,,"https://static.www.nfl.com/image/private/f_auto,q_auto/league/kfrm5wzrogcovwymoez8",YOU299670,,3200594f-5529-9670-502d-7c3ad0654ed5,,,
1999,CLE,OL,G,72,ACT,Steve Zahursky,Stephen,Zahursky,1976-09-02,78,305,,00-0018468,,,,,,,,,,"https://static.www.nfl.com/image/private/f_auto,q_auto/league/k7vwmysdvgxz3k6biywo",ZAH652601,,32005a41-4865-2601-8724-146e1a73066d,,,
1999,TB,QB,QB,15,ACT,Eric Zeier,Eric,Zeier,1972-09-06,73,214,,00-0018483,,,,,,,,,,"https://static.www.nfl.com/image/private/f_auto,q_auto/league/qnheqzrnmuupnxcblqak",ZEI177981,,32005a45-4917-7981-2cbf-4445aa084f0b,,,
1999,BUF,OL,G,61,ACT,Dusty Zeigler,Curtis,Zeigler,1973-09-27,77,298,,00-0018484,,,,,,,,,,"https://static.www.nfl.com/image/private/f_auto,q_auto/league/wwig0j1w0rpz07mgoihn",ZEI237308,,32005a45-4923-7308-903b-c8642f891f7d,,,
1999,SF,TE,TE,52,ACT,Joe Zelenka,Joseph,Zelenka,1976-03-09,75,280,,00-0018486,,,,,,,,,,"https://static.www.nfl.com/image/private/f_auto,q_auto/league/eey3sqhrm9djk0ai7xij",ZEL428040,,32005a45-4c42-8040-a1a0-95636ac854c4,,,
1999,DAL,DL,DE,93,ACT,Peppi Zellner,Hunndens,Zellner,1975-03-14,77,257,,00-0018489,,,,,,,,,,"https://static.www.nfl.com/image/private/f_auto,q_auto/league/tqph30yhmbs1bekx5roy",ZEL705650,,32005a45-4c70-5650-2846-d98ffae075d2,,,
1999,PIT,RB,RB,21,ACT,Amos Zereoue,Amos,Zereoue,1976-10-08,68,202,,00-0018501,,,,,,,,,,"https://static.www.nfl.com/image/private/f_auto,q_auto/league/iyscsvtdi9eeepjnm8zf",ZER465126,,32005a45-5246-5126-635f-18c50861a943,,,
1999,STL,DL,DT,90,ACT,Jeff Zgonina,Jeffrey,Zgonina,1970-05-24,74,300,,00-0018503,,,,,,,,,,"https://static.www.nfl.com/image/private/f_auto,q_auto/league/xxxxml3p0eqcl51xgszi",ZGO444955,,32005a47-4f44-4955-1dfd-6578b82752b4,,,
1999,MIA,QB,QB,14,ACT,Scott Zolak,Scott,Zolak,1967-12-13,77,235,,00-0018518,,,,,,,,,,"https://static.www.nfl.com/image/private/f_auto,q_auto/league/iiuw5pvofyiqw9dlbbgb",ZOL031944,,32005a4f-4c03-1944-809f-9218fee2f70c,,,
1999,ARI,DB,DB,41,ACT,Justin Lucas,Justin,Lucas,1976-07-15,70,194,,00-0018563,,,,,,,,,,"https://static.www.nfl.com/image/private/f_auto,q_auto/league/jis7dhr3r6mph1o6o1q4",LUC070577,,32004c55-4307-0577-cf8f-76dc14eab3ff,,,
1999,STL,OL,OT,70,RES,Willie Jones,Willie,Jones,1975-12-17,78,372,,00-0018571,,,,,,,,,,"https://static.www.nfl.com/image/private/f_auto,q_auto/league/bv4ejyq7uejoscvitfng",JON815551,,32004a4f-4e81-5551-1b71-b33b01739957,,,
1999,DAL,DB,CB,38,ACT,Duane Hawthorne,Duane,Hawthorne,1976-08-26,70,175,,00-0018575,,,,,,,,,,"https://static.www.nfl.com/image/private/f_auto,q_auto/league/l9j5ou27t1z2kaoibbhh",HAW760665,,32004841-5776-0665-de43-1d9842f76bc3,,,
1999,DAL,TE,TE,39,ACT,Ryan Neufeld,Ryan,Neufeld,1975-11-22,76,240,,00-0018578,,,,,,,,,,"https://static.www.nfl.com/image/private/f_auto,q_auto/league/yawa4natiz2ufqvxpydh",NEU276860,,32004e45-5527-6860-e50c-9a678c876c38,,,
1999,NO,DL,DT,64,ACT,Robert Newkirk,Robert,Newkirk,1977-03-06,75,290,,00-0018579,,,,,,,,,,"https://static.www.nfl.com/image/private/f_auto,q_auto/league/t4jhuip1hgp3y45vtxjv",NEW261231,,32004e45-5726-1231-b9c4-e4f066848213,,,
1999,MIN,DB,DB,31,ACT,Don Morgan,Don,Morgan,1975-09-18,71,200,,00-0018587,,,,,,,,,,"https://static.www.nfl.com/image/private/f_auto,q_auto/league/ztxbpsinx4jdpbcmcgnj",MOR161495,,32004d4f-5216-1495-d817-2f1984d8ebf9,,,
1999,KC,QB,QB,7,ACT,Ted White,Theodore,White,1976-05-29,74,226,,00-0018589,,,,,,,,,,"https://static.www.nfl.com/image/private/f_auto,q_auto/league/sv0iessgxzyyeciv28lh",WHI529309,,32005748-4952-9309-5448-21d1fe4db716,,,
1999,TEN,LB,LB,48,CUT,David Stroshine,David,Stroshine,1976-06-03,74,230,,00-0018595,,,,,,,,,,"https://static.www.nfl.com/image/private/f_auto,q_auto/league/xoqgftylf8usrb1omi7b",STR668017,,32005354-5266-8017-74d7-b0b7a811ab1a,,,
1999,NO,LB,LB,58,ACT,Joe Tuipala,Joseph,Tuipala,1976-09-13,76,240,,00-0018599,,,,,,,,,,"https://static.www.nfl.com/image/private/f_auto,q_auto/league/ssuefqxtruwy2nurne4y",TUI682867,,32005455-4968-2867-f2fd-7890f6ff88d1,,,
1999,NE,DB,DB,28,ACT,Corey Ivy,Corey,Ivy,1977-03-21,68,183,,00-0018605,,,,,,,,,,"https://static.www.nfl.com/image/private/f_auto,q_auto/league/tjkdcsg3oitbyhwanvcs",IVY415291,,32004956-5941-5291-c2b0-27844a89bbc1,,,
1999,SD,TE,TE,84,ACT,Reggie Davis,Reginald,Davis,1976-09-03,75,233,,00-0018608,,,,,,,,,,"https://static.www.nfl.com/image/private/f_auto,q_auto/league/tf3vyoueogmz7qclcj04",DAV641581,,32004441-5664-1581-623e-03655d8d2485,,,
1999,NO,LB,LB,51,ACT,Phil Clarke,Phillip,Clarke,1977-01-19,72,241,,00-0018612,,,,,,,,,,"https://static.www.nfl.com/image/private/f_auto,q_auto/league/egmndg0smotqymyhxfsv",CLA656676,,3200434c-4165-6676-a7d2-e19d148f2795,,,
1999,NO,DB,DB,36,ACT,Corey Harris,Corey,Harris,1976-11-28,70,191,,00-0018614,,,,,,,,,,"https://static.www.nfl.com/image/private/f_auto,q_auto/league/j2p4oleg6cnrfmvbbcvk",HAR358224,,32004841-5235-8224-9a42-f0ee69966d6a,,,
1999,NO,OL,OT,0,RES,Bryan LaBelle,Bryan,LaBelle,1976-04-12,79,311,,00-0018615,,,,,,,,,,"https://static.www.nfl.com/image/private/f_auto,q_auto/league/pzzyqi8yohzbtpqykgiu",LAB428415,,32004c41-4242-8415-5026-6339e2a62d2b,,,
1999,OAK,OL,G,65,ACT,Barry Sims,Barry,Sims,1974-12-01,77,295,,00-0018925,,,,,,,,,,"https://static.www.nfl.com/image/private/f_auto,q_auto/league/tpv6rj5epjt5li9w5ni3",SIM652558,,32005349-4d65-2558-d869-931fa12fb6da,,,
1999,PIT,DB,DB,54,ACT,Mike Schneck,Michael,Schneck,1977-08-04,72,242,,00-0018926,,,,,,,,,,"https://static.www.nfl.com/image/private/f_auto,q_auto/league/fqxefbbp0azxg9mqvvzx",SCH377349,,32005343-4837-7349-e00f-a33bb8ca5850,,,
1999,STL,DL,DT,94,RES,Gaylon Hyder,Gaylon,Hyder,1974-10-18,77,290,,00-0018927,,,,,,,,,,"https://static.www.nfl.com/image/private/f_auto,q_auto/league/rhurbe5agcclrcfe5fnr",HYD428791,,32004859-4442-8791-b0c6-86195c7589e9,,,
1999,NE,DB,DB,32,RES,J'Juan Cherry,J'Juan,Cherry,1976-10-28,71,200,,00-0018928,,,,,,,,,,"https://static.www.nfl.com/image/private/f_auto,q_auto/league/qjq3jw9ou7v6f9uxqyo8",CHE370787,,32004348-4537-0787-aada-dd63b37d39db,,,
1999,MIA,WR,WR,16,RES,Robert Baker,Robert,Baker,1976-05-14,71,202,,00-0019454,,,,,,,,,,"https://static.www.nfl.com/image/private/f_auto,q_auto/league/vdd8elikm1qydt5nuech",BAK553097,,32004241-4b55-3097-bc36-3a3966e68d02,,,
1999,ATL,DB,DB,30,ACT,Derrick Gardner,Derrick,Gardner,1977-03-10,72,185,,,,,,,,,,,,"https://static.www.nfl.com/image/private/f_auto,q_auto/league/tminx3dp6mpt3ml1pp9b",,,,,,
1999,DET,QB,QB,17,ACT,Jeff Fox,Jeff,Fox,,74,215,,,,,,,,,,,,"https://static.www.nfl.com/image/private/f_auto,q_auto/league/su2kl56de8l4rvxmbtpu",,,,,,
1999,IND,RB,RB,45,CUT,Jermaine Chaney,Jermaine,Chaney,1973-04-06,72,215,,,,,,,,,,,,"https://static.www.nfl.com/image/private/f_auto,q_auto/league/ej4h6gs2lisemlvyforb",,,,,,
1999,NYG,DB,DB,29,CUT,Tre Thomas,Carl,Thomas,1975-09-12,73,216,,,,,,,,,,,,"https://static.www.nfl.com/image/private/f_auto,q_auto/league/cwpzsvnwudry65zwxzil",,,,,,
1999,NO,WR,WR,80,ACT,P.J. Franklin,David,Franklin,1977-09-28,70,180,,,,,,,,,,,,"https://static.www.nfl.com/image/private/f_auto,q_auto/league/j6g4eztjiijvpxvcq5du",,,,,,
1999,CLE,LB,LB,90,ACT,James E. Williams,James,Williams,1968-10-10,72,246,,,,,,,,,,,,"https://static.www.nfl.com/image/private/f_auto,q_auto/league/vaxkyousgjzplhlxtbaw",,,,,,
