season,team,position,depth_chart_position,jersey_number,status,full_name,first_name,last_name,birth_date,height,weight,college,gsis_id,espn_id,sportradar_id,yahoo_id,rotowire_id,pff_id,pfr_id,fantasy_data_id,sleeper_id,years_exp,headshot_url,esb_id,gsis_it_id,smart_id,entry_year,rookie_year,draft_club
1994,SEA,DL,DE,98,ACT,Sam Adams,Samuel,Adams,1973-06-13,75,285,,00-0000065,,,,,,,,,,"https://static.www.nfl.com/image/private/f_auto,q_auto/league/pqwbc18lkp6evgok8768",ADA571656,,32004144-4157-1656-c9b5-9681a9711d63,,,
1994,NO,OL,OT,0,ACT,Scott Adams,Scott,Adams,1966-09-28,77,293,,00-0000066,,,,,,,,,,"https://static.www.nfl.com/image/private/f_auto,q_auto/league/yjbhmufjtd7bhwmbe0xv",ADA584320,,32004144-4158-4320-c6af-918649831c94,,,
1994,ATL,DL,DE,0,ACT,Mel Agee,Melvin,Agee,1968-11-22,77,298,,00-0000094,,,,,,,,,,"https://static.www.nfl.com/image/private/f_auto,q_auto/league/cr5zavujkfeeiugacxyz",AGE264111,,32004147-4526-4111-83a9-b4d4e18d084f,,,
1994,DAL,RB,RB,0,ACT,Tommie Agee,Thomas,Agee,1964-02-22,72,235,,00-0000096,,,,,,,,,,"https://static.www.nfl.com/image/private/f_auto,q_auto/league/la6jp0ftakejeacqrdxw",AGE553722,,32004147-4555-3722-2601-c9c708c6cdae,,,
1994,NE,DL,NT,0,ACT,Ray Agnew,Raymond,Agnew,1967-12-09,75,272,,00-0000097,,,,,,,,,,"https://static.www.nfl.com/image/private/f_auto,q_auto/league/bbm1kkik4ekmarc4mbzv",AGN415291,,32004147-4e41-5291-430e-75c93015e018,,,
1994,KC,SPEC,P,0,ACT,Louie Aguiar,Louis,Aguiar,1966-06-30,74,215,,00-0000098,,,,,,,,,,"https://static.www.nfl.com/image/private/f_auto,q_auto/league/qqkgkzrfwttuy0ab8e6f",AGU401791,,32004147-5540-1791-3e41-c35f15fac6e5,,,
1994,TB,DL,DE,0,ACT,Chidi Ahanotu,Chidi,Ahanotu,1970-10-11,74,280,,00-0000100,,,,,,,,,,"https://static.www.nfl.com/image/private/f_auto,q_auto/league/thwne3sb40hjqqzt4zb6",AHA444955,,32004148-4144-4955-af48-b12bdd5df580,,,
1994,DAL,QB,QB,8,ACT,Troy Aikman,Troy,Aikman,1966-11-21,76,228,,00-0000104,,,,,,,,,,"https://static.www.nfl.com/image/private/f_auto,q_auto/league/skagdrvhtf6ywlxwlrou",AIK553722,,32004149-4b55-3722-44ec-125524ad4078,,,
1994,IND,LB,LB,0,ACT,Trev Alberts,Trev,Alberts,1970-08-08,76,243,,00-0000119,,,,,,,,,,"https://static.www.nfl.com/image/private/f_auto,q_auto/league/v8pff4cjfyueif0t5k6e",ALB427290,,3200414c-4242-7290-f54d-6d6699161ca3,,,
1994,DEN,LB,LB,0,ACT,Allen Aldridge,Allen,Aldridge,1972-05-30,73,245,,00-0000129,,,,,,,,,,"https://static.www.nfl.com/image/private/f_auto,q_auto/league/kjcyugvjpsg5ibggtf8p",ALD410038,,3200414c-4441-0038-7402-f94793534c4f,,,
1994,KC,LB,LB,0,RES,Arnold Ale,Arnold,Ale,1970-06-17,74,230,,00-0000133,,,,,,,,,,"https://static.www.nfl.com/image/private/f_auto,q_auto/league/dnm39m90vycx74qiujpy",ALE001207,,3200414c-4500-1207-5ca0-1258fa0380ca,,,
1994,ARI,DB,CB,0,ACT,Brent Alexander,Brent,Alexander,1971-07-10,71,184,,00-0000136,,,,,,,,,,"https://static.www.nfl.com/image/private/f_auto,q_auto/league/sgkwt2povfpzrplzya5j",ALE082928,,3200414c-4508-2928-109e-95e453eee0a5,,,
1994,PHI,OL,C,0,ACT,David Alexander,David,Alexander,1964-07-28,75,275,,00-0000144,,,,,,,,,,"https://static.www.nfl.com/image/private/f_auto,q_auto/league/edu4dqueshw81vqxk2az",ALE218570,,3200414c-4521-8570-bd50-298f90f4a808,,,
1994,CLE,WR,WR,0,ACT,Derrick Alexander,Derrick,Alexander,1971-11-06,74,195,,00-0000145,,,,,,,,,,"https://static.www.nfl.com/image/private/f_auto,q_auto/league/kghksofxi1gzyke5cexb",ALE225855,,3200414c-4522-5855-9980-3975fad013b4,,,
1994,DEN,LB,OLB,0,ACT,Elijah Alexander,Elijah,Alexander,1970-08-02,74,230,,00-0000147,,,,,,,,,,"https://static.www.nfl.com/image/private/f_auto,q_auto/league/uv7v9mxsjduc8ukc3fys",ALE233141,,3200414c-4523-3141-8850-f8f4040dd6e5,,,
1994,ATL,SPEC,P,0,ACT,Harold Alexander,Harold,Alexander,1970-10-20,74,224,,00-0000149,,,,,,,,,,"https://static.www.nfl.com/image/private/f_auto,q_auto/league/diyhxmodenpwt0elmkbc",ALE276855,,3200414c-4527-6855-fbc8-262612c16031,,,
1994,NYJ,LB,LB,0,CUT,Tuineau Alipate,Tuineau,Alipate,1967-08-21,73,245,,00-0000178,,,,,,,,,,"https://static.www.nfl.com/image/private/f_auto,q_auto/league/fqjdxgpoaavjoupacwgb",ALI504282,,3200414c-4950-4282-6034-8bd265534f19,,,
1994,PHI,DB,CB,0,ACT,Eric Allen,Eric,Allen,1965-11-22,70,180,,00-0000204,,,,,,,,,,"https://static.www.nfl.com/image/private/f_auto,q_auto/league/oqz1nvdgdybojfpjpsrf",ALL270410,,3200414c-4c27-0410-2fbb-56a9caa3060e,,,
1994,DAL,OL,OT,73,ACT,Larry Allen,Larry,Allen,1971-11-27,75,325,,00-0000217,,,,,,,,,,"https://static.www.nfl.com/image/private/f_auto,q_auto/league/o51021fppnwxvlql9jly",ALL550477,,3200414c-4c55-0477-1895-f6e8a902378c,,,
1994,KC,RB,RB,0,ACT,Marcus Allen,Marcus,Allen,1960-03-26,74,210,,00-0000220,,,,,,,,,,"https://static.www.nfl.com/image/private/f_auto,q_auto/league/wy664ewj5sglsncnjakr",ALL598765,,3200414c-4c59-8765-9d33-196f8c26460c,,,
1994,MIN,RB,RB,0,ACT,Terry Allen,Terry,Allen,1968-02-21,71,197,,00-0000232,,,,,,,,,,"https://static.www.nfl.com/image/private/f_auto,q_auto/league/w0seugiirpz4gikftv38",ALL647052,,3200414c-4c64-7052-fe79-2e294d897a78,,,
1994,SEA,DB,DB,0,CUT,Brian Allred,Brian,Allred,1969-03-16,70,175,,00-0000241,,,,,,,,,,"https://static.www.nfl.com/image/private/f_auto,q_auto/league/kvuaw8jfovhi1hytootc",ALL805711,,3200414c-4c80-5711-2b89-f5c4b20d449f,,,
1994,KC,OL,OT,0,ACT,John Alt,John,Alt,1962-05-30,80,307,,00-0000252,,,,,,,,,,"https://static.www.nfl.com/image/private/f_auto,q_auto/league/qmumhvwglh2mfnbvv4ax",ALT276861,,3200414c-5427-6861-29b6-c67d96e9eb3d,,,
1994,IND,DB,CB,0,ACT,Ashley Ambrose,Ashley,Ambrose,1970-09-17,70,177,,00-0000261,,,,,,,,,,"https://static.www.nfl.com/image/private/f_auto,q_auto/league/hqodozwzdkzcq0tgciic",AMB266360,,3200414d-4226-6360-2f78-64b66a144f6d,,,
1994,KC,RB,FB,38,ACT,Kimble Anders,Kimble,Anders,1966-09-10,71,219,,00-0000279,,,,,,,,,,"https://static.www.nfl.com/image/private/f_auto,q_auto/league/tekunhsdrndofvfxesco",AND015193,,3200414e-4401-5193-8ae5-7503312c1a09,,,
1994,NO,SPEC,K,0,ACT,Morten Andersen,Morten,Andersen,1960-08-19,74,221,,00-0000282,,,,,,,,,,"https://static.www.nfl.com/image/private/f_auto,q_auto/league/nk87h6cjuij14iofd5ix",AND020258,,3200414e-4402-0258-af5e-f904d4733d82,,,
1994,KC,DB,DB,0,ACT,Darren Anderson,Darren,Anderson,1969-01-11,70,180,,00-0000298,,,,,,,,,,"https://static.www.nfl.com/image/private/f_auto,q_auto/league/vciz9c64q6jjpigspss5",AND177257,,3200414e-4417-7257-d30d-50ee3ef35567,,,
1994,ATL,DL,DE,0,ACT,Dunstan Anderson,Dunstan,Anderson,1970-12-31,75,260,,00-0000303,,,,,,,,,,"https://static.www.nfl.com/image/private/f_auto,q_auto/league/odfvyqqsjjqwwkkmb4bu",AND200047,,3200414e-4420-0047-31cb-cd46638a142f,,,
1994,RAI,DB,FS,0,ACT,Eddie Anderson,Eddie,Anderson,1963-07-22,73,210,,00-0000305,,,,,,,,,,"https://static.www.nfl.com/image/private/f_auto,q_auto/league/taowb92byxcvxqsp0jpp",AND212709,,3200414e-4421-2709-d3bc-36dfacabaa74,,,
1994,WAS,LB,LB,0,ACT,Erick Anderson,Erick,Anderson,1968-10-07,73,235,,00-0000308,,,,,,,,,,"https://static.www.nfl.com/image/private/f_auto,q_auto/league/tuhtyf5uamtdriiynrr0",AND227902,,3200414e-4422-7902-616c-5c1536643eed,,,
1994,PIT,SPEC,K,0,ACT,Gary Anderson,Gary,Anderson,1959-07-16,71,179,,00-0000313,,,,,,,,,,"https://static.www.nfl.com/image/private/f_auto,q_auto/league/fofzz3dwrg1vr2drmoak",AND273108,,3200414e-4427-3108-1809-a396fee76085,,,
1994,ATL,RB,RB,0,ACT,Jamal Anderson,Jamal,Anderson,1972-09-30,71,246,,00-0000316,,,,,,,,,,"https://static.www.nfl.com/image/private/f_auto,q_auto/league/faws2enuknhawnowkns0",AND291208,,3200414e-4429-1208-c593-c1b93944ea3b,,,
1994,NYJ,RB,FB,0,ACT,Richie Anderson,Richard,Anderson,1971-09-13,74,215,,00-0000339,,,,,,,,,,"https://static.www.nfl.com/image/private/f_auto,q_auto/league/t05nqplwwgzsyysjmswf",AND421668,,3200414e-4442-1668-92c2-aa673041a926,,,
1994,NYJ,WR,WR,0,ACT,Stevie Anderson,Stevie,Anderson,1970-05-12,77,205,,00-0000345,,,,,,,,,,"https://static.www.nfl.com/image/private/f_auto,q_auto/league/t5a6wlhprt5l4l2qotge",AND491256,,3200414e-4449-1256-b15f-8f84069bdaa1,,,
1994,RAM,WR,WR,0,ACT,Flipper Anderson,Willie,Anderson,1965-03-07,72,169,,00-0000351,,,,,,,,,,"https://static.www.nfl.com/image/private/f_auto,q_auto/league/wi8asapfckhlhtide0vz",AND607740,,3200414e-4460-7740-8837-c86b43c1f663,,,
1994,IND,TE,TE,0,ACT,Charles Arbuckle,Charles,Arbuckle,1968-09-13,75,248,,00-0000404,,,,,,,,,,"https://static.www.nfl.com/image/private/f_auto,q_auto/league/ypktnmkqfkjvzinmgto4",ARB567222,,32004152-4256-7222-fc3e-12fd8ed5c718,,,
1994,ATL,DL,DE,0,ACT,Lester Archambeau,Lester,Archambeau,1967-06-27,77,275,,00-0000405,,,,,,,,,,"https://static.www.nfl.com/image/private/f_auto,q_auto/league/az7fnotr16s5dgtounfw",ARC138430,,32004152-4313-8430-3971-9b1baec10bc5,,,
1994,NYG,LB,LB,0,ACT,Jessie Armstead,Jessie,Armstead,1970-10-26,73,238,,00-0000426,,,,,,,,,,"https://static.www.nfl.com/image/private/f_auto,q_auto/league/zsvhwqxosxfb388jx4xq",ARM084964,,32004152-4d08-4964-2b92-57414a9854b6,,,
1994,NE,OL,OT,78,ACT,Bruce Armstrong,Bruce,Armstrong,1965-09-07,76,284,,00-0000429,,,,,,,,,,"https://static.www.nfl.com/image/private/f_auto,q_auto/league/jgk8bv3fiwutyslckvdx",ARM146571,,32004152-4d14-6571-52f7-a090f0cfd586,,,
1994,CHI,DL,DE,0,ACT,Trace Armstrong,Raymond,Armstrong,1965-10-05,76,265,,00-0000439,,,,,,,,,,"https://static.www.nfl.com/image/private/f_auto,q_auto/league/euzjohn4txovvbpchco4",ARM642641,,32004152-4d64-2641-4f5c-6a37fa5c0a39,,,
1994,TB,TE,TE,0,ACT,Tyji Armstrong,Tyji,Armstrong,1970-10-03,76,250,,00-0000441,,,,,,,,,,"https://static.www.nfl.com/image/private/f_auto,q_auto/league/vaxhwyijo5sppzpzrmp3",ARM741105,,32004152-4d74-1105-9813-d29bd3cf306e,,,
1994,MIA,SPEC,P,0,CUT,Jim Arnold,James,Arnold,1961-01-31,74,211,,00-0000447,,,,,,,,,,"https://static.www.nfl.com/image/private/f_auto,q_auto/league/x9o6ovudmtr8yioupxgv",ARN484505,,32004152-4e48-4505-f303-b808632ddd52,,,
1994,NE,OL,C,0,ACT,Mike Arthur,Michael,Arthur,1968-05-07,75,280,,00-0000456,,,,,,,,,,"https://static.www.nfl.com/image/private/f_auto,q_auto/league/g1hzalrewboeitcyrftn",ART343482,,32004152-5434-3482-cf9e-30ce3880cf97,,,
1994,CLE,OL,OT,0,ACT,Herman Arvie,Herman,Arvie,1970-10-12,76,305,,00-0000458,,,,,,,,,,"https://static.www.nfl.com/image/private/f_auto,q_auto/league/jfocabmuylupzlnyhcpk",ARV296636,,32004152-5629-6636-cfab-320f9fa96f4c,,,
1994,RAM,OL,G,77,ACT,Darryl Ashmore,Darryl,Ashmore,1969-11-01,79,300,,00-0000472,,,,,,,,,,"https://static.www.nfl.com/image/private/f_auto,q_auto/league/hcbw1lt8lg9vciuqxecs",ASH635509,,32004153-4863-5509-3310-eff5a4b46711,,,
1994,MIA,DB,FS,28,ACT,Gene Atkins,Gene,Atkins,1964-11-22,71,200,,00-0000484,,,,,,,,,,"https://static.www.nfl.com/image/private/f_auto,q_auto/league/dyfqwedmrlcnjjwhetjb",ATK207644,,32004154-4b20-7644-3639-d1942f263318,,,
1994,SEA,OL,OT,74,ACT,James Atkins,James,Atkins,1970-01-28,78,291,,00-0000485,,,,,,,,,,"https://static.www.nfl.com/image/private/f_auto,q_auto/league/hhr8ycyrydfqgw0pwsrb",ATK298488,,32004154-4b29-8488-a18c-63273541fc04,,,
1994,DEN,DB,S,27,ACT,Steve Atwater,Stephen,Atwater,1966-10-28,75,217,,00-0000500,,,,,,,,,,"https://static.www.nfl.com/image/private/f_auto,q_auto/league/j3xxo3zjpt29erl0wsdf",ATW276861,,32004154-5727-6861-857f-9abd7e42ba54,,,
1994,CHI,OL,OT,0,ACT,Troy Auzenne,Troy,Auzenne,1969-06-26,79,290,,00-0000536,,,,,,,,,,"https://static.www.nfl.com/image/private/f_auto,q_auto/league/pmam2a0hwyzi6yqfb9cf",AUZ177981,,32004155-5a17-7981-7412-160c104c6e9e,,,
1994,PIT,RB,RB,0,ACT,Steve Avery,Steven,Avery,1966-08-18,74,226,,00-0000543,,,,,,,,,,"https://static.www.nfl.com/image/private/f_auto,q_auto/league/kcc11fqhsbnionv5hleb",AVE664464,,32004156-4566-4464-804e-831e20d45078,,,
1994,NE,SPEC,K,0,ACT,Matt Bahr,Matthew,Bahr,1956-07-06,70,175,,00-0000581,,,,,,,,,,"https://static.www.nfl.com/image/private/f_auto,q_auto/league/pukxu8ic9up4to0zdbtv",BAH692150,,32004241-4869-2150-32d7-0e550f8925dc,,,
1994,IND,WR,WR,0,ACT,Aaron Bailey,Aaron,Bailey,1971-10-24,70,184,,00-0000582,,,,,,,,,,"https://static.www.nfl.com/image/private/f_auto,q_auto/league/yp3warxchoont2d5wyuc",BAI023357,,32004241-4902-3357-d5b4-c7fe9e954987,,,
1994,NYG,LB,MLB,0,ACT,Carlton Bailey,Carlton,Bailey,1964-12-15,75,235,,00-0000584,,,,,,,,,,"https://static.www.nfl.com/image/private/f_auto,q_auto/league/nifwnzdvibdhvsf8swlc",BAI069214,,32004241-4906-9214-1205-dd330c2daa49,,,
1994,RAM,RB,RB,0,ACT,Johnny Bailey,Johnny,Bailey,1967-03-17,68,180,,00-0000597,,,,,,,,,,"https://static.www.nfl.com/image/private/f_auto,q_auto/league/pwqohhj9uejzarxslddx",BAI484498,,32004241-4948-4498-7c22-8700d48cb794,,,
1994,HOU,WR,WR,0,CUT,Mario Bailey,Mario,Bailey,1970-11-30,69,162,,00-0000599,,,,,,,,,,"https://static.www.nfl.com/image/private/f_auto,q_auto/league/mq00glbtqitctudwngh4",BAI544712,,32004241-4954-4712-ad7a-d91db100aeff,,,
1994,RAM,DB,CB,0,ACT,Robert Bailey,Robert,Bailey,1968-09-03,70,176,,00-0000601,,,,,,,,,,"https://static.www.nfl.com/image/private/f_auto,q_auto/league/kdomohxuxnkxwnhnux8r",BAI577819,,32004241-4957-7819-b9c7-a2c72764e7a9,,,
1994,PHI,WR,WR,0,ACT,Victor Bailey,Victor,Bailey,1970-07-03,74,196,,00-0000609,,,,,,,,,,"https://static.www.nfl.com/image/private/f_auto,q_auto/league/ljcvleziwqtngosuyveo",BAI648881,,32004241-4964-8881-55d5-1d0bcbeffef6,,,
1994,CHI,LB,LB,0,ACT,Myron Baker,Myron,Baker,1971-01-06,73,228,,00-0000641,,,,,,,,,,"https://static.www.nfl.com/image/private/f_auto,q_auto/league/lhjihgmbnlral6rzguxl",BAK515521,,32004241-4b51-5521-88f6-0f7b7091739e,,,
1994,IND,WR,WR,0,CUT,Shannon Baker,Shannon,Baker,1971-07-20,69,185,,00-0000644,,,,,,,,,,"https://static.www.nfl.com/image/private/f_auto,q_auto/league/zhuevzkdvymzjty4tgte",BAK611673,,32004241-4b61-1673-64a1-af498685b03f,,,
1994,CLE,RB,RB,0,ACT,Randy Baldwin,Randy,Baldwin,1967-08-19,70,216,,00-0000666,,,,,,,,,,"https://static.www.nfl.com/image/private/f_auto,q_auto/league/ke9efbk4dn1ylh86plw9",BAL390156,,32004241-4c39-0156-d636-d439e7eecdb2,,,
1994,CIN,RB,RB,0,ACT,Eric Ball,Eric,Ball,1966-07-01,74,220,,00-0000672,,,,,,,,,,"https://static.www.nfl.com/image/private/f_auto,q_auto/league/dptblfslfwnrtu6lhxsi",BAL461430,,32004241-4c46-1430-4d5c-78f53ff0376a,,,
1994,RAI,DL,DT,0,ACT,Jerry Ball,Jerry,Ball,1964-12-15,73,305,,00-0000673,,,,,,,,,,"https://static.www.nfl.com/image/private/f_auto,q_auto/league/zev4rhmzzs1vpibfbiiz",BAL492192,,32004241-4c49-2192-c426-ef8b04ca013f,,,
1994,SEA,OL,OT,75,ACT,Howard Ballard,Howard,Ballard,1963-11-03,78,336,,00-0000682,,,,,,,,,,"https://static.www.nfl.com/image/private/f_auto,q_auto/league/bathql2j7065wpu8g9im",BAL646002,,32004241-4c64-6002-ab68-530055f04ed6,,,
1994,CIN,QB,QB,0,ACT,Jim Ballard,James,Ballard,1972-04-16,75,223,,00-0000683,,,,,,,,,,"https://static.www.nfl.com/image/private/f_auto,q_auto/league/lj9je9ca6a9jxfnithl0",BAL652838,,32004241-4c65-2838-1af2-f05d2cca32de,,,
1994,CLE,DL,DT,0,ACT,Romeo Bandison,Romeo,Bandison,1971-02-12,77,290,,00-0000692,,,,,,,,,,"https://static.www.nfl.com/image/private/f_auto,q_auto/league/wmepjz848s3qc64pymdi",BAN152616,,32004241-4e15-2616-4ac9-4c40b40b6758,,,
1994,CLE,LB,OLB,0,ACT,Carl Banks,Carl,Banks,1962-08-29,76,235,,00-0000698,,,,,,,,,,"https://static.www.nfl.com/image/private/f_auto,q_auto/league/ej5o44tmydrv1ncbenuc",BAN415290,,32004241-4e41-5290-cf4a-bdc9e8db12fa,,,
1994,ARI,DL,DE,0,ACT,Michael Bankston,Michael,Bankston,1970-03-12,77,290,,00-0000725,,,,,,,,,,"https://static.www.nfl.com/image/private/f_auto,q_auto/league/wacf6vrkzgbbseramj3b",BAN682400,,32004241-4e68-2400-bd5a-0336d699d2c9,,,
1994,IND,TE,TE,0,ACT,Brad Banta,Dennis,Banta,1970-12-14,78,254,,00-0000727,,,,,,,,,,"https://static.www.nfl.com/image/private/f_auto,q_auto/league/gaogmvgio8crqhlv8kkm",BAN790894,,32004241-4e79-0894-7391-fa63f9df7421,,,
1994,NYJ,LB,LB,0,ACT,Kurt Barber,Kurt,Barber,1969-01-05,76,241,,00-0000736,,,,,,,,,,"https://static.www.nfl.com/image/private/f_auto,q_auto/league/r41cs6zskop5mmlody6t",BAR054376,,32004241-5205-4376-efa5-bea489a933af,,,
1994,SF,OL,G,0,CUT,Rudy Barber,Rudy,Barber,1971-09-21,74,286,,00-0000742,,,,,,,,,,"https://static.www.nfl.com/image/private/f_auto,q_auto/league/bx0ffjshc77nwsbbheqk",BAR092687,,32004241-5209-2687-d511-89cc61014bd0,,,
1994,PHI,SPEC,P,0,ACT,Bryan Barker,Bryan,Barker,1964-06-28,74,175,,00-0000754,,,,,,,,,,"https://static.www.nfl.com/image/private/f_auto,q_auto/league/ppydumh0icqagm0wiebm",BAR155715,,32004241-5215-5715-d4a4-32d15ae4bf83,,,
1994,MIN,DL,DE,0,ACT,Roy Barker,Roy,Barker,1969-02-14,77,292,,00-0000758,,,,,,,,,,"https://static.www.nfl.com/image/private/f_auto,q_auto/league/yneys2tjgx3unzznw5ei",BAR189082,,32004241-5218-9082-be1f-0c49696d0ddf,,,
1994,PHI,DB,DB,0,RES,Corey Barlow,Corey,Barlow,1970-11-01,69,182,,00-0000763,,,,,,,,,,"https://static.www.nfl.com/image/private/f_auto,q_auto/league/xmenczkjrk0ixqhqoy73",BAR218742,,32004241-5221-8742-f139-3720b7e5c63e,,,
1994,SD,WR,WR,0,ACT,Johnnie Barnes,Johnnie,Barnes,1968-07-21,73,180,,00-0000777,,,,,,,,,,"https://static.www.nfl.com/image/private/f_auto,q_auto/league/n9ipebmva8zq74kjiz3m",BAR315137,,32004241-5231-5137-6eb2-537aad0d471e,,,
1994,HOU,DB,DB,22,ACT,Tomur Barnes,Tomur,Barnes,1970-09-08,70,185,,00-0000792,,,,,,,,,,"https://static.www.nfl.com/image/private/f_auto,q_auto/league/pmxlzlqj9z3spekgc8yc",BAR381131,,32004241-5238-1131-a646-f9eb7362c4c0,,,
1994,PHI,WR,WR,0,ACT,Fred Barnett,Fred,Barnett,1966-06-17,72,199,,00-0000800,,,,,,,,,,"https://static.www.nfl.com/image/private/f_auto,q_auto/league/ixrhtxztda3vyhkqlw2b",BAR422655,,32004241-5242-2655-c643-e1416ef18aec,,,
1994,NE,DB,S,0,ACT,Harlon Barnett,Harlon,Barnett,1967-01-02,71,200,,00-0000801,,,,,,,,,,"https://static.www.nfl.com/image/private/f_auto,q_auto/league/iaddr5d5xknxdjx62st7",BAR430070,,32004241-5243-0070-75ad-4e1c66454cdc,,,
1994,BUF,DL,DE,0,ACT,Oliver Barnett,Oliver,Barnett,1966-04-09,75,292,,00-0000806,,,,,,,,,,"https://static.www.nfl.com/image/private/f_auto,q_auto/league/drkz6i2rx0fx72nfnktv",BAR444900,,32004241-5244-4900-b35a-b9f14538f5c7,,,
1994,NE,DL,DE,0,ACT,Troy Barnett,Troy,Barnett,1971-05-24,76,280,,00-0000808,,,,,,,,,,"https://static.www.nfl.com/image/private/f_auto,q_auto/league/rn8dbqjo7p1bueofzccg",BAR465291,,32004241-5246-5291-c02f-62159c195e6a,,,
1994,NO,SPEC,P,0,ACT,Tommy Barnhardt,John Thomas,Barnhardt,1963-06-11,74,207,,00-0000811,,,,,,,,,,"https://static.www.nfl.com/image/private/f_auto,q_auto/league/dkabex0eu0of3al6iwnt",BAR504220,,32004241-5250-4220-4fdc-1397b3ae0288,,,
1994,SEA,WR,WR,0,RES,Reggie Barrett,Aaron,Barrett,1969-08-14,75,214,,00-0000826,,,,,,,,,,"https://static.www.nfl.com/image/private/f_auto,q_auto/league/wnfls3knp5hsrriuiego",BAR589492,,32004241-5258-9492-d454-5b4c05eddcff,,,
1994,ARI,DL,DE,0,ACT,Sebastian Barrie,Sebastian,Barrie,1970-05-26,74,270,,00-0000827,,,,,,,,,,"https://static.www.nfl.com/image/private/f_auto,q_auto/league/y3npcmxrb2kexhu8ahbl",BAR648812,,32004241-5264-8812-adcf-307eabbce3f1,,,
1994,HOU,LB,OLB,56,ACT,Micheal Barrow,Micheal,Barrow,1970-04-19,74,236,,00-0000829,,,,,,,,,,"https://static.www.nfl.com/image/private/f_auto,q_auto/league/gaecgvwljow47cvhrdkh",BAR663642,,32004241-5266-3642-1e15-c980027eda58,,,
1994,SF,OL,OT,0,ACT,Harris Barton,Harris,Barton,1964-04-19,76,286,,00-0000847,,,,,,,,,,"https://static.www.nfl.com/image/private/f_auto,q_auto/league/qhgqommteeptqspcvyxm",BAR778575,,32004241-5277-8575-38d5-237414282122,,,
1994,CHI,LB,LB,0,RES,Robert Bass,Robert,Bass,1970-11-10,73,239,,00-0000860,,,,,,,,,,"https://static.www.nfl.com/image/private/f_auto,q_auto/league/doxhtllvqnmgktrw6nxe",BAS549427,,32004241-5354-9427-e6e6-d5559b5f070c,,,
1994,DAL,DB,SAF,40,ACT,Bill Bates,William,Bates,1961-06-06,73,205,,00-0000868,,,,,,,,,,"https://static.www.nfl.com/image/private/f_auto,q_auto/league/ndyfdkwheeqpurjhinx1",BAT207644,,32004241-5420-7644-fe72-844f3f885736,,,
1994,NO,RB,RB,0,ACT,Mario Bates,Mario,Bates,1973-01-16,74,217,,00-0000871,,,,,,,,,,"https://static.www.nfl.com/image/private/f_auto,q_auto/league/xkxxacls8uwotyxllfw7",BAT111777,,32004241-5411-1777-c68a-f92810548e20,,,
1994,SEA,WR,WR,0,ACT,Michael Bates,Michael,Bates,1969-12-19,70,189,,00-0000872,,,,,,,,,,"https://static.www.nfl.com/image/private/f_auto,q_auto/league/awyey2nffgfupqrgyrzk",BAT119733,,32004241-5411-9733-cc00-9fb76d72bf1a,,,
1994,RAI,DB,S,0,ACT,Patrick Bates,Patrick,Bates,1970-11-27,75,220,,00-0000874,,,,,,,,,,"https://static.www.nfl.com/image/private/f_auto,q_auto/league/gkoeswi9z6bqobsnqtv8",BAT131733,,32004241-5413-1733-5e41-f5875630e558,,,
1994,MIA,TE,TE,0,ACT,Greg Baty,Gregory,Baty,1964-08-28,77,241,,00-0000893,,,,,,,,,,"https://static.www.nfl.com/image/private/f_auto,q_auto/league/wk7j3hpjkh9x0ybtxrac",BAT778665,,32004241-5477-8665-766d-f0292fd0472c,,,
1994,NE,LB,ILB,0,ACT,David Bavaro,David,Bavaro,1967-03-27,72,228,,00-0000906,,,,,,,,,,"https://static.www.nfl.com/image/private/f_auto,q_auto/league/utvinik4sepzcrhqazko",BAV276861,,32004241-5627-6861-d19c-6b256de9c9eb,,,
1994,PHI,TE,TE,0,ACT,Mark Bavaro,Mark,Bavaro,1963-04-28,76,245,,00-0000907,,,,,,,,,,"https://static.www.nfl.com/image/private/f_auto,q_auto/league/hqggmwh4wshvxe1ozkmm",BAV553722,,32004241-5655-3722-eba0-b4b591bbff8c,,,
1994,NYJ,RB,FB,0,ACT,Brad Baxter,Herman,Baxter,1967-05-05,73,235,,00-0000910,,,,,,,,,,"https://static.www.nfl.com/image/private/f_auto,q_auto/league/dyogwgx2xvmftaoz2trk",BAX569540,,32004241-5856-9540-c293-273e293ec56c,,,
1994,NYJ,TE,TE,0,ACT,Fred Baxter,Frederick,Baxter,1971-06-14,75,250,,00-0000911,,,,,,,,,,"https://static.www.nfl.com/image/private/f_auto,q_auto/league/vizzpb6aucnrzpzynx9a",BAX522078,,32004241-5852-2078-37b9-1295f06f6541,,,
1994,WAS,DB,S,0,ACT,Martin Bayless,Martin,Bayless,1962-10-11,74,219,,00-0000915,,,,,,,,,,"https://static.www.nfl.com/image/private/f_auto,q_auto/league/j1btpnt1rq0p05whbfsr",BAY083058,,32004241-5908-3058-40a1-45dad3333982,,,
1994,NYG,DB,DB,21,ACT,Willie Beamon,Willie,Beamon,1970-06-14,71,170,,00-0000932,,,,,,,,,,"https://static.www.nfl.com/image/private/f_auto,q_auto/league/tmm27aatyovqvtarhnps",BEA288110,,32004245-4128-8110-ae84-2fef1b8a8dbc,,,
1994,MIA,LB,OLB,0,ACT,Aubrey Beavers,Aubrey,Beavers,1971-08-30,75,233,,00-0000965,,,,,,,,,,"https://static.www.nfl.com/image/private/f_auto,q_auto/league/zwzswt4i3wp5otlijxgc",BEA792394,,32004245-4179-2394-ef13-89f94e5ac78e,,,
1994,TB,OL,G,0,ACT,Ian Beckles,Ian,Beckles,1967-07-20,73,295,,00-0000979,,,,,,,,,,"https://static.www.nfl.com/image/private/f_auto,q_auto/league/mgocqnnya0vioeqiihsn",BEC586284,,32004245-4358-6284-ef35-9fb2ec17a7f7,,,
1994,CLE,OL,G,0,ACT,Mike Bedosky,Mike,Bedosky,1971-02-13,76,289,,00-0000993,,,,,,,,,,"https://static.www.nfl.com/image/private/f_auto,q_auto/league/a1z5sgggfntavowqddi2",BED567220,,32004245-4456-7220-1128-e93c37fda21b,,,
1994,BUF,WR,WR,0,ACT,Don Beebe,Donald,Beebe,1964-12-18,71,180,,00-0000994,,,,,,,,,,"https://static.www.nfl.com/image/private/f_auto,q_auto/league/nzlopjkas8m5eediym9r",BEE075507,,32004245-4507-5507-9f6b-dbae9a6e563a,,,
1994,DET,LB,LB,0,ACT,Tom Beer,Thomas,Beer,1969-03-27,73,237,,00-0001002,,,,,,,,,,"https://static.www.nfl.com/image/private/f_auto,q_auto/league/djcxmsx9aq4zjbou4z7o",BEE672063,,32004245-4567-2063-6ec8-af6460e2d252,,,
1994,RAM,OL,G,0,ACT,Chuck Belin,Charles,Belin,1970-10-27,74,312,,00-0001011,,,,,,,,,,"https://static.www.nfl.com/image/private/f_auto,q_auto/league/e96jnsfu6r8vp24odizn",BEL126208,,32004245-4c12-6208-89cb-b080ac5e0bdf,,,
1994,WAS,TE,TE,0,ACT,Coleman Bell,Coleman,Bell,1970-04-22,74,232,,00-0001021,,,,,,,,,,"https://static.www.nfl.com/image/private/f_auto,q_auto/league/eh8qj0zu3btodxa5phiz",BEL268702,,32004245-4c26-8702-4bf1-047296875be7,,,
1994,PIT,DB,SAF,0,ACT,Myron Bell,Myron,Bell,1971-09-15,72,203,,00-0001041,,,,,,,,,,"https://static.www.nfl.com/image/private/f_auto,q_auto/league/wlmsq68ep0zui7o7rffx",BEL522748,,32004245-4c52-2748-ab0f-cd81cf14b2ac,,,
1994,WAS,RB,FB,0,ACT,William Bell,William,Bell,1971-07-22,71,203,,00-0001056,,,,,,,,,,"https://static.www.nfl.com/image/private/f_auto,q_auto/league/redeptahiefdu9wclqrq",BEL628365,,32004245-4c62-8365-c5f3-a550df7d28c6,,,
1994,SEA,DB,SAF,20,RES,Jay Bellamy,John,Bellamy,1972-07-08,71,177,,00-0001058,,,,,,,,,,"https://static.www.nfl.com/image/private/f_auto,q_auto/league/lvg23tid66dlvjcenj7j",BEL643257,,32004245-4c64-3257-db03-5747bcb5e192,,,
1994,IND,DB,S,0,ACT,Jason Belser,Jason,Belser,1970-05-28,69,187,,00-0001068,,,,,,,,,,"https://static.www.nfl.com/image/private/f_auto,q_auto/league/ofeycbkyjt4ili4vfftp",BEL773537,,32004245-4c77-3537-aea1-ec870cb66b47,,,
1994,RAI,RB,RB,0,ACT,Wes Bender,Wes,Bender,1970-08-02,70,232,,00-0001078,,,,,,,,,,"https://static.www.nfl.com/image/private/f_auto,q_auto/league/xfqqnin8babhln3fvwe0",BEN010381,,32004245-4e01-0381-523e-208037ff739e,,,
1994,NYJ,DL,DT,0,ACT,Lou Benfatti,Lewis,Benfatti,1971-03-09,76,278,,00-0001082,,,,,,,,,,"https://static.www.nfl.com/image/private/f_auto,q_auto/league/kggih8l7oa5yxdkaodk4",BEN034606,,32004245-4e03-4606-3cf1-8366cbd5a138,,,
1994,BUF,LB,OLB,0,ACT,Cornelius Bennett,Cornelius,Bennett,1965-08-25,75,238,,00-0001100,,,,,,,,,,"https://static.www.nfl.com/image/private/f_auto,q_auto/league/jytxzojtceh8akpnqqgi",BEN311460,,32004245-4e31-1460-440a-83a87c3532dd,,,
1994,KC,RB,RB,0,RES,Donnell Bennett,Donnell,Bennett,1972-09-14,72,241,,00-0001102,,,,,,,,,,"https://static.www.nfl.com/image/private/f_auto,q_auto/league/sjugjsobqac1s5w7syhr",BEN321842,,32004245-4e32-1842-a18d-d8811f2702b9,,,
1994,GB,RB,FB,0,ACT,Edgar Bennett,Edgar,Bennett,1969-02-15,72,216,,00-0001103,,,,,,,,,,"https://static.www.nfl.com/image/private/f_auto,q_auto/league/ypwsi8hiiycvtejvlbvr",BEN341974,,32004245-4e34-1974-fdff-c9973e4b2b25,,,
1994,IND,DL,DE,0,ACT,Tony Bennett,Tony,Bennett,1967-07-01,74,243,,00-0001115,,,,,,,,,,"https://static.www.nfl.com/image/private/f_auto,q_auto/league/et4vjyw2jtcswqkwmakd",BEN456808,,32004245-4e45-6808-d86c-13c4e1fa73db,,,
1994,PHI,SPEC,P,0,CUT,Mitch Berger,Mitchell,Berger,1972-06-24,74,231,,00-0001157,,,,,,,,,,"https://static.www.nfl.com/image/private/f_auto,q_auto/league/mqdccgnykzgp26fl4uuj",BER067954,,32004245-5206-7954-a418-6fe295037024,,,
1994,DEN,RB,RB,0,RES,Rod Bernstine,Rod,Bernstine,1965-02-08,75,238,,00-0001174,,,,,,,,,,"https://static.www.nfl.com/image/private/f_auto,q_auto/league/pjsybp3v70cvn6kp2shu",BER392626,,32004245-5239-2626-f5cd-2957bf66caae,,,
1994,RAM,RB,RB,0,ACT,Jerome Bettis,Jerome,Bettis,1972-02-16,71,243,,00-0001215,,,,,,,,,,"https://static.www.nfl.com/image/private/f_auto,q_auto/league/zqdmcbadbq7eo8tvjwas",BET627285,,32004245-5462-7285-fc69-35fc3ef5a78c,,,
1994,ARI,QB,QB,0,ACT,Steve Beuerlein,Stephen,Beuerlein,1965-03-07,75,209,,00-0001218,,,,,,,,,,"https://static.www.nfl.com/image/private/f_auto,q_auto/league/biuxbpl5hymra8j9wg7i",BEU207645,,32004245-5520-7645-7e0d-a03dcb65ec98,,,
1994,IND,SPEC,K,0,ACT,Dean Biasucci,Dean,Biasucci,1962-07-25,72,190,,00-0001229,,,,,,,,,,"https://static.www.nfl.com/image/private/f_auto,q_auto/league/rt2r54lzvt8e9yxag8tu",BIA622935,,32004249-4162-2935-eece-70c9873185cd,,,
1994,SEA,LB,LB,0,RES,Duane Bickett,Duane,Bickett,1962-12-01,77,245,,00-0001230,,,,,,,,,,"https://static.www.nfl.com/image/private/f_auto,q_auto/league/llvvldbixu52liueesfp",BIC415291,,32004249-4341-5291-fb3f-bf808d83f4b7,,,
1994,RAI,LB,MLB,0,ACT,Greg Biekert,Gregory,Biekert,1969-03-14,74,240,,00-0001232,,,,,,,,,,"https://static.www.nfl.com/image/private/f_auto,q_auto/league/zr91bisjnncvrnqccn3l",BIE397986,,32004249-4539-7986-6776-835c2db858cd,,,
1994,SD,RB,RB,0,ACT,Eric Bieniemy,Eric,Bieniemy,1969-08-15,67,198,,00-0001233,,,,,,,,,,"https://static.www.nfl.com/image/private/f_auto,q_auto/league/ht262xobhq7ecc6pmojf",BIE567220,,32004249-4556-7220-5eae-15313b161f99,,,
1994,SD,SPEC,LS,0,ACT,David Binn,David,Binn,1972-02-06,75,234,,00-0001255,,,,,,,,,,"https://static.www.nfl.com/image/private/f_auto,q_auto/league/xcviqx4jjjh4lgwyyndp",BIN713776,,32004249-4e71-3776-b6ac-6d094eb67190,,,
1994,KC,WR,WR,0,ACT,J.J. Birden,LaJourdain,Birden,1965-06-16,69,165,,00-0001259,,,,,,,,,,"https://static.www.nfl.com/image/private/f_auto,q_auto/league/sfaukgj5epv4jth4aumb",BIR249174,,32004249-5224-9174-ab04-ec105711fb7c,,,
1994,HOU,DB,S,23,ACT,Blaine Bishop,Blaine,Bishop,1970-07-24,69,197,,00-0001266,,,,,,,,,,"https://static.www.nfl.com/image/private/f_auto,q_auto/league/vzmxa3v4lfairjpgzoln",BIS237924,,32004249-5323-7924-5973-40d4fe0a9562,,,
1994,NYG,OL,OT,0,ACT,Greg Bishop,Gregory,Bishop,1971-05-02,77,295,,00-0001267,,,,,,,,,,"https://static.www.nfl.com/image/private/f_auto,q_auto/league/nnxz0ozpukqvvkhftble",BIS359918,,32004249-5335-9918-c791-b510b1f47d4f,,,
1994,TB,TE,TE,0,ACT,Harold Bishop,Harold,Bishop,1970-04-08,76,250,,00-0001268,,,,,,,,,,"https://static.www.nfl.com/image/private/f_auto,q_auto/league/amyn9f4cikhfd9dy7t76",BIS373761,,32004249-5337-3761-bc33-cf577565e16c,,,
1994,SEA,DB,S,25,ACT,Robert Blackmon,Robert,Blackmon,1967-05-12,72,197,,00-0001302,,,,,,,,,,"https://static.www.nfl.com/image/private/f_auto,q_auto/league/ea4pohhksp9slyeu45qr",BLA294151,,3200424c-4129-4151-515b-98947e2f4ec8,,,
1994,SEA,OL,G,0,ACT,Jeff Blackshear,Jeffrey,Blackshear,1969-03-29,78,315,,00-0001307,,,,,,,,,,"https://static.www.nfl.com/image/private/f_auto,q_auto/league/vp5l5hmizwy7obcmxxxo",BLA321835,,3200424c-4132-1835-3ebc-1ddc94c15e34,,,
1994,DET,DB,FS,0,ACT,Bennie Blades,Horatio,Blades,1966-09-03,72,221,,00-0001320,,,,,,,,,,"https://static.www.nfl.com/image/private/f_auto,q_auto/league/bz9iqup7i7gqkhia7xib",BLA415272,,3200424c-4141-5272-5ff7-0e62548812c9,,,
1994,SEA,WR,WR,89,ACT,Brian Blades,Brian,Blades,1965-07-24,71,186,,00-0001321,,,,,,,,,,"https://static.www.nfl.com/image/private/f_auto,q_auto/league/vbxdefulc7devsxnjuln",BLA397969,,3200424c-4139-7969-a6ef-66e0cf57eb9c,,,
1994,CIN,QB,QB,0,ACT,Jeff Blake,Jeffery,Blake,1970-12-04,72,202,,00-0001335,,,,,,,,,,"https://static.www.nfl.com/image/private/f_auto,q_auto/league/pigpwarvjuixfgxbigc8",BLA575324,,3200424c-4157-5324-33a5-1c755d8822d6,,,
1994,NE,QB,QB,11,ACT,Drew Bledsoe,Drew,Bledsoe,1972-02-14,77,233,,00-0001361,,,,,,,,,,"https://static.www.nfl.com/image/private/f_auto,q_auto/league/asbipakyrn90khbmi7xo",BLE195074,,3200424c-4519-5074-5427-598f13f1fba5,,,
1994,KC,QB,QB,0,ACT,Matt Blundin,Matthew,Blundin,1969-03-07,75,233,,00-0001387,,,,,,,,,,"https://static.www.nfl.com/image/private/f_auto,q_auto/league/btpgotmqyae8krjofjac",BLU720399,,3200424c-5572-0399-b286-e9c45d6bf936,,,
1994,SF,OL,OT,0,ACT,Harry Boatswain,Harry,Boatswain,1969-06-26,76,295,,00-0001393,,,,,,,,,,"https://static.www.nfl.com/image/private/f_auto,q_auto/league/blumk30hzenlal9msooh",BOA590634,,3200424f-4159-0634-6fc2-40c457d3ba7a,,,
1994,ARI,OL,G,0,ACT,Brian Bollinger,Brian,Bollinger,1968-11-21,77,285,,00-0001440,,,,,,,,,,"https://static.www.nfl.com/image/private/f_auto,q_auto/league/oa1cufhqmety6dgs0ltl",BOL544716,,3200424f-4c54-4716-5681-1e0b7e1eb693,,,
1994,SF,OL,G,0,TRD,Brian Bollinger,Brian,Bollinger,1968-11-21,77,285,,00-0001440,,,,,,,,,,"https://static.www.nfl.com/image/private/f_auto,q_auto/league/oa1cufhqmety6dgs0ltl",BOL544716,,3200424f-4c54-4716-5681-1e0b7e1eb693,,,
1994,DET,DL,DT,0,ACT,Shane Bonham,Steven,Bonham,1970-10-18,74,260,,00-0001458,,,,,,,,,,"https://static.www.nfl.com/image/private/f_auto,q_auto/league/fj9kktzjhd5peyhpxdm9",BON468534,,3200424f-4e46-8534-cf89-e8bc875fc85f,,,
1994,DAL,SPEC,K,18,ACT,Chris Boniol,Christopher,Boniol,1971-12-09,71,159,,00-0001460,,,,,,,,,,"https://static.www.nfl.com/image/private/f_auto,q_auto/league/zaakjczcwns731sp7avf",BON475633,,3200424f-4e47-5633-5605-42346488b0d9,,,
1994,DEN,WR,WR,0,RES,Melvin Bonner,Melvin,Bonner,1970-02-18,75,207,,00-0001468,,,,,,,,,,"https://static.www.nfl.com/image/private/f_auto,q_auto/league/aampprliydstfpverxdv",BON586269,,3200424f-4e58-6269-5a5a-59110f7df04b,,,
1994,KC,QB,QB,0,ACT,Steve Bono,Steven,Bono,1962-05-11,76,215,,00-0001471,,,,,,,,,,"https://static.www.nfl.com/image/private/f_auto,q_auto/league/krkjgs7ldvznzpqytyc6",BON702801,,3200424f-4e70-2801-37bd-bc0ce0fa7dec,,,
1994,KC,DL,DE,0,ACT,Vaughn Booker,Vaughn,Booker,1968-02-24,77,290,,00-0001481,,,,,,,,,,"https://static.www.nfl.com/image/private/f_auto,q_auto/league/gyii8kwy0vfbebyiohb5",BOO055715,,3200424f-4f05-5715-b2e2-1f80d1c99404,,,
1994,CLE,DB,DB,0,ACT,Issac Booth,Issac,Booth,1971-05-23,75,190,,00-0001493,,,,,,,,,,"https://static.www.nfl.com/image/private/f_auto,q_auto/league/qgspp0nlkjbks1wblmjk",BOO581406,,3200424f-4f58-1406-c568-af00bd78b6e7,,,
1994,NYG,DB,FS,0,ACT,John Booty,John,Booty,1965-10-09,72,180,,00-0001496,,,,,,,,,,"https://static.www.nfl.com/image/private/f_auto,q_auto/league/oxtkb143pyyhlanhhljx",BOO692150,,3200424f-4f69-2150-37cd-0e37c8a99d2e,,,
1994,DET,DB,DB,0,ACT,Jocelyn Borgella,Jocelyn,Borgella,1971-08-26,70,180,,00-0001508,,,,,,,,,,"https://static.www.nfl.com/image/private/f_auto,q_auto/league/b9mkkax56fx8qwtroyyq",BOR408368,,3200424f-5240-8368-9fc3-c12ff7621ce0,,,
1994,CHI,OL,G,0,ACT,Mark Bortz,Mark,Bortz,1961-02-12,78,282,,00-0001516,,,,,,,,,,"https://static.www.nfl.com/image/private/f_auto,q_auto/league/fmuizhkksinhpngmcvhj",BOR719836,,3200424f-5271-9836-4ddd-10b459ae724c,,,
1994,RAM,RB,RB,0,RES,James Bostic,James,Bostic,1972-03-13,71,230,,00-0001525,,,,,,,,,,"https://static.www.nfl.com/image/private/f_auto,q_auto/league/ioersobpj4ga5wchd1dq",BOS429213,,3200424f-5342-9213-3701-87b841322c1c,,,
1994,NO,TE,TE,0,ACT,Kirk Botkin,Kirk,Botkin,1971-03-19,75,233,,00-0001535,,,,,,,,,,"https://static.www.nfl.com/image/private/f_auto,q_auto/league/glq0mzxnlvdz3i8ohvyw",BOT553722,,3200424f-5455-3722-c64c-dd952a65c993,,,
1994,MIN,DL,DT,0,PUP,Frank Boudreaux,Frank,Boudreaux,1970-06-20,77,273,,00-0001537,,,,,,,,,,"https://static.www.nfl.com/image/private/f_auto,q_auto/league/tqyljronraehiwg0qjx2",BOU157116,,3200424f-5515-7116-76c6-9ba38211e4bf,,,
1994,WAS,DL,DT,93,ACT,Marc Boutte,Marc,Boutte,1969-07-25,76,298,,00-0001551,,,,,,,,,,"https://static.www.nfl.com/image/private/f_auto,q_auto/league/yzrwzb1w5j7bfatvotpw",BOU484848,,3200424f-5548-4848-541b-98f0c425490a,,,
1994,DET,OL,G,0,ACT,Shawn Bouwens,Shawn,Bouwens,1968-05-25,76,290,,00-0001552,,,,,,,,,,"https://static.www.nfl.com/image/private/f_auto,q_auto/league/gyp2k9mhphsqvsdklwhy",BOU631240,,3200424f-5563-1240-1f95-1573077ae9ad,,,
1994,NE,RB,RB,0,ACT,Andre Bowden,Ellis,Bowden,1968-04-04,75,235,,00-0001555,,,,,,,,,,"https://static.www.nfl.com/image/private/f_auto,q_auto/league/pkyrtz9z10yyd1mwv0yg",BOW047904,,3200424f-5704-7904-c9b6-a3564f78135e,,,
1994,HOU,LB,LB,58,ACT,Joe Bowden,Joseph,Bowden,1970-02-25,71,230,,00-0001557,,,,,,,,,,"https://static.www.nfl.com/image/private/f_auto,q_auto/league/ska8n8shr2etljdtbzds",BOW054279,,3200424f-5705-4279-c815-bcc5eaa2167a,,,
1994,MIA,DL,DT,0,ACT,Tim Bowens,Timothy,Bowens,1973-02-07,76,317,,00-0001566,,,,,,,,,,"https://static.www.nfl.com/image/private/f_auto,q_auto/league/rzq90nl7r8kmwmvykxtv",BOW137337,,3200424f-5713-7337-ec94-7d9475d75391,,,
1994,MIN,DB,CB,0,ACT,Malik Boyd,Malik,Boyd,1970-11-05,70,175,,00-0001600,,,,,,,,,,"https://static.www.nfl.com/image/private/f_auto,q_auto/league/gy89etxbs17nszwifqym",BOY235594,,3200424f-5923-5594-c449-ea4d1c20b2fa,,,
1994,MIA,LB,LB,0,ACT,Brant Boyer,Brant,Boyer,1971-06-27,73,233,,00-0001611,,,,,,,,,,"https://static.www.nfl.com/image/private/f_auto,q_auto/league/uw8vhq7rtg5qsfa2tups",BOY467175,,3200424f-5946-7175-fad3-eaf44e61cb0c,,,
1994,WAS,DB,DB,0,CUT,Deral Boykin,Deral,Boykin,1970-09-02,71,196,,00-0001615,,,,,,,,,,"https://static.www.nfl.com/image/private/f_auto,q_auto/league/bflewzrkkjdacsvhqho3",BOY595705,,3200424f-5959-5705-1617-fa4f6d08671a,,,
1994,DEN,DB,CB,0,ACT,Ronnie Bradford,Ronnie,Bradford,1970-10-01,70,188,,00-0001630,,,,,,,,,,"https://static.www.nfl.com/image/private/f_auto,q_auto/league/pj4jrjyj6yq1rowv9uui",BRA101224,,32004252-4110-1224-be8c-258c4cb84d4e,,,
1994,TB,LB,LB,0,ACT,Ed Brady,Edward,Brady,1962-06-17,74,235,,00-0001657,,,,,,,,,,"https://static.www.nfl.com/image/private/f_auto,q_auto/league/hbfzpnyv75clj09m88ff",BRA332224,,32004252-4133-2224-a41d-4e1d21b79877,,,
1994,TB,LB,LB,0,ACT,Jeff Brady,Jeffrey,Brady,1968-11-09,73,235,,00-0001658,,,,,,,,,,"https://static.www.nfl.com/image/private/f_auto,q_auto/league/labt6xcilsoenivwcriy",BRA340875,,32004252-4134-0875-62cc-a9907938fa8d,,,
1994,RAM,TE,TE,0,ACT,Rickey Brady,Rickey,Brady,1970-11-19,76,246,,00-0001663,,,,,,,,,,"https://static.www.nfl.com/image/private/f_auto,q_auto/league/yuxd7vmybendoqfoznek",BRA368561,,32004252-4136-8561-9813-27cbeaf8319f,,,
1994,ARI,OL,G,0,TRC,Rich Braham,Richard,Braham,1970-11-06,76,290,,00-0001669,,,,,,,,,,"https://static.www.nfl.com/image/private/f_auto,q_auto/league/z3lpp0frcnvfdihvbtcw",BRA410089,,32004252-4141-0089-baeb-eed3ff396aaa,,,
1994,CIN,OL,G,0,ACT,Rich Braham,Richard,Braham,1970-11-06,76,290,,00-0001669,,,,,,,,,,"https://static.www.nfl.com/image/private/f_auto,q_auto/league/z3lpp0frcnvfdihvbtcw",BRA410089,,32004252-4141-0089-baeb-eed3ff396aaa,,,
1994,SEA,LB,LB,0,ACT,David Brandon,David,Brandon,1965-02-09,76,230,,00-0001684,,,,,,,,,,"https://static.www.nfl.com/image/private/f_auto,q_auto/league/gf3ylnjh0jne5nniihcj",BRA560628,,32004252-4156-0628-2421-51f6ea14f223,,,
1994,ARI,DL,DE,0,CUT,Michael Brandon,Michael,Brandon,1968-07-30,76,290,,00-0001686,,,,,,,,,,"https://static.www.nfl.com/image/private/f_auto,q_auto/league/n7v3cjb2yu8vvyl6qyis",BRA565819,,32004252-4156-5819-4564-fe65ba734ffe,,,
1994,RAM,WR,WR,0,ACT,Chris Brantley,Christopher,Brantley,1970-12-12,70,180,,00-0001692,,,,,,,,,,"https://static.www.nfl.com/image/private/f_auto,q_auto/league/eaczszdr3e5jsojlhtrh",BRA628111,,32004252-4162-8111-64bf-1bb81cce1c97,,,
1994,NYG,DL,DE,0,ACT,Chad Bratzke,Chad,Bratzke,1971-09-15,77,262,,00-0001707,,,,,,,,,,"https://static.www.nfl.com/image/private/f_auto,q_auto/league/qo4wtdrxieskgwfsx8qn",BRA690403,,32004252-4169-0403-ed8c-12eadc4cf7c9,,,
1994,CIN,LB,LB,0,RES,David Braxton,David,Braxton,1965-05-25,74,240,,00-0001711,,,,,,,,,,"https://static.www.nfl.com/image/private/f_auto,q_auto/league/zrjmegdrmwdhxwz73yzi",BRA726740,,32004252-4172-6740-a722-8bcc11afb7cd,,,
1994,MIA,DB,CB,0,ACT,Tyrone Braxton,Tyrone,Braxton,1964-12-17,71,185,,00-0001713,,,,,,,,,,"https://static.www.nfl.com/image/private/f_auto,q_auto/league/s5ahu7msqdl7eyf9kqf5",BRA757886,,32004252-4175-7886-6561-28b4373d87cd,,,
1994,IND,RB,RB,0,ACT,Dewell Brewer,Dewell,Brewer,1970-05-22,68,203,,00-0001743,,,,,,,,,,"https://static.www.nfl.com/image/private/f_auto,q_auto/league/l0wyvxbkgtx2e8hlfegf",BRE638224,,32004252-4563-8224-e960-1720cae25b14,,,
1994,SF,SPEC,K,0,ACT,Doug Brien,Douglas,Brien,1970-11-24,72,177,,00-0001759,,,,,,,,,,"https://static.www.nfl.com/image/private/f_auto,q_auto/league/kufzyvstze8ysudfvgxy",BRI140033,,32004252-4914-0033-8b29-1826c3b64d27,,,
1994,CIN,OL,C,0,ACT,Darrick Brilz,Darrick,Brilz,1964-02-14,75,287,,00-0001773,,,,,,,,,,"https://static.www.nfl.com/image/private/f_auto,q_auto/league/rsshbaxzcgjwmfvpulme",BRI328355,,32004252-4932-8355-eccf-7f1b4809ff19,,,
1994,CIN,DB,CB,0,ACT,Michael Brim,Michael,Brim,1966-01-23,72,192,,00-0001775,,,,,,,,,,"https://static.www.nfl.com/image/private/f_auto,q_auto/league/nnn8bjyhci9c79gmxirn",BRI366985,,32004252-4936-6985-b459-5f4dd7e50303,,,
1994,NE,WR,WR,0,ACT,Vincent Brisby,Vincent,Brisby,1971-01-25,75,188,,00-0001783,,,,,,,,,,"https://static.www.nfl.com/image/private/f_auto,q_auto/league/xiwrg1cbpripmsaasofi",BRI492532,,32004252-4949-2532-4ae7-98b4ce68be84,,,
1994,PHI,QB,QB,0,ACT,Bubby Brister,Walter,Brister,1962-08-15,75,207,,00-0001785,,,,,,,,,,"https://static.www.nfl.com/image/private/f_auto,q_auto/league/lzu8o971sntflaerjakm",BRI521505,,32004252-4952-1505-9c45-3cbdc53f1154,,,
1994,GB,DL,DE,0,ACT,Matt Brock,Matthew,Brock,1966-01-14,77,280,,00-0001798,,,,,,,,,,"https://static.www.nfl.com/image/private/f_auto,q_auto/league/glzdtpm433kxxxlaqehy",BRO037536,,32004252-4f03-7536-64e5-19ebf189abe9,,,
1994,SD,OL,OT,0,ACT,Stan Brock,Stanley,Brock,1958-06-08,78,295,,00-0001803,,,,,,,,,,"https://static.www.nfl.com/image/private/f_auto,q_auto/league/mjoacc0ltpkygck4vuts",BRO051612,,32004252-4f05-1612-323f-add3ebee96c3,,,
1994,SD,QB,QB,0,ACT,Jeff Brohm,Jeffery,Brohm,1971-04-24,73,200,,00-0001810,,,,,,,,,,"https://static.www.nfl.com/image/private/f_auto,q_auto/league/fkz9zihmlkcazibdc3z5",BRO096521,,32004252-4f09-6521-9a34-2a0699994807,,,
1994,BUF,WR,WR,0,ACT,Bill Brooks,William,Brooks,1964-04-06,72,189,,00-0001826,,,,,,,,,,"https://static.www.nfl.com/image/private/f_auto,q_auto/league/ukecrbmiopviabjt2rqz",BRO178296,,32004252-4f17-8296-e9bf-08a22ec81727,,,
1994,BUF,WR,WR,0,RES,Bucky Brooks,William,Brooks,1971-01-22,72,190,,00-0001829,,,,,,,,,,"https://static.www.nfl.com/image/private/f_auto,q_auto/league/ky53xezra6dn5bvv9vvd",BRO175950,,32004252-4f17-5950-cf66-be7f5c368ab5,,,
1994,NYG,LB,OLB,0,ACT,Michael Brooks,Michael,Brooks,1964-09-02,73,235,,00-0001844,,,,,,,,,,"https://static.www.nfl.com/image/private/f_auto,q_auto/league/trfedzifiygko7xsekwg",BRO150144,,32004252-4f15-0144-c7de-17b4b111895c,,,
1994,WAS,RB,RB,0,ACT,Reggie Brooks,Reginald,Brooks,1971-01-19,68,202,,00-0001847,,,,,,,,,,"https://static.www.nfl.com/image/private/f_auto,q_auto/league/mu0i6idh5wwh8luhmp8o",BRO161874,,32004252-4f16-1874-1528-2d148a1a02d9,,,
1994,GB,WR,WR,87,ACT,Robert Brooks,Robert,Brooks,1970-06-23,72,175,,00-0001848,,,,,,,,,,"https://static.www.nfl.com/image/private/f_auto,q_auto/league/lvqow0ubp9hjsnmocubd",BRO166566,,32004252-4f16-6566-6331-dba10c4955ed,,,
1994,RAM,OL,C,0,ACT,Bern Brostek,Bern,Brostek,1966-09-11,75,300,,00-0001857,,,,,,,,,,"https://static.www.nfl.com/image/private/f_auto,q_auto/league/pu9mzpkonz86gbf0qqpm",BRO201756,,32004252-4f20-1756-9631-491ba3c3ea79,,,
1994,MIA,OL,C,0,ACT,Kevin Brothen,Kevin,Brothen,1969-11-16,73,284,,00-0001858,,,,,,,,,,"https://static.www.nfl.com/image/private/f_auto,q_auto/league/ehnmhl20bjg3fa9zrakl",BRO204102,,32004252-4f20-4102-8eea-4066e9623f06,,,
1994,MIA,DL,DE,0,CUT,Willie Broughton,Willie,Broughton,1964-09-09,77,285,,00-0001865,,,,,,,,,,"https://static.www.nfl.com/image/private/f_auto,q_auto/league/ptysndt5y8jgzp6y0d5y",BRO215832,,32004252-4f21-5832-1099-492bdace5311,,,
1994,RAI,DL,DE,0,TRD,Willie Broughton,Willie,Broughton,1964-09-09,77,285,,00-0001865,,,,,,,,,,"https://static.www.nfl.com/image/private/f_auto,q_auto/league/ptysndt5y8jgzp6y0d5y",BRO215832,,32004252-4f21-5832-1099-492bdace5311,,,
1994,CIN,RB,RB,0,RES,Steve Broussard,Steven,Broussard,1967-02-22,67,201,,00-0001868,,,,,,,,,,"https://static.www.nfl.com/image/private/f_auto,q_auto/league/aieafpxmobynobzdxvak",BRO232254,,32004252-4f23-2254-7070-8f98b6d4ce1b,,,
1994,ARI,DL,DE,0,CUT,Chad Brown,Chadrick,Brown,1971-07-09,79,265,,00-0001886,,,,,,,,,,"https://static.www.nfl.com/image/private/f_auto,q_auto/league/jnse4lsmeorfrxjeltbp",BRO300874,,32004252-4f30-0874-894e-929c8cdedb02,,,
1994,PIT,LB,ILB,94,ACT,Chad Brown,Chadwick,Brown,1970-07-12,74,240,,00-0001887,,,,,,,,,,"https://static.www.nfl.com/image/private/f_auto,q_auto/league/psp1kqxbdogqownj8edh",BRO301461,,32004252-4f30-1461-ca6b-f897c9b1de48,,,
1994,NE,DB,SAF,0,ACT,Corwin Brown,Corwin,Brown,1970-04-25,73,192,,00-0001897,,,,,,,,,,"https://static.www.nfl.com/image/private/f_auto,q_auto/league/vchlktdoldkodo0whlhq",BRO358156,,32004252-4f35-8156-fe1f-efb816a9ce6c,,,
1994,PHI,DL,DT,0,RES,Curt Brown,Curt,Brown,1970-04-05,77,260,,00-0001899,,,,,,,,,,"https://static.www.nfl.com/image/private/f_auto,q_auto/league/dqysclxvxufa41bxevjt",BRO359720,,32004252-4f35-9720-9c60-2b2d9c2e5743,,,
1994,NYG,QB,QB,0,ACT,Dave Brown,David,Brown,1970-02-25,78,215,,00-0001907,,,,,,,,,,"https://static.www.nfl.com/image/private/f_auto,q_auto/league/dufnybaaskdsr6ax2sps",BRO381657,,32004252-4f38-1657-1ca6-8a45d2de5956,,,
1994,SF,DL,DE,0,ACT,Dennis Brown,Dennis,Brown,1967-11-06,76,290,,00-0001916,,,,,,,,,,"https://static.www.nfl.com/image/private/f_auto,q_auto/league/mvcb65yt3lwl81ilqltc",BRO389436,,32004252-4f38-9436-c5eb-d2b768dab08c,,,
1994,NO,RB,RB,0,ACT,Derek Brown,Derek,Brown,1971-04-15,69,186,,00-0001918,,,,,,,,,,"https://static.www.nfl.com/image/private/f_auto,q_auto/league/lcqgqc0iqpep97l3hgie",BRO390609,,32004252-4f39-0609-4026-855c9652b34c,,,
1994,NYG,TE,TE,0,ACT,Derek Brown,Derek,Brown,1970-03-31,78,252,,00-0001919,,,,,,,,,,"https://static.www.nfl.com/image/private/f_auto,q_auto/league/k3vc6q3gmcbygtrsiauf",BRO391782,,32004252-4f39-1782-61c8-7aa458bde5d4,,,
1994,GB,OL,OT,0,ACT,Gary Brown,Gary,Brown,1971-06-25,76,288,,00-0001937,,,,,,,,,,"https://static.www.nfl.com/image/private/f_auto,q_auto/league/ml6mms4qvmxy8b9nol5o",BRO442221,,32004252-4f44-2221-64bd-64a9cefffd5f,,,
1994,HOU,RB,RB,0,ACT,Gary Brown,Gary,Brown,1969-07-01,71,233,,00-0001938,,,,,,,,,,"https://static.www.nfl.com/image/private/f_auto,q_auto/league/bflqsfix92hrwlkgaxsh",BRO443394,,32004252-4f44-3394-eada-0fedbe31c2d2,,,
1994,GB,DL,DT,0,RES,Gilbert Brown,Gilbert,Brown,1971-02-22,74,330,,00-0001940,,,,,,,,,,"https://static.www.nfl.com/image/private/f_auto,q_auto/league/kkf1ujnc1zugt94i1opm",BRO452308,,32004252-4f45-2308-b08a-a2e1388968c4,,,
1994,MIA,DB,CB,0,ACT,J.B. Brown,James,Brown,1967-01-05,72,193,,00-0001953,,,,,,,,,,"https://static.www.nfl.com/image/private/f_auto,q_auto/league/a2vu55pouabamfhpdkjd",BRO478584,,32004252-4f47-8584-a2bc-065240bc204a,,,
1994,NYJ,OL,OT,0,ACT,James Brown,James,Brown,1970-01-30,78,321,,00-0001956,,,,,,,,,,"https://static.www.nfl.com/image/private/f_auto,q_auto/league/jdugyii4mwqclr18hafi",BRO481712,,32004252-4f48-1712-c7b7-56ba8e3a8f44,,,
1994,DAL,DB,CB,0,ACT,Larry Brown,Larry,Brown,1969-11-30,71,182,,00-0001984,,,,,,,,,,"https://static.www.nfl.com/image/private/f_auto,q_auto/league/uky6zwubwe9evn0zeitw",BRO527850,,32004252-4f52-7850-f075-894553075a19,,,
1994,DET,OL,OT,0,ACT,Lomas Brown,Lomas,Brown,1963-03-30,76,287,,00-0001990,,,,,,,,,,"https://static.www.nfl.com/image/private/f_auto,q_auto/league/ogeu3kkjwnpbqrhjg7bw",BRO548964,,32004252-4f54-8964-90de-014b8453cf6e,,,
1994,BUF,LB,LB,0,RES,Monty Brown,Montague,Brown,1970-04-13,73,228,,00-0002003,,,,,,,,,,"https://static.www.nfl.com/image/private/f_auto,q_auto/league/u1df2rgftzyygldmcy02",BRO565386,,32004252-4f56-5386-fa16-38571918d630,,,
1994,CLE,OL,OT,0,ACT,Orlando Brown,Orlando,Brown,1970-12-12,79,325,,00-0002012,,,,,,,,,,"https://static.www.nfl.com/image/private/f_auto,q_auto/league/e40yis0nb0q00ymfr2u6",BRO570078,,32004252-4f57-0078-e687-f7b342465cfe,,,
1994,WAS,OL,G,0,ACT,Ray Brown,Leonard,Brown,1962-12-12,77,312,,00-0002020,,,,,,,,,,"https://static.www.nfl.com/image/private/f_auto,q_auto/league/xdwhokzijbzg4qjhj9jp",BRO547288,,32004252-4f54-7288-9772-605cbfa0da34,,,
1994,MIN,LB,LB,0,ACT,Richard Brown,Richard,Brown,1965-09-21,75,240,,00-0002031,,,,,,,,,,"https://static.www.nfl.com/image/private/f_auto,q_auto/league/dt9dm81vd5kolikcch68",BRO619344,,32004252-4f61-9344-f78a-4f9ba81e0a57,,,
1994,RAI,WR,WR,81,ACT,Tim Brown,Timothy,Brown,1966-07-22,72,195,,00-0002058,,,,,,,,,,"https://static.www.nfl.com/image/private/f_auto,q_auto/league/ra9kiq4ocliinelsnhlw",BRO736644,,32004252-4f73-6644-9e13-32296335558c,,,
1994,SEA,DB,CB,0,ACT,Tony Brown,Anthony,Brown,1970-05-15,69,183,,00-0002067,,,,,,,,,,"https://static.www.nfl.com/image/private/f_auto,q_auto/league/pqqbbqdnmgob6xmltnbz",BRO265098,,32004252-4f26-5098-4c3f-762e6c0380f7,,,
1994,NE,WR,WR,0,ACT,Troy Brown,Troy,Brown,1971-07-02,70,190,,00-0002068,,,,,,,,,,"https://static.www.nfl.com/image/private/f_auto,q_auto/league/tejmydwbvuqydw2w3dd2",BRO741336,,32004252-4f74-1336-ba23-293b03f398d8,,,
1994,NE,LB,ILB,0,ACT,Vincent Brown,Vincent,Brown,1965-01-09,74,245,,00-0002073,,,,,,,,,,"https://static.www.nfl.com/image/private/f_auto,q_auto/league/mmmmrpszlt9rppi7tmte",BRO746028,,32004252-4f74-6028-af65-a1ee917561a9,,,
1994,DAL,LB,LB,0,ACT,Darrick Brownlow,Darrick,Brownlow,1968-12-28,70,235,,00-0002096,,,,,,,,,,"https://static.www.nfl.com/image/private/f_auto,q_auto/league/mamfyo7nok6lzl3corvz",BRO828188,,32004252-4f82-8188-5b19-c026fb2d90a8,,,
1994,RAI,DL,DE,0,ACT,Aundray Bruce,Aundray,Bruce,1966-04-30,77,260,,00-0002097,,,,,,,,,,"https://static.www.nfl.com/image/private/f_auto,q_auto/league/pbijjuljh7qglcpjj853",BRU048856,,32004252-5504-8856-8f7d-de0b3564a60b,,,
1994,RAM,WR,WR,80,RES,Isaac Bruce,Isaac,Bruce,1972-11-10,72,178,,00-0002099,,,,,,,,,,"https://static.www.nfl.com/image/private/f_auto,q_auto/league/txgl2lvmyu3m28cltnib",BRU085284,,32004252-5508-5284-f394-5e776b7d5d81,,,
1994,CIN,OL,OT,72,ACT,Scott Brumfield,Scott,Brumfield,1970-08-19,80,320,,00-0002107,,,,,,,,,,"https://static.www.nfl.com/image/private/f_auto,q_auto/league/dmlecf1i8xc430yse4mf",BRU424276,,32004252-5542-4276-b3fa-7b9ac33caa4e,,,
1994,GB,QB,QB,0,ACT,Mark Brunell,Mark,Brunell,1970-09-17,73,208,,00-0002110,,,,,,,,,,"https://static.www.nfl.com/image/private/f_auto,q_auto/league/p91vbvdb7ik4fcjuo7ym",BRU575022,,32004252-5557-5022-ece0-cf2096eec69e,,,
1994,SEA,RB,RB,0,ACT,Beno Bryant,Wilson,Bryant,1971-01-01,69,185,,00-0002132,,,,,,,,,,"https://static.www.nfl.com/image/private/f_auto,q_auto/league/o4gvas1qwuob1eubradh",BRY797688,,32004252-5979-7688-78e5-fbbc5b8cecda,,,
1994,SEA,LB,LB,0,CUT,Steve Bryant,Steve,Bryant,1971-07-02,75,240,,00-0002149,,,,,,,,,,"https://static.www.nfl.com/image/private/f_auto,q_auto/league/kakvhh5wseo1xuiuyg1u",BRY575295,,32004252-5957-5295-6b44-28c0cb02c9c7,,,
1994,IND,DB,FS,0,ACT,Ray Buchanan,Raymond,Buchanan,1971-09-29,69,193,,00-0002166,,,,,,,,,,"https://static.www.nfl.com/image/private/f_auto,q_auto/league/mo10ppgfyt6acjwwmqs0",BUC184360,,32004255-4318-4360-2e1a-dce1e8f93afb,,,
1994,RAM,WR,WR,0,RES,Richard Buchanan,Richard,Buchanan,1969-05-08,70,178,,00-0002167,,,,,,,,,,"https://static.www.nfl.com/image/private/f_auto,q_auto/league/cdum8hug0oijpssfwcet",BUC193360,,32004255-4319-3360-f6e5-f0f97cd5429c,,,
1994,NO,DB,FS,0,ACT,Vince Buck,Vincent,Buck,1968-01-12,72,198,,00-0002176,,,,,,,,,,"https://static.www.nfl.com/image/private/f_auto,q_auto/league/bf8dqtvfc7uzsz8d5tlc",BUC474612,,32004255-4347-4612-ee6b-36cc4332a3af,,,
1994,TB,DB,SAF,0,ACT,Curtis Buckley,Curtis,Buckley,1970-09-25,72,185,,00-0002180,,,,,,,,,,"https://static.www.nfl.com/image/private/f_auto,q_auto/league/ljzpszxvrzoesbrtw1hl",BUC661867,,32004255-4366-1867-8b09-0f10b0eb7340,,,
1994,NYG,LB,LB,0,ACT,Marcus Buckley,Marcus,Buckley,1971-02-03,75,235,,00-0002184,,,,,,,,,,"https://static.www.nfl.com/image/private/f_auto,q_auto/league/m8w2bolyttxuoemn7p5y",BUC677967,,32004255-4367-7967-5069-3f3b533202c1,,,
1994,GB,DB,CB,0,ACT,Terrell Buckley,Douglas,Buckley,1971-06-07,70,176,,00-0002185,,,,,,,,,,"https://static.www.nfl.com/image/private/f_auto,q_auto/league/xngyzzkcgydr9zynmhiy",BUC667117,,32004255-4366-7117-3be9-587ab31793ed,,,
1994,PIT,DL,DE,0,ACT,Brentson Buckner,Brentson,Buckner,1971-09-30,74,305,,00-0002186,,,,,,,,,,"https://static.www.nfl.com/image/private/f_auto,q_auto/league/hhizj9br8f9pxfpph61d",BUC764969,,32004255-4376-4969-770a-2fe80ea336e9,,,
1994,MIA,LB,LB,0,RES,Chuck Bullough,Charles,Bullough,1969-03-03,73,234,,00-0002211,,,,,,,,,,"https://static.www.nfl.com/image/private/f_auto,q_auto/league/yit5qogsilsd8840mrfe",BUL593931,,32004255-4c59-3931-8221-cc4e91402d03,,,
1994,RAI,RB,FB,0,CUT,Jarrod Bunch,Jarrod,Bunch,1968-08-09,74,250,,00-0002215,,,,,,,,,,"https://static.www.nfl.com/image/private/f_auto,q_auto/league/mnzk0z93gbnuirgglemp",BUN115822,,32004255-4e11-5822-ab1b-fc2dfde46b0e,,,
1994,DEN,OL,C,0,ACT,Joe Burch,Joe,Burch,1971-08-08,74,278,,00-0002226,,,,,,,,,,"https://static.www.nfl.com/image/private/f_auto,q_auto/league/z8u1xcgchlwdggqx9lvo",BUR022245,,32004255-5202-2245-95c8-30e41034415c,,,
1994,CHI,DL,DT,63,ACT,Todd Burger,Todd,Burger,1970-03-20,75,296,,00-0002236,,,,,,,,,,"https://static.www.nfl.com/image/private/f_auto,q_auto/league/po7yrz6gslekq8nqkrug",BUR068220,,32004255-5206-8220-3786-82dde9ad3d5b,,,
1994,NE,TE,TE,0,ACT,John Burke,John,Burke,1971-09-07,75,255,,00-0002250,,,,,,,,,,"https://static.www.nfl.com/image/private/f_auto,q_auto/league/bb2udyminys55jdmtfro",BUR182909,,32004255-5218-2909-4696-b4aa57f46c2b,,,
1994,CLE,DL,DE,0,ACT,Rob Burnett,Robert,Burnett,1967-08-27,76,280,,00-0002294,,,,,,,,,,"https://static.www.nfl.com/image/private/f_auto,q_auto/league/j2boeg3e2ozkj2pprgzb",BUR435028,,32004255-5243-5028-19eb-cf2589120f0e,,,
1994,DEN,LB,LB,0,ACT,Keith Burns,Keith,Burns,1972-05-16,74,245,,00-0002312,,,,,,,,,,"https://static.www.nfl.com/image/private/f_auto,q_auto/league/pe5cbuttvyrtz12hduuv",BUR522598,,32004255-5252-2598-ae0f-ce2b7ccdd208,,,
1994,BUF,DB,DB,0,ACT,Jeff Burris,Jeffrey,Burris,1972-06-07,72,204,,00-0002328,,,,,,,,,,"https://static.www.nfl.com/image/private/f_auto,q_auto/league/vk7fnibswehatjilczfd",BUR608050,,32004255-5260-8050-1fa8-2d7a86358314,,,
1994,CHI,DB,CB,35,ACT,James Burton,James,Burton,1971-04-27,69,185,,00-0002355,,,,,,,,,,"https://static.www.nfl.com/image/private/f_auto,q_auto/league/idw1gibvosuxw5taxqhv",BUR768714,,32004255-5276-8714-cb4d-b320075ea3a8,,,
1994,DET,OL,C,0,ACT,Leonard Burton,Leonard,Burton,1964-06-18,75,275,,00-0002359,,,,,,,,,,"https://static.www.nfl.com/image/private/f_auto,q_auto/league/vwvgp8uyb1q6asxoutol",BUR781073,,32004255-5278-1073-ee8e-d8e14552558a,,,
1994,RAM,OL,C,0,ACT,Blair Bush,Blair,Bush,1956-11-25,75,275,,00-0002371,,,,,,,,,,"https://static.www.nfl.com/image/private/f_auto,q_auto/league/rlzuovayivyvxakwny4o",BUS195428,,32004255-5319-5428-5178-f53ab41dbd19,,,
1994,SD,LB,LB,0,ACT,Lewis Bush,Lewis,Bush,1969-12-02,74,245,,00-0002377,,,,,,,,,,"https://static.www.nfl.com/image/private/f_auto,q_auto/league/nnziotkhrbpxukwg2e9r",BUS268713,,32004255-5326-8713-d8fb-ada207418862,,,
1994,TB,LB,OLB,0,ACT,Barney Bussey,Barney,Bussey,1962-05-20,72,210,,00-0002386,,,,,,,,,,"https://static.www.nfl.com/image/private/f_auto,q_auto/league/c2uwtpqnaqjn0tge1ab0",BUS683998,,32004255-5368-3998-d125-a53a2b96fbbc,,,
1994,IND,LB,LB,0,ACT,Paul Butcher,Paul,Butcher,1963-11-08,72,230,,00-0002394,,,,,,,,,,"https://static.www.nfl.com/image/private/f_auto,q_auto/league/yv4w2pdp8igxt1pk86vk",BUT025955,,32004255-5402-5955-c0e3-e0dcc44266d9,,,
1994,CHI,SPEC,K,0,ACT,Kevin Butler,Kevin,Butler,1962-07-24,72,204,,00-0002422,,,,,,,,,,"https://static.www.nfl.com/image/private/f_auto,q_auto/league/d9plpnlmfydnx2sxbdu8",BUT441235,,32004255-5444-1235-8cbe-dfa5183fdd99,,,
1994,GB,DB,S,36,ACT,LeRoy Butler,LeRoy,Butler,1968-07-19,72,193,,00-0002424,,,,,,,,,,"https://static.www.nfl.com/image/private/f_auto,q_auto/league/xtmullwdkw6p2mc6mmnt",BUT467190,,32004255-5446-7190-5bde-917681893e23,,,
1994,NE,RB,RB,0,ACT,Marion Butts,Marion,Butts,1966-08-01,73,248,,00-0002440,,,,,,,,,,"https://static.www.nfl.com/image/private/f_auto,q_auto/league/tjtn064dewwiwi8hzfej",BUT778650,,32004255-5477-8650-ebbb-e07d8a612610,,,
1994,DEN,DB,CB,0,ACT,Butler By'Not'e,Butler,By'Not'e,1972-09-29,69,190,,00-0002449,,,,,,,,,,"https://static.www.nfl.com/image/private/f_auto,q_auto/league/hgvtqnoid8d883it245n",BYN449899,,32004259-4e44-9899-d8fa-4a7144b5a870,,,
1994,MIA,RB,RB,41,RES,Keith Byars,Keith,Byars,1963-10-14,73,256,,00-0002451,,,,,,,,,,"https://static.www.nfl.com/image/private/f_auto,q_auto/league/c8a1esk5k8h2ydb1uerp",BYA276861,,32004259-4127-6861-70b0-d5384d2d21b5,,,
1994,CLE,RB,RB,0,ACT,Earnest Byner,Earnest,Byner,1962-09-15,70,215,,00-0002458,,,,,,,,,,"https://static.www.nfl.com/image/private/f_auto,q_auto/league/yb7xgclmqv5l26cqogzg",BYN276861,,32004259-4e27-6861-4144-5ce935c1e51f,,,
1994,NO,DB,CB,0,ACT,Israel Byrd,Israel,Byrd,1971-02-01,71,184,,00-0002470,,,,,,,,,,"https://static.www.nfl.com/image/private/f_auto,q_auto/league/slokewbqoat1z2jkepsl",BYR438361,,32004259-5243-8361-e9a7-49afc889ec62,,,
1994,CIN,OL,G,0,ACT,Dave Cadigan,David,Cadigan,1965-04-06,76,280,,00-0002491,,,,,,,,,,"https://static.www.nfl.com/image/private/f_auto,q_auto/league/arqg0kuojaefxk3tnzzf",CAD415290,,32004341-4441-5290-b38c-88f732aff854,,,
1994,NYJ,LB,LB,0,ACT,Glenn Cadrez,Glenn,Cadrez,1970-01-02,75,240,,00-0002493,,,,,,,,,,"https://static.www.nfl.com/image/private/f_auto,q_auto/league/btobjj3j8xwqmh9atnz1",CAD642710,,32004341-4464-2710-11fb-3ef52a6a2e5c,,,
1994,MIA,DL,DT,0,CUT,Mark Caesar,Mark,Caesar,1970-01-12,74,295,,00-0002495,,,,,,,,,,"https://static.www.nfl.com/image/private/f_auto,q_auto/league/yhfdeotlc8bp0i7ezojn",CAE604524,,32004341-4560-4524-f857-6e1ac64557a3,,,
1994,CHI,LB,OLB,59,ACT,Joe Cain,Joseph,Cain,1965-06-11,73,233,,00-0002502,,,,,,,,,,"https://static.www.nfl.com/image/private/f_auto,q_auto/league/vf9qpunbdbxsjvkmngy7",CAI415290,,32004341-4941-5290-dfe5-23c9408fc4d4,,,
1994,CLE,LB,LB,0,ACT,Mike Caldwell,Isaiah,Caldwell,1971-08-31,74,235,,00-0002518,,,,,,,,,,"https://static.www.nfl.com/image/private/f_auto,q_auto/league/vaptghdgp920u2k4rjdz",CAL286747,,32004341-4c28-6747-cb07-99a1542e503f,,,
1994,NYG,WR,WR,0,ACT,Chris Calloway,Christopher,Calloway,1968-03-29,70,185,,00-0002544,,,,,,,,,,"https://static.www.nfl.com/image/private/f_auto,q_auto/league/zttcfvieeohnynyu4lpa",CAL719836,,32004341-4c71-9836-19be-8ffe552f40a2,,,
1994,HOU,SPEC,P,0,ACT,Rich Camarillo,Richard,Camarillo,1959-11-29,71,195,,00-0002549,,,,,,,,,,"https://static.www.nfl.com/image/private/f_auto,q_auto/league/xm3xnm9ggd9ilbmlwf8z",CAM019315,,32004341-4d01-9315-4b88-05478b17315d,,,
1994,DEN,WR,WR,0,ACT,Jeff Campbell,Jeffrey,Campbell,1968-03-29,68,167,,00-0002576,,,,,,,,,,"https://static.www.nfl.com/image/private/f_auto,q_auto/league/bsd4wvbok4dydchuvryf",CAM386300,,32004341-4d38-6300-8cc7-40cc1161c55a,,,
1994,NYG,DB,FS,0,ACT,Jesse Campbell,Jesse,Campbell,1969-04-11,73,215,,00-0002577,,,,,,,,,,"https://static.www.nfl.com/image/private/f_auto,q_auto/league/qhnj6jrlifeq2ojoieaa",CAM394550,,32004341-4d39-4550-a36e-fc113b11859e,,,
1994,HOU,QB,QB,0,ACT,Cody Carlson,Matthew,Carlson,1963-11-05,75,202,,00-0002642,,,,,,,,,,"https://static.www.nfl.com/image/private/f_auto,q_auto/league/zqe8bpj3sz3gj7xmlurz",CAR158184,,32004341-5215-8184-6c5b-9be1aa499287,,,
1994,SD,SPEC,K,0,ACT,John Carney,John,Carney,1964-04-20,71,170,,00-0002655,,,,,,,,,,"https://static.www.nfl.com/image/private/f_auto,q_auto/league/vayogcgph7k6j3uhza5d",CAR243867,,32004341-5224-3867-1223-418051f03b99,,,
1994,SF,TE,TE,0,ACT,Brett Carolan,Brett,Carolan,1971-03-16,75,241,,00-0002656,,,,,,,,,,"https://static.www.nfl.com/image/private/f_auto,q_auto/league/w3n2xchjapruj6hdjicu",CAR247162,,32004341-5224-7162-e1f2-4cf27aa45429,,,
1994,NYJ,WR,WR,0,CUT,Rob Carpenter,Robert,Carpenter,1968-08-01,74,190,,00-0002668,,,,,,,,,,"https://static.www.nfl.com/image/private/f_auto,q_auto/league/sg58qe9awqni6r2dapaa",CAR313072,,32004341-5231-3072-c9bc-d0d9f2fad6b3,,,
1994,CLE,WR,WR,0,ACT,Mark Carrier,John,Carrier,1965-10-28,72,185,,00-0002687,,,,,,,,,,"https://static.www.nfl.com/image/private/f_auto,q_auto/league/jgra2bhgwagjwyunp5wr",CAR474552,,32004341-5247-4552-5016-520ca99a5988,,,
1994,CHI,DB,FS,20,ACT,Mark Carrier,Mark,Carrier,1968-04-28,73,192,,00-0002688,,,,,,,,,,"https://static.www.nfl.com/image/private/f_auto,q_auto/league/ftqmpwprcj4cqhq0clgz",CAR481143,,32004341-5248-1143-2151-7c29471e884f,,,
1994,SD,DB,S,0,ACT,Darren Carrington,Darren,Carrington,1966-10-10,74,200,,00-0002691,,,,,,,,,,"https://static.www.nfl.com/image/private/f_auto,q_auto/league/a8kdy6ujftr8dqgtcbcc",CAR487734,,32004341-5248-7734-2992-96ad4506bd84,,,
1994,NO,DL,DE,0,ACT,Herman Carroll,Herman,Carroll,1971-06-20,76,265,,00-0002692,,,,,,,,,,"https://static.www.nfl.com/image/private/f_auto,q_auto/league/uvgadyiijudascjbjqw9",CAR518052,,32004341-5251-8052-a70a-2e49eb32b894,,,
1994,DEN,TE,TE,0,ACT,Dwayne Carswell,Dwayne,Carswell,1972-01-18,75,261,,00-0002709,,,,,,,,,,"https://static.www.nfl.com/image/private/f_auto,q_auto/league/xuse1m2bepq6y1t9gcnj",CAR604724,,32004341-5260-4724-595e-238cd394cb96,,,
1994,DET,WR,WR,0,ACT,Anthony Carter,Anthony,Carter,1960-09-17,71,162,,00-0002712,,,,,,,,,,"https://static.www.nfl.com/image/private/f_auto,q_auto/league/i29qbx0wpfyv6szk04nv",CAR612963,,32004341-5261-2963-7e3e-5ed86fc0e44a,,,
1994,CHI,RB,RB,30,ACT,Tony Carter,Antonio,Carter,1972-08-23,72,216,,00-0002713,,,,,,,,,,"https://static.www.nfl.com/image/private/f_auto,q_auto/league/sda9g8npaf7fm1t59rws",CAR614610,,32004341-5261-4610-c568-1a2d183d9e02,,,
1994,GB,LB,LB,0,ACT,Bernard Carter,Edward,Carter,1971-08-22,75,245,,00-0002715,,,,,,,,,,"https://static.www.nfl.com/image/private/f_auto,q_auto/league/c0nyuqzxbxlkrmpbdnqw",CAR648115,,32004341-5264-8115-58db-41a5fee0be1c,,,
1994,MIN,WR,WR,80,ACT,Cris Carter,Christopher,Carter,1965-11-25,75,194,,00-0002721,,,,,,,,,,"https://static.www.nfl.com/image/private/f_auto,q_auto/league/tb52fk83tmdpmbzwliuk",CAR632736,,32004341-5263-2736-118c-c8f710d298e2,,,
1994,KC,DB,CB,34,ACT,Dale Carter,Dale,Carter,1969-11-28,73,188,,00-0002722,,,,,,,,,,"https://static.www.nfl.com/image/private/f_auto,q_auto/league/p0lamz2eofttqjhqvcva",CAR636031,,32004341-5263-6031-9ce4-c8faa4e776aa,,,
1994,SF,RB,RB,0,ACT,Dexter Carter,Dexter,Carter,1967-09-15,69,174,,00-0002727,,,,,,,,,,"https://static.www.nfl.com/image/private/f_auto,q_auto/league/m3mpjilu3poypskxfaje",CAR645918,,32004341-5264-5918-cbe1-0d457ceb8b5e,,,
1994,TB,DB,S,0,ACT,Marty Carter,Marty,Carter,1969-12-17,73,200,,00-0002748,,,,,,,,,,"https://static.www.nfl.com/image/private/f_auto,q_auto/league/jtnr1calwawcvc250tbz",CAR716512,,32004341-5271-6512-dc11-c81ef9aee87c,,,
1994,HOU,TE,TE,0,ACT,Pat Carter,Wendell,Carter,1966-08-01,76,258,,00-0002753,,,,,,,,,,"https://static.www.nfl.com/image/private/f_auto,q_auto/league/brzbqtepswp00tunieub",CAR774442,,32004341-5277-4442-56f3-28887b2e4b6b,,,
1994,WAS,DB,CB,0,ACT,Tom Carter,Thomas,Carter,1972-09-05,72,181,,00-0002765,,,,,,,,,,"https://static.www.nfl.com/image/private/f_auto,q_auto/league/vms6glvrufub27nzweri",CAR746980,,32004341-5274-6980-a741-803d23b072ce,,,
1994,NE,LB,LB,0,CUT,Jason Carthen,Jason,Carthen,1970-11-16,75,255,,00-0002769,,,,,,,,,,"https://static.www.nfl.com/image/private/f_auto,q_auto/league/dn7hgk2grsvq8i3wwhgy",CAR787624,,32004341-5278-7624-9e40-08b84231b376,,,
1994,DAL,DL,DE,96,ACT,Shante Carver,Shante,Carver,1971-02-12,77,240,,00-0002780,,,,,,,,,,"https://static.www.nfl.com/image/private/f_auto,q_auto/league/z6qc8txxzjqvaliango0",CAR820579,,32004341-5282-0579-f885-c8d217363f0c,,,
1994,ATL,DB,DB,0,ACT,Scott Case,Jeffrey,Case,1962-05-17,73,188,,00-0002786,,,,,,,,,,"https://static.www.nfl.com/image/private/f_auto,q_auto/league/pwwkffu7vpeklkrtz0i3",CAS100676,,32004341-5310-0676-66af-92677454fdd0,,,
1994,KC,TE,TE,0,ACT,Keith Cash,Keith,Cash,1969-08-07,76,240,,00-0002792,,,,,,,,,,"https://static.www.nfl.com/image/private/f_auto,q_auto/league/wxzku6tmfzks92udp8xt",CAS278432,,32004341-5327-8432-a55b-11a35f45b16d,,,
1994,IND,TE,TE,0,ACT,Kerry Cash,Kerry,Cash,1969-08-07,76,252,,00-0002793,,,,,,,,,,"https://static.www.nfl.com/image/private/f_auto,q_auto/league/vqhswvrwjpmrnq8hnn9r",CAS280005,,32004341-5328-0005-2137-64326ab5c8a0,,,
1994,NYJ,DL,DT,0,ACT,Tony Casillas,Tony,Casillas,1963-10-26,75,280,,00-0002794,,,,,,,,,,"https://static.www.nfl.com/image/private/f_auto,q_auto/league/jwubkzf9506bsqgfygx7",CAS327197,,32004341-5332-7197-c2de-3df0db74bdd8,,,
1994,SD,DB,SAF,0,ACT,Eric Castle,Eric,Castle,1970-03-15,75,212,,00-0002806,,,,,,,,,,"https://static.www.nfl.com/image/private/f_auto,q_auto/league/rrym6ybjrbybcyubuw19",CAS767654,,32004341-5376-7654-3673-c8f34cc9a04c,,,
1994,ARI,RB,FB,37,ACT,Larry Centers,Larry,Centers,1968-06-01,72,203,,00-0002846,,,,,,,,,,"https://static.www.nfl.com/image/private/f_auto,q_auto/league/sh7w1wpurvkvvggkvf1m",CEN553722,,32004345-4e55-3722-b4d9-2fa8b1f7e832,,,
1994,PHI,DL,DE,0,RES,Mike Chalenski,Michael,Chalenski,1970-01-28,77,288,,00-0002860,,,,,,,,,,"https://static.www.nfl.com/image/private/f_auto,q_auto/league/awpl5fovgc755zaonagc",CHA032919,,32004348-4103-2919-ef1e-fa3c0ef586b8,,,
1994,RAM,QB,QB,0,ACT,Chris Chandler,Christopher,Chandler,1965-10-12,76,225,,00-0002876,,,,,,,,,,"https://static.www.nfl.com/image/private/f_auto,q_auto/league/yrkv7xnpwcfljbhpgz6w",CHA222838,,32004348-4122-2838-886c-316b57f3d3ce,,,
1994,HOU,DL,DT,0,ACT,Ray Childress,Raymond,Childress,1962-10-20,78,272,,00-0002947,,,,,,,,,,"https://static.www.nfl.com/image/private/f_auto,q_auto/league/ji7ln4en83id86vjl4ho",CHI387604,,32004348-4938-7604-5789-6b9bef397e4a,,,
1994,GB,TE,TE,0,ACT,Mark Chmura,Mark,Chmura,1969-02-22,77,245,,00-0002958,,,,,,,,,,"https://static.www.nfl.com/image/private/f_auto,q_auto/league/kzqqr8cfkggheztekg14",CHM652601,,32004348-4d65-2601-ff69-23e2e49f1214,,,
1994,CHI,RB,RB,0,RES,Bob Christian,Robert,Christian,1968-11-14,71,225,,00-0002970,,,,,,,,,,"https://static.www.nfl.com/image/private/f_auto,q_auto/league/t1o81bpnihwhsofw3gdc",CHR364011,,32004348-5236-4011-16dd-1e8883f98490,,,
1994,BUF,SPEC,K,0,ACT,Steve Christie,Geoffrey,Christie,1967-11-13,72,185,,00-0002975,,,,,,,,,,"https://static.www.nfl.com/image/private/f_auto,q_auto/league/mhh2trle2wz2yo3obn60",CHR498348,,32004348-5249-8348-1f71-3122aee08be5,,,
1994,MIN,OL,C,0,ACT,Jeff Christy,Jeffrey,Christy,1969-02-03,75,277,,00-0002983,,,,,,,,,,"https://static.www.nfl.com/image/private/f_auto,q_auto/league/doweshzqehlhr4rng1fl",CHR758848,,32004348-5275-8848-4672-41271e2d102d,,,
1994,NE,OL,G,0,ACT,Eugene Chung,Yon,Chung,1969-06-14,76,295,,00-0002990,,,,,,,,,,"https://static.www.nfl.com/image/private/f_auto,q_auto/league/th5xmelrbcony8igflqi",CHU131144,,32004348-5513-1144-cedc-b6c022a3f16d,,,
1994,DEN,RB,RB,0,ACT,Derrick Clark,Derrick,Clark,1971-05-04,73,235,,00-0003033,,,,,,,,,,"https://static.www.nfl.com/image/private/f_auto,q_auto/league/ih8va5uejsxthzhizkv6",CLA255910,,3200434c-4125-5910-1843-c9788adbc6e1,,,
1994,ARI,WR,WR,0,ACT,Gary Clark,Gary,Clark,1962-05-01,69,173,,00-0003038,,,,,,,,,,"https://static.www.nfl.com/image/private/f_auto,q_auto/league/xrwtecojststjlvqazke",CLA309024,,3200434c-4130-9024-416f-66137e2275a2,,,
1994,PIT,LB,LB,0,CUT,Reggie Clark,Reggie,Clark,1967-10-17,74,238,,00-0003059,,,,,,,,,,"https://static.www.nfl.com/image/private/f_auto,q_auto/league/clt6xiqfsrhyjlaqrhaq",CLA533894,,3200434c-4153-3894-bd89-a5a026f5e33c,,,
1994,ATL,DB,CB,0,TRT,Vinnie Clark,Vincent,Clark,1969-01-22,72,192,,00-0003074,,,,,,,,,,"https://static.www.nfl.com/image/private/f_auto,q_auto/league/jlwq96mj5ahlf5oarp7k",CLA585858,,3200434c-4158-5858-d4bc-9d73b85e18a6,,,
1994,NO,DB,CB,0,ACT,Vinnie Clark,Vincent,Clark,1969-01-22,72,192,,00-0003074,,,,,,,,,,"https://static.www.nfl.com/image/private/f_auto,q_auto/league/jlwq96mj5ahlf5oarp7k",CLA585858,,3200434c-4158-5858-d4bc-9d73b85e18a6,,,
1994,SD,DB,CB,0,ACT,Willie Clark,Willie,Clark,1972-01-06,70,186,,00-0003075,,,,,,,,,,"https://static.www.nfl.com/image/private/f_auto,q_auto/league/uvrmxxc08prddjmm5ttq",CLA613219,,3200434c-4161-3219-2c11-e0288b3e9f75,,,
1994,DET,DB,S,0,ACT,Willie Clay,Willie,Clay,1970-09-05,70,184,,00-0003093,,,,,,,,,,"https://static.www.nfl.com/image/private/f_auto,q_auto/league/qxmvwnovlsg9jovjpltk",CLA767731,,3200434c-4176-7731-a492-146614083bfa,,,
1994,NYJ,LB,MLB,0,ACT,Kyle Clifton,Ronald,Clifton,1962-08-23,76,236,,00-0003125,,,,,,,,,,"https://static.www.nfl.com/image/private/f_auto,q_auto/league/sdyx7iqra6kdny91fv2r",CLI083058,,3200434c-4908-3058-22c8-e34d0a7bd3b9,,,
1994,NE,TE,TE,87,ACT,Ben Coates,Ben,Coates,1969-08-16,77,245,,00-0003142,,,,,,,,,,"https://static.www.nfl.com/image/private/f_auto,q_auto/league/ih0cnctc2jkc0c67gpch",COA653214,,3200434f-4165-3214-2ec2-4a6eb0de9b15,,,
1994,GB,RB,RB,0,ACT,Reggie Cobb,Reginald,Cobb,1968-07-07,73,215,,00-0003150,,,,,,,,,,"https://static.www.nfl.com/image/private/f_auto,q_auto/league/lr5jrfrdfmwtsdhpzn8p",COB377535,,3200434f-4237-7535-da24-d49d1fb0608b,,,
1994,CHI,RB,RB,0,ACT,Trevor Cobb,Trevor,Cobb,1970-11-20,69,190,,00-0003154,,,,,,,,,,"https://static.www.nfl.com/image/private/f_auto,q_auto/league/ubayhjke0pfyvmtshwq0",COB540549,,3200434f-4254-0549-767a-113cbd5b47bf,,,
1994,SD,OL,G,0,ACT,Joe Cocozzo,Joseph,Cocozzo,1970-08-07,76,300,,00-0003170,,,,,,,,,,"https://static.www.nfl.com/image/private/f_auto,q_auto/league/pa8mizupsveergoaaf63",COC661072,,3200434f-4366-1072-308c-6b2ac24ec29d,,,
1994,SD,WR,WR,0,ACT,Andre Coleman,Andre,Coleman,1972-09-19,69,165,,00-0003209,,,,,,,,,,"https://static.www.nfl.com/image/private/f_auto,q_auto/league/oyllg83ddppicuhy8rhn",COL210207,,3200434f-4c21-0207-d5ff-a79c9124e7f3,,,
1994,ARI,OL,G,0,ACT,Ben Coleman,Benjamin,Coleman,1971-05-18,77,335,,00-0003212,,,,,,,,,,"https://static.www.nfl.com/image/private/f_auto,q_auto/league/afuqwafczyh3usv5p9jq",COL220461,,3200434f-4c22-0461-e282-6b872cf86cdc,,,
1994,DAL,RB,FB,0,ACT,Lincoln Coleman,Lincoln,Coleman,1969-08-12,73,249,,00-0003229,,,,,,,,,,"https://static.www.nfl.com/image/private/f_auto,q_auto/league/ds75cy06oyckjydcas54",COL299929,,3200434f-4c29-9929-8e89-4209f3596b7f,,,
1994,MIA,DL,DE,0,ACT,Marco Coleman,Marco,Coleman,1969-12-18,75,262,,00-0003230,,,,,,,,,,"https://static.www.nfl.com/image/private/f_auto,q_auto/league/lw63cmsnjbwgenbwxdtg",COL302493,,3200434f-4c30-2493-8603-2c63dbb5aebc,,,
1994,WAS,LB,LB,0,ACT,Monte Coleman,Monte,Coleman,1957-11-04,74,242,,00-0003233,,,,,,,,,,"https://static.www.nfl.com/image/private/f_auto,q_auto/league/fo8jzoctj0ur1ed7mtm8",COL307620,,3200434f-4c30-7620-1484-e6d1db6e52dc,,,
1994,HOU,WR,WR,0,ACT,Pat Coleman,Patrick,Coleman,1967-04-08,67,176,,00-0003234,,,,,,,,,,"https://static.www.nfl.com/image/private/f_auto,q_auto/league/azievv8a2uf7oyk23mcu",COL317874,,3200434f-4c31-7874-feed-bfef0ba0bc57,,,
1994,WAS,LB,OLB,0,ACT,Andre Collins,Andre,Collins,1968-05-04,73,231,,00-0003264,,,,,,,,,,"https://static.www.nfl.com/image/private/f_auto,q_auto/league/ihfqzrpiau8q0ge7wg5s",COL502446,,3200434f-4c50-2446-3e27-f24a4bf5c5ac,,,
1994,RAM,LB,LB,0,ACT,Brett Collins,Brett,Collins,1968-10-08,73,234,,00-0003268,,,,,,,,,,"https://static.www.nfl.com/image/private/f_auto,q_auto/league/ttwzesgg8z7wsybzenkq",COL517827,,3200434f-4c51-7827-9cd2-7839d4cb264f,,,
1994,KC,DB,CB,0,ACT,Mark Collins,Mark,Collins,1964-01-16,70,190,,00-0003301,,,,,,,,,,"https://static.www.nfl.com/image/private/f_auto,q_auto/league/vm88y022lz13osbj4hnm",COL646002,,3200434f-4c64-6002-79f6-3a32da8f7db4,,,
1994,WAS,DL,DE,0,ACT,Shane Collins,Shane,Collins,1969-04-11,75,267,,00-0003313,,,,,,,,,,"https://static.www.nfl.com/image/private/f_auto,q_auto/league/xsvlzdmmgl6idvybkstw",COL681891,,3200434f-4c68-1891-542e-16d153fbabc0,,,
1994,NE,LB,ILB,0,RES,Todd F. Collins,Todd,Collins,1970-05-27,74,242,,00-0003316,,,,,,,,,,"https://static.www.nfl.com/image/private/f_auto,q_auto/league/bc7gzummekfoqvz5xsfw",COL692145,,3200434f-4c69-2145-5a15-d4fd65b130dc,,,
1994,DET,DB,DB,0,ACT,Harry Colon,Harry,Colon,1969-02-14,72,203,,00-0003322,,,,,,,,,,"https://static.www.nfl.com/image/private/f_auto,q_auto/league/dqzvkzoc9iwnx9ts1yg8",COL746263,,3200434f-4c74-6263-9007-6639cfc93b42,,,
1994,DET,OL,C,0,ACT,Mike Compton,Michael,Compton,1970-09-18,78,297,,00-0003354,,,,,,,,,,"https://static.www.nfl.com/image/private/f_auto,q_auto/league/yaotzp4ksrvztps9ml2r",COM583382,,3200434f-4d58-3382-cc2b-0ac607c4bd16,,,
1994,RAM,LB,MLB,0,ACT,Shane Conlan,Shane,Conlan,1964-03-04,75,235,,00-0003368,,,,,,,,,,"https://static.www.nfl.com/image/private/f_auto,q_auto/league/oy3rqkclqqthtn7bzid7",CON207640,,3200434f-4e20-7640-66c1-19c056daea27,,,
1994,NO,LB,OLB,0,ACT,Darion Conner,Darion,Conner,1967-09-28,74,245,,00-0003381,,,,,,,,,,"https://static.www.nfl.com/image/private/f_auto,q_auto/league/p5fdsxwwxtdkhxqyp2nx",CON456808,,3200434f-4e45-6808-5086-983ff5fa5277,,,
1994,DET,OL,G,0,ACT,Scott Conover,Kelsey,Conover,1968-09-27,76,285,,00-0003386,,,,,,,,,,"https://static.www.nfl.com/image/private/f_auto,q_auto/league/cttaqvplrxlfz6bxqump",CON612538,,3200434f-4e61-2538-2b8f-bd3b8f6a29d6,,,
1994,CHI,WR,WR,80,ACT,Curtis Conway,Curtis,Conway,1971-01-13,72,185,,00-0003396,,,,,,,,,,"https://static.www.nfl.com/image/private/f_auto,q_auto/league/xi2qseh2pqknw9xseuhw",CON757886,,3200434f-4e75-7886-6272-386995630659,,,
1994,CHI,TE,TE,0,ACT,Marv Cook,Marvin,Cook,1966-02-24,76,234,,00-0003418,,,,,,,,,,"https://static.www.nfl.com/image/private/f_auto,q_auto/league/qdpmlk6iggety3cz9bnv",COO212465,,3200434f-4f21-2465-f75e-3a6e892b400d,,,
1994,SF,DB,DB,0,ACT,Toi Cook,Toi,Cook,1964-12-03,71,188,,00-0003426,,,,,,,,,,"https://static.www.nfl.com/image/private/f_auto,q_auto/league/rm55hkkcx12zpnysxwfq",COO251095,,3200434f-4f25-1095-26cd-35f7730889eb,,,
1994,MIA,TE,TE,0,CUT,Robert Coons,Robert,Coons,1969-09-18,77,245,,00-0003439,,,,,,,,,,"https://static.www.nfl.com/image/private/f_auto,q_auto/league/qhn6my1f67xpgdgu3yue",COO468388,,3200434f-4f46-8388-dc70-604390605346,,,
1994,MIN,TE,TE,0,RES,Adrian Cooper,Adrian,Cooper,1968-04-27,77,263,,00-0003440,,,,,,,,,,"https://static.www.nfl.com/image/private/f_auto,q_auto/league/k7y4wwchtnxopzhsukwk",COO473217,,3200434f-4f47-3217-4837-50fedd658f43,,,
1994,NO,OL,OT,0,RES,Richard Cooper,Richard,Cooper,1964-11-01,77,290,,00-0003462,,,,,,,,,,"https://static.www.nfl.com/image/private/f_auto,q_auto/league/h38xxtv5dpzkzfdqbpsv",COO695340,,3200434f-4f69-5340-be29-f8b623c93646,,,
1994,TB,WR,WR,0,ACT,Horace Copeland,Horace,Copeland,1971-01-02,75,195,,00-0003467,,,,,,,,,,"https://static.www.nfl.com/image/private/f_auto,q_auto/league/j4obmltuqgm063tkogxh",COP355962,,3200434f-5035-5962-667f-b94fd7583bbe,,,
1994,CIN,DL,DE,0,ACT,John Copeland,John,Copeland,1970-09-20,75,286,,00-0003470,,,,,,,,,,"https://static.www.nfl.com/image/private/f_auto,q_auto/league/nucxl2ukvp1fzxur4sqc",COP367827,,3200434f-5036-7827-6f4f-22f3a6270293,,,
1994,BUF,WR,WR,0,ACT,Russell Copeland,Russell,Copeland,1971-11-04,72,200,,00-0003471,,,,,,,,,,"https://static.www.nfl.com/image/private/f_auto,q_auto/league/bytr0efppnz96rhskovu",COP424290,,3200434f-5042-4290-1699-12540165d7bc,,,
1994,IND,LB,OLB,55,ACT,Quentin Coryatt,Quentin,Coryatt,1970-08-01,75,250,,00-0003504,,,,,,,,,,"https://static.www.nfl.com/image/private/f_auto,q_auto/league/wb3nnrovwkjplgwswnhk",COR803961,,3200434f-5280-3961-963d-5a8594d03aff,,,
1994,CIN,RB,RB,0,ACT,Jeff Cothran,Jeffrey,Cothran,1971-06-28,73,231,,00-0003517,,,,,,,,,,"https://static.www.nfl.com/image/private/f_auto,q_auto/league/sttnxdxnwakvhbuv1n5s",COT062757,,3200434f-5406-2757-47da-10fccbde359a,,,
1994,IND,DB,DB,0,ACT,John Covington,John,Covington,1972-04-22,72,198,,00-0003555,,,,,,,,,,"https://static.www.nfl.com/image/private/f_auto,q_auto/league/u75qzyivurlwvnhqlver",COV558222,,3200434f-5655-8222-2ae1-bb742596ca8c,,,
1994,TB,DB,DB,0,ACT,Tony Covington,Anthony,Covington,1967-12-26,71,195,,00-0003559,,,,,,,,,,"https://static.www.nfl.com/image/private/f_auto,q_auto/league/raesfuyw2iulncrvoi58",COV544722,,3200434f-5654-4722-c5f2-22803965c95d,,,
1994,MIA,LB,MLB,0,ACT,Bryan Cox,Bryan,Cox,1968-02-17,76,242,,00-0003572,,,,,,,,,,"https://static.www.nfl.com/image/private/f_auto,q_auto/league/ulohyrsra39hwlhjqyan",COX152273,,3200434f-5815-2273-ea67-e276135136f4,,,
1994,CHI,LB,OLB,0,ACT,Ron Cox,Ronald,Cox,1968-02-27,74,235,,00-0003583,,,,,,,,,,"https://static.www.nfl.com/image/private/f_auto,q_auto/league/gfahf2bn3ohzoua96yvn",COX622935,,3200434f-5862-2935-c4da-61d4bd8c2c8d,,,
1994,BUF,OL,OT,0,ACT,Jerry Crafts,Jerry,Crafts,1968-01-06,77,351,,00-0003598,,,,,,,,,,"https://static.www.nfl.com/image/private/f_auto,q_auto/league/b2u7k5vttpa2szwjvcji",CRA172193,,32004352-4117-2193-fbe3-b074afc257d5,,,
1994,MIA,RB,RB,0,ACT,Aaron Craver,Aaron,Craver,1968-12-18,72,220,,00-0003610,,,,,,,,,,"https://static.www.nfl.com/image/private/f_auto,q_auto/league/m3n9nxiskacawfqsnwon",CRA536837,,32004352-4153-6837-af19-3d27e4f153d4,,,
1994,GB,WR,WR,0,ACT,Keith Crawford,Keith,Crawford,1970-11-21,73,188,,00-0003619,,,,,,,,,,"https://static.www.nfl.com/image/private/f_auto,q_auto/league/fqk6wp1nsvnjuv0um453",CRA680522,,32004352-4168-0522-3c6c-13f1aef663bb,,,
1994,NYJ,OL,OT,0,ACT,Jeff Criswell,Jeffrey,Criswell,1964-03-07,79,291,,00-0003651,,,,,,,,,,"https://static.www.nfl.com/image/private/f_auto,q_auto/league/dxfa9itnwccuosigvpw6",CRI442976,,32004352-4944-2976-7285-6767c1839628,,,
1994,NE,WR,WR,0,ACT,Ray Crittenden,Raymond,Crittenden,1970-03-01,73,188,,00-0003655,,,,,,,,,,"https://static.www.nfl.com/image/private/f_auto,q_auto/league/jtjllo0yc5gve67tzlb3",CRI764708,,32004352-4976-4708-f8d7-1bbae8b2b496,,,
1994,DEN,DB,CB,0,ACT,Ray Crockett,Donald,Crockett,1967-01-05,70,185,,00-0003661,,,,,,,,,,"https://static.www.nfl.com/image/private/f_auto,q_auto/league/bl0qabvmbhzzxaddowol",CRO025060,,32004352-4f02-5060-ca6d-b2a17c52a7dd,,,
1994,DEN,LB,OLB,0,ACT,Mike Croel,Michael,Croel,1969-06-06,75,231,,00-0003664,,,,,,,,,,"https://static.www.nfl.com/image/private/f_auto,q_auto/league/urzry730auhj3fmpdcw4",CRO081146,,32004352-4f08-1146-f2c5-5c8d7152c9e5,,,
1994,NE,RB,RB,0,ACT,Corey Croom,Corey,Croom,1971-05-22,71,212,,00-0003673,,,,,,,,,,"https://static.www.nfl.com/image/private/f_auto,q_auto/league/rkdlae2eaejbzzlvhubf",CRO322200,,32004352-4f32-2200-3a8f-5b3141893e64,,,
1994,NYG,TE,TE,0,ACT,Howard Cross,Howard,Cross,1967-08-08,77,245,,00-0003681,,,,,,,,,,"https://static.www.nfl.com/image/private/f_auto,q_auto/league/nitu6iw0obqvvqhg2lmc",CRO400960,,32004352-4f40-0960-7cff-caf32aa6f5e0,,,
1994,MIA,DL,DE,0,ACT,Jeff Cross,Jeffrey,Cross,1966-03-25,76,273,,00-0003682,,,,,,,,,,"https://static.www.nfl.com/image/private/f_auto,q_auto/league/ya4lsghp1z5ymziqth9l",CRO429600,,32004352-4f42-9600-7994-30a5658983b0,,,
1994,SEA,TE,TE,87,ACT,Carlester Crumpler,Carlester,Crumpler,1971-09-05,78,255,,00-0003715,,,,,,,,,,"https://static.www.nfl.com/image/private/f_auto,q_auto/league/ozb1mu7ikmuur3zx996a",CRU474185,,32004352-5547-4185-8dc2-77d968aed781,,,
1994,TB,DL,DT,0,ACT,Brad Culpepper,John,Culpepper,1969-05-08,73,260,,00-0003738,,,,,,,,,,"https://static.www.nfl.com/image/private/f_auto,q_auto/league/carhwsp2s6iulffl1mjp",CUL595056,,32004355-4c59-5056-8226-42add1da62cb,,,
1994,SD,RB,RB,0,ACT,Rodney Culver,Rodney,Culver,1969-12-23,69,224,,00-0003743,,,,,,,,,,"https://static.www.nfl.com/image/private/f_auto,q_auto/league/kauktpfaiis7dflsgiuy",CUL766320,,32004355-4c76-6320-5245-c26f792dbd17,,,
1994,ARI,OL,C,0,ACT,Ed Cunningham,Edward,Cunningham,1969-08-17,75,289,,00-0003756,,,,,,,,,,"https://static.www.nfl.com/image/private/f_auto,q_auto/league/swosli7xva79yahbwxlg",CUN269360,,32004355-4e26-9360-f653-0cfd45a7e34d,,,
1994,PHI,QB,QB,0,ACT,Randall Cunningham,Randall,Cunningham,1963-03-27,76,205,,00-0003761,,,,,,,,,,"https://static.www.nfl.com/image/private/f_auto,q_auto/league/gwa0zs48uxqe3xto4ofx",CUN664464,,32004355-4e66-4464-bcec-7070eac124f6,,,
1994,ARI,OL,OT,0,ACT,Rick Cunningham,Patrick,Cunningham,1967-01-04,79,307,,00-0003763,,,,,,,,,,"https://static.www.nfl.com/image/private/f_auto,q_auto/league/hpftts6jt4kxedk2tg3j",CUN609092,,32004355-4e60-9092-4844-08c90e2903be,,,
1994,ARI,DB,CB,0,CUT,Herschel Currie,Herschel,Currie,1965-09-08,72,190,,00-0003775,,,,,,,,,,"https://static.www.nfl.com/image/private/f_auto,q_auto/league/ydszifebr2ig3nonzdep",CUR330700,,32004355-5233-0700-a5f6-38c2f11872f0,,,
1994,TB,DL,DE,0,ACT,Eric Curry,Eric,Curry,1970-02-03,78,270,,00-0003781,,,,,,,,,,"https://static.www.nfl.com/image/private/f_auto,q_auto/league/czn3qpbbprc7hsmxgm5n",CUR457878,,32004355-5245-7878-50c7-db1d38215bb5,,,
1994,PIT,RB,RB,0,CUT,Randy Cuthbert,Randy,Cuthbert,1970-01-16,74,222,,00-0003804,,,,,,,,,,"https://static.www.nfl.com/image/private/f_auto,q_auto/league/t7uswjzaevsswqhqvesm",CUT191672,,32004355-5419-1672-cacb-c896ce3f8d36,,,
1994,MIN,OL,G,0,ACT,Bernard Dafney,Bernard,Dafney,1968-11-01,77,331,,00-0003818,,,,,,,,,,"https://static.www.nfl.com/image/private/f_auto,q_auto/league/dlhvgjoikytezse7a3wt",DAF573497,,32004441-4657-3497-4f98-11367499f9d2,,,
1994,CLE,OL,G,0,ACT,Bob Dahl,Robert,Dahl,1968-01-15,77,300,,00-0003820,,,,,,,,,,"https://static.www.nfl.com/image/private/f_auto,q_auto/league/xrpq494phm0bgfw8e98d",DAH263361,,32004441-4826-3361-5ef9-7a4c4b29f640,,,
1994,PIT,RB,RB,0,ACT,Anthony Daigle,Anthony,Daigle,1970-04-05,70,198,,00-0003824,,,,,,,,,,"https://static.www.nfl.com/image/private/f_auto,q_auto/league/vdssmpj47vexp4l8yysk",DAI255563,,32004441-4925-5563-5fc4-19cd969ca37e,,,
1994,SF,OL,G,0,ACT,Chris Dalman,Christopher,Dalman,1970-03-15,75,285,,00-0003835,,,,,,,,,,"https://static.www.nfl.com/image/private/f_auto,q_auto/league/ecs72uijmdxpkfnvkpja",DAL507576,,32004441-4c50-7576-4be1-4b12591007ac,,,
1994,NYG,SPEC,K,0,ACT,Brad Daluiso,Bradley,Daluiso,1967-12-31,74,207,,00-0003841,,,,,,,,,,"https://static.www.nfl.com/image/private/f_auto,q_auto/league/mxooxtztmxm6uwlwghwp",DAL771253,,32004441-4c77-1253-a30a-00e15bfaeba5,,,
1994,IND,DB,CB,0,ACT,Eugene Daniel,Eugene,Daniel,1961-05-04,71,188,,00-0003855,,,,,,,,,,"https://static.www.nfl.com/image/private/f_auto,q_auto/league/rt4r7jp7123nfbtsjym8",DAN249174,,32004441-4e24-9174-b49d-e611e69842bd,,,
1994,BUF,DB,FS,0,ACT,Matt Darby,Matthew,Darby,1968-11-19,74,200,,00-0003889,,,,,,,,,,"https://static.www.nfl.com/image/private/f_auto,q_auto/league/aehmo0lmcofrkx30r0hv",DAR165268,,32004441-5216-5268-8fd1-595bdb05e0fe,,,
1994,PIT,WR,WR,0,ACT,Charles Davenport,Charles,Davenport,1968-11-22,75,210,,00-0003920,,,,,,,,,,"https://static.www.nfl.com/image/private/f_auto,q_auto/league/a0p8lbughbw1tzqhc2jv",DAV003740,,32004441-5600-3740-76f0-a2b1b64b22f5,,,
1994,GB,DL,DT,0,ACT,Don Davey,Donald,Davey,1968-04-08,76,270,,00-0003925,,,,,,,,,,"https://static.www.nfl.com/image/private/f_auto,q_auto/league/m7qaxko73qguhkqbsskl",DAV018705,,32004441-5601-8705-c9a2-77a705a586b7,,,
1994,NO,OL,G,0,RES,Jeff Davidson,Jeffrey,Davidson,1967-10-03,77,305,,00-0003934,,,,,,,,,,"https://static.www.nfl.com/image/private/f_auto,q_auto/league/qkc9o6sw2gwonvfst2g9",DAV074820,,32004441-5607-4820-fb3d-bf1f67ceac4c,,,
1994,HOU,DL,DE,0,ACT,Kenny Davidson,Kenneth,Davidson,1967-08-17,77,288,,00-0003936,,,,,,,,,,"https://static.www.nfl.com/image/private/f_auto,q_auto/league/rfnanpiq0ia85d2n7t5c",DAV089784,,32004441-5608-9784-e59c-d64a8f45ed5c,,,
1994,KC,LB,LB,0,ACT,Anthony Davis,Anthony,Davis,1969-03-07,72,231,,00-0003942,,,,,,,,,,"https://static.www.nfl.com/image/private/f_auto,q_auto/league/rgokrrvfowk9n4htwdeq",DAV136546,,32004441-5613-6546-7571-8f49a60bb2f8,,,
1994,PHI,OL,G,0,ACT,Antone Davis,Antone,Davis,1967-02-28,76,325,,00-0003943,,,,,,,,,,"https://static.www.nfl.com/image/private/f_auto,q_auto/league/bckozqketp1spyr3mdqt",DAV138417,,32004441-5613-8417-20b7-f3436ba251a0,,,
1994,MIN,DB,DB,0,ACT,Brian Davis,Brian,Davis,1963-08-31,74,190,,00-0003949,,,,,,,,,,"https://static.www.nfl.com/image/private/f_auto,q_auto/league/tgvds8ybzzgeoqysru8v",DAV179568,,32004441-5617-9568-b60f-963344d2c3d5,,,
1994,RAM,DB,CB,0,ACT,Dexter Davis,Dexter,Davis,1970-03-20,70,185,,00-0003968,,,,,,,,,,"https://static.www.nfl.com/image/private/f_auto,q_auto/league/pldeysasx1hkkljwws3w",DAV264007,,32004441-5626-4007-7a6a-5a63643ff3f3,,,
1994,SF,DB,CB,0,ACT,Eric Davis,Eric,Davis,1968-01-26,71,178,,00-0003977,,,,,,,,,,"https://static.www.nfl.com/image/private/f_auto,q_auto/league/fwhlk16t8hvig8qcnpxe",DAV306762,,32004441-5630-6762-6242-9784f32fceb0,,,
1994,ARI,SPEC,K,5,ACT,Greg Davis,Gregory,Davis,1965-10-29,72,197,,00-0003985,,,,,,,,,,"https://static.www.nfl.com/image/private/f_auto,q_auto/league/nismcjmil9uobydwbboc",DAV359136,,32004441-5635-9136-3f36-95bc754bbfe3,,,
1994,SD,OL,G,0,ACT,Isaac Davis,John,Davis,1972-04-08,75,325,,00-0003988,,,,,,,,,,"https://static.www.nfl.com/image/private/f_auto,q_auto/league/hkn1s5e1le6ekwfpp40v",DAV484459,,32004441-5648-4459-8a93-bcc13bb6e751,,,
1994,BUF,OL,G,0,ACT,John Davis,John,Davis,1965-08-22,76,310,,00-0004003,,,,,,,,,,"https://static.www.nfl.com/image/private/f_auto,q_auto/league/oqj9gzoaxwszrzfw10rg",DAV482589,,32004441-5648-2589-3cca-d63fa10de0c4,,,
1994,BUF,RB,RB,0,ACT,Kenneth Davis,Kenneth,Davis,1962-04-16,70,208,,00-0004009,,,,,,,,,,"https://static.www.nfl.com/image/private/f_auto,q_auto/league/ga3qrnxzjex6jfhfpnvf",DAV508776,,32004441-5650-8776-3c73-e5ec0b0a48ae,,,
1994,HOU,DB,CB,0,ACT,Mike Davis,Michael,Davis,1972-01-14,73,192,,00-0004017,,,,,,,,,,"https://static.www.nfl.com/image/private/f_auto,q_auto/league/h1jrbl6xjfacpgw2v7vy",DAV549927,,32004441-5654-9927-1462-712f05918da7,,,
1994,SD,DL,DT,0,ACT,Reuben Davis,Reuben,Davis,1965-05-07,77,340,,00-0004035,,,,,,,,,,"https://static.www.nfl.com/image/private/f_auto,q_auto/league/yyz1slhrgsc2wzquzomg",DAV643452,,32004441-5664-3452-ee09-3c4aece6f3c2,,,
1994,NYG,OL,G,0,ACT,Scott Davis,Scott,Davis,1970-01-29,75,289,,00-0004050,,,,,,,,,,"https://static.www.nfl.com/image/private/f_auto,q_auto/league/kpnudnutjyqq5ieuv4st",DAV744459,,32004441-5674-4459-8ffd-b3579d2cd3a6,,,
1994,TB,WR,WR,0,ACT,Tyree Davis,Tyree,Davis,1970-09-23,69,165,,00-0004061,,,,,,,,,,"https://static.www.nfl.com/image/private/f_auto,q_auto/league/a1h2cnedne1uwtoghjdi",DAV781869,,32004441-5678-1869-93d7-3785160cf133,,,
1994,KC,WR,WR,0,ACT,Willie Davis,Willie,Davis,1967-10-10,72,172,,00-0004070,,,,,,,,,,"https://static.www.nfl.com/image/private/f_auto,q_auto/league/jg5pfp4lbm567houvlx2",DAV811797,,32004441-5681-1797-170f-3a2f9a501555,,,
1994,IND,WR,WR,0,ACT,Sean Dawkins,Sean,Dawkins,1971-02-03,76,210,,00-0004077,,,,,,,,,,"https://static.www.nfl.com/image/private/f_auto,q_auto/league/sgsfwpwyxftgqkaxg8rs",DAW202452,,32004441-5720-2452-e16f-4327f98e953d,,,
1994,TB,WR,WR,0,ACT,Lawrence Dawsey,Lawrence,Dawsey,1967-11-16,72,195,,00-0004079,,,,,,,,,,"https://static.www.nfl.com/image/private/f_auto,q_auto/league/xn4idha7f7klypludgr2",DAW300216,,32004441-5730-0216-9a83-1432c3662370,,,
1994,PIT,OL,C,63,ACT,Dermontti Dawson,Dermontti,Dawson,1965-06-17,74,286,,00-0004085,,,,,,,,,,"https://static.www.nfl.com/image/private/f_auto,q_auto/league/d4n1bb6dn67wzrg2dfp8",DAW415288,,32004441-5741-5288-6e9a-ed6c8ab150ba,,,
1994,CLE,OL,G,0,ACT,Doug Dawson,Douglas,Dawson,1961-12-27,75,288,,00-0004086,,,,,,,,,,"https://static.www.nfl.com/image/private/f_auto,q_auto/league/acypo1jsuepdl4viva6f",DAW467199,,32004441-5746-7199-ddf5-3c0885684bc7,,,
1994,KC,WR,WR,0,ACT,Lake Dawson,Lake,Dawson,1972-01-02,74,204,,00-0004088,,,,,,,,,,"https://static.www.nfl.com/image/private/f_auto,q_auto/league/dza5qdogwu4ngtovlmtv",DAW612432,,32004441-5761-2432-ecd6-f2bdee1e89df,,,
1994,GB,TE,TE,0,RES,Charlie Dean,Charles,Dean,1970-07-12,74,246,,00-0004099,,,,,,,,,,"https://static.www.nfl.com/image/private/f_auto,q_auto/league/fo1looiatbi2pigauceh",DEA165231,,32004445-4116-5231-8466-302fd8c537c1,,,
1994,SF,OL,G,0,ACT,Derrick Deese,Derrick,Deese,1970-05-17,75,270,,00-0004128,,,,,,,,,,"https://static.www.nfl.com/image/private/f_auto,q_auto/league/dluxsjyxacnhhx6m4t12",DEE705650,,32004445-4570-5650-9788-a30e7ded8ec2,,,
1994,HOU,SPEC,K,3,ACT,Al Del Greco,Albert,Del Greco,1962-03-02,70,200,,00-0004147,,,,,,,,,,"https://static.www.nfl.com/image/private/f_auto,q_auto/league/u7rxuqu2qo0yc6i0syyo",DEL351395,,32004445-4c35-1395-c429-b9182e7e7bf5,,,
1994,MIA,OL,C,0,ACT,Jeff Dellenbach,Jeffrey,Dellenbach,1963-02-14,78,290,,00-0004168,,,,,,,,,,"https://static.www.nfl.com/image/private/f_auto,q_auto/league/vyxcc2ivinhnoiwsqxu6",DEL447230,,32004445-4c44-7230-291e-928740b57fb4,,,
1994,MIN,LB,MLB,0,ACT,Jack Del Rio,Jack,Del Rio,1963-04-04,76,243,,00-0004176,,,,,,,,,,"https://static.www.nfl.com/image/private/f_auto,q_auto/league/e1tfza2dzzmpf7k5lalh",DEL702790,,32004445-4c70-2790-8407-2a94a5618117,,,
1994,CIN,OL,OT,0,CUT,Mark Dennis,Mark,Dennis,1965-04-15,78,296,,00-0004195,,,,,,,,,,"https://static.www.nfl.com/image/private/f_auto,q_auto/league/hbnobyygrebqyglisol6",DEN351395,,32004445-4e35-1395-1a58-698b91320b8a,,,
1994,SF,DL,DE,0,ACT,Richard Dent,Richard,Dent,1960-12-13,77,265,,00-0004205,,,,,,,,,,"https://static.www.nfl.com/image/private/f_auto,q_auto/league/jfxk36oifu0wmpdxmxaw",DEN702790,,32004445-4e70-2790-b3e8-2fa66ae41f10,,,
1994,NE,LB,LB,0,ACT,Steve DeOssie,Steven,DeOssie,1962-11-22,74,248,,00-0004209,,,,,,,,,,"https://static.www.nfl.com/image/private/f_auto,q_auto/league/jq2etnqy8q2pb9zm2xmp",DEO415291,,32004445-4f41-5291-aae7-3b055bce4837,,,
1994,GB,QB,QB,0,ACT,Ty Detmer,Ty,Detmer,1967-10-30,72,190,,00-0004230,,,,,,,,,,"https://static.www.nfl.com/image/private/f_auto,q_auto/league/xfjfwb1uf3ubcey7rzwz",DET313774,,32004445-5431-3774-4e25-4f1adedf32e9,,,
1994,BUF,OL,G,0,ACT,Mike Devlin,Michael,Devlin,1969-11-16,74,293,,00-0004241,,,,,,,,,,"https://static.www.nfl.com/image/private/f_auto,q_auto/league/mklhq9pgsphzufje8esg",DEV722424,,32004445-5672-2424-d676-14372d58a721,,,
1994,CLE,OL,OT,0,ACT,Jed DeVries,Jed,DeVries,1971-01-06,78,282,,00-0004243,,,,,,,,,,"https://static.www.nfl.com/image/private/f_auto,q_auto/league/gotwiwx3iet375kh2vqq",DEV747334,,32004445-5674-7334-d805-670cefb5d329,,,
1994,KC,WR,WR,0,RES,Ron Dickerson,Ronald,Dickerson,1971-08-31,72,211,,00-0004267,,,,,,,,,,"https://static.www.nfl.com/image/private/f_auto,q_auto/league/ziaus8gu6ia2g8qsxiec",DIC285860,,32004449-4328-5860-f799-2c2b0152848f,,,
1994,TB,QB,QB,0,ACT,Trent Dilfer,Trent,Dilfer,1972-03-13,76,230,,00-0004293,,,,,,,,,,"https://static.www.nfl.com/image/private/f_auto,q_auto/league/ssbi0ektdltubjtxsbvv",DIL049692,,32004449-4c04-9692-11e1-88ec1642adf7,,,
1994,TB,OL,OT,0,ACT,Scott Dill,Gerald,Dill,1966-04-05,77,290,,00-0004295,,,,,,,,,,"https://static.www.nfl.com/image/private/f_auto,q_auto/league/kcz5mglssudwgai8pwut",DIL092287,,32004449-4c09-2287-92f5-dc8972b4dd6c,,,
1994,NYG,DL,DT,0,ACT,Stacey Dillard,Stacey,Dillard,1968-09-17,77,288,,00-0004301,,,,,,,,,,"https://static.www.nfl.com/image/private/f_auto,q_auto/league/kvb2w3xjvwnnsxf8nqzr",DIL197324,,32004449-4c19-7324-c25a-91c45d767064,,,
1994,TB,DB,CB,0,ACT,Charles Dimry,Charles,Dimry,1966-01-31,72,175,,00-0004318,,,,,,,,,,"https://static.www.nfl.com/image/private/f_auto,q_auto/league/frjo8zahuntwnjy8kprh",DIM726754,,32004449-4d72-6754-8ce7-dc10b21025e6,,,
1994,HOU,DB,CB,28,ACT,Cris Dishman,Cris,Dishman,1965-08-13,72,188,,00-0004337,,,,,,,,,,"https://static.www.nfl.com/image/private/f_auto,q_auto/league/nagkdko7yzlsaj6lsrax",DIS622935,,32004449-5362-2935-abf4-1cb78a685da3,,,
1994,NYJ,OL,C,0,ACT,Cal Dixon,Calvert,Dixon,1969-10-11,76,284,,00-0004346,,,,,,,,,,"https://static.www.nfl.com/image/private/f_auto,q_auto/league/c3tu3nr1kzav3ncvdaqq",DIX106485,,32004449-5810-6485-6b40-650cd7c4550b,,,
1994,ATL,WR,WR,0,RES,Corey Dixon,Corey,Dixon,1972-02-16,67,155,,00-0004347,,,,,,,,,,"https://static.www.nfl.com/image/private/f_auto,q_auto/league/nmqxauo3huzrc72zifrf",DIX117133,,32004449-5811-7133-ad5f-4bb39e9e9d1c,,,
1994,MIN,DL,DT,0,ACT,David Dixon,David,Dixon,1969-01-05,77,350,,00-0004349,,,,,,,,,,"https://static.www.nfl.com/image/private/f_auto,q_auto/league/rt3ph0ssxpwjlqbqpsxr",DIX122457,,32004449-5812-2457-9a0f-56ef46c18443,,,
1994,NO,LB,LB,0,ACT,Ernest Dixon,Ernest,Dixon,1971-10-17,73,250,,00-0004351,,,,,,,,,,"https://static.www.nfl.com/image/private/f_auto,q_auto/league/shvi0v5auh1pfcqwflxt",DIX159727,,32004449-5815-9727-3b69-5302cde83df5,,,
1994,CLE,LB,LB,0,ACT,Gerald Dixon,Gerald,Dixon,1969-06-20,75,250,,00-0004353,,,,,,,,,,"https://static.www.nfl.com/image/private/f_auto,q_auto/league/kkflbokzjdipmhgyeunl",DIX223618,,32004449-5822-3618-dc4c-12511acee317,,,
1994,IND,OL,G,0,ACT,Randy Dixon,Randall,Dixon,1965-03-12,75,305,,00-0004362,,,,,,,,,,"https://static.www.nfl.com/image/private/f_auto,q_auto/league/n4nypybceq8q9ja0xvgv",DIX511128,,32004449-5851-1128-2c96-30b833e5bfa6,,,
1994,SF,DB,CB,0,ACT,Dedrick Dodge,Dedrick,Dodge,1967-06-14,74,184,,00-0004380,,,,,,,,,,"https://static.www.nfl.com/image/private/f_auto,q_auto/league/armadlxtkkc9rzjd6iqo",DOD320232,,3200444f-4432-0232-f603-9f5a534c7535,,,
1994,ATL,DL,DE,0,ACT,Chris Doleman,Christopher,Doleman,1961-10-16,77,275,,00-0004396,,,,,,,,,,"https://static.www.nfl.com/image/private/f_auto,q_auto/league/gqiibamun09e1tg065p9",DOL237308,,3200444f-4c23-7308-406c-f7cc4c25ec14,,,
1994,NO,OL,G,72,ACT,Jim Dombrowski,James,Dombrowski,1963-10-19,77,300,,00-0004400,,,,,,,,,,"https://static.www.nfl.com/image/private/f_auto,q_auto/league/s9olta8ecwtghh8tkds5",DOM237308,,3200444f-4d23-7308-fab0-3b0b62581c61,,,
1994,DEN,LB,LB,0,ACT,Mitch Donahue,Mitchell,Donahue,1968-02-04,74,254,,00-0004408,,,,,,,,,,"https://static.www.nfl.com/image/private/f_auto,q_auto/league/hkzlkjwngpippokm5c7w",DON105585,,3200444f-4e10-5585-3b7d-80e0f5a4a8f2,,,
1994,SEA,OL,C,0,ACT,Ray Donaldson,Raymond,Donaldson,1958-05-18,75,300,,00-0004414,,,,,,,,,,"https://static.www.nfl.com/image/private/f_auto,q_auto/league/kkpyquofxdch66dpynyy",DON255560,,3200444f-4e25-5560-a17c-ab26537f3f75,,,
1994,HOU,OL,G,77,ACT,Kevin Donnalley,Kevin,Donnalley,1968-06-10,77,305,,00-0004419,,,,,,,,,,"https://static.www.nfl.com/image/private/f_auto,q_auto/league/xxgffmxmj4mugmezaolv",DON483675,,3200444f-4e48-3675-5815-d521d7f1cca8,,,
1994,RAI,DB,DB,0,CUT,Torin Dorn,Torin,Dorn,1968-02-28,72,190,,00-0004432,,,,,,,,,,"https://static.www.nfl.com/image/private/f_auto,q_auto/league/wpjfkwibsdwunkktruy8",DOR155733,,3200444f-5215-5733-4abc-22b1986e1f1f,,,
1994,MIA,LB,LB,0,ACT,DeWayne Dotson,Jack,Dotson,1971-06-10,73,250,,00-0004454,,,,,,,,,,"https://static.www.nfl.com/image/private/f_auto,q_auto/league/dfittdtsek2glyqimm5s",DOT282486,,3200444f-5428-2486-6cc8-f8ba0365aebd,,,
1994,GB,OL,OT,0,ACT,Earl Dotson,Earl,Dotson,1970-12-17,76,315,,00-0004455,,,,,,,,,,"https://static.www.nfl.com/image/private/f_auto,q_auto/league/efgpdrtqamsrgsrmseen",DOT279361,,3200444f-5427-9361-7664-1253332ee030,,,
1994,TB,DL,DT,0,ACT,Santana Dotson,Santana,Dotson,1969-12-19,77,270,,00-0004456,,,,,,,,,,"https://static.www.nfl.com/image/private/f_auto,q_auto/league/suwthkwlabdis4snhg9a",DOT288111,,3200444f-5428-8111-19e0-5e9c7548df18,,,
1994,NYG,WR,WR,82,ACT,Omar Douglas,Omar,Douglas,1972-06-03,70,170,,00-0004473,,,,,,,,,,"https://static.www.nfl.com/image/private/f_auto,q_auto/league/o4tiwqwvgqwllppaikv3",DOU578569,,3200444f-5557-8569-100f-3027fb87e30d,,,
1994,CHI,DB,DB,0,ACT,Maurice Douglass,Maurice,Douglass,1964-02-12,71,200,,00-0004477,,,,,,,,,,"https://static.www.nfl.com/image/private/f_auto,q_auto/league/rbxwjvtkqqjeej85ffl9",DOU692140,,3200444f-5569-2140-ee39-786458358d22,,,
1994,NYG,RB,RB,0,ACT,Gary Downs,Gary,Downs,1972-06-06,73,212,,00-0004495,,,,,,,,,,"https://static.www.nfl.com/image/private/f_auto,q_auto/league/qtzrxhtsegthoordmmcz",DOW680145,,3200444f-5768-0145-1db2-850234ba5dd7,,,
1994,SF,DB,CB,0,ACT,Tyronne Drakeford,Tyronne,Drakeford,1971-06-21,71,185,,00-0004519,,,,,,,,,,"https://static.www.nfl.com/image/private/f_auto,q_auto/league/rt1hwlaw2bxep87u2rdv",DRA381898,,32004452-4138-1898-7ed5-f0af5d749cca,,,
1994,RAM,TE,TE,0,ACT,Troy Drayton,Troy,Drayton,1970-06-29,75,255,,00-0004524,,,,,,,,,,"https://static.www.nfl.com/image/private/f_auto,q_auto/league/jfnf25aqe7nvghvvj3hq",DRA659509,,32004452-4165-9509-cc22-d85e91e24077,,,
1994,DEN,DL,DE,0,ACT,Shane Dronett,Carlton,Dronett,1971-01-12,78,275,,00-0004543,,,,,,,,,,"https://static.www.nfl.com/image/private/f_auto,q_auto/league/x6jymul0jhlwzs7yje0z",DRO207645,,32004452-4f20-7645-2a15-1bd8bde04825,,,
1994,DEN,DL,DT,0,RES,Darren Drozdov,Darren,Drozdov,1969-04-07,75,281,,00-0004545,,,,,,,,,,"https://static.www.nfl.com/image/private/f_auto,q_auto/league/q6rjqnuffzqawakvrjyv",DRO784440,,32004452-4f78-4440-5035-79946e075a3a,,,
1994,TB,LB,LB,0,ACT,Demetrius DuBose,Adolphus,DuBose,1971-03-23,73,240,,00-0004554,,,,,,,,,,"https://static.www.nfl.com/image/private/f_auto,q_auto/league/bgda0d1sanexyak1mpcx",DUB542472,,32004455-4254-2472-d8c1-a000c95be893,,,
1994,SEA,DB,CB,0,ACT,Forey Duckett,William,Duckett,1970-02-05,75,195,,00-0004561,,,,,,,,,,"https://static.www.nfl.com/image/private/f_auto,q_auto/league/odffcbmn6nxivz396eey",DUC247808,,32004455-4324-7808-ff92-108ced764328,,,
1994,GB,DB,CB,0,TRC,Forey Duckett,William,Duckett,1970-02-05,75,195,,00-0004561,,,,,,,,,,"https://static.www.nfl.com/image/private/f_auto,q_auto/league/odffcbmn6nxivz396eey",DUC247808,,32004455-4324-7808-ff92-108ced764328,,,
1994,CIN,DB,CB,0,TRD,Forey Duckett,William,Duckett,1970-02-05,75,195,,00-0004561,,,,,,,,,,"https://static.www.nfl.com/image/private/f_auto,q_auto/league/odffcbmn6nxivz396eey",DUC247808,,32004455-4324-7808-ff92-108ced764328,,,
1994,NYJ,OL,G,0,ACT,Roger Duffy,Roger,Duffy,1967-07-16,75,285,,00-0004586,,,,,,,,,,"https://static.www.nfl.com/image/private/f_auto,q_auto/league/oovb0uero3gvtm38vrsf",DUF553722,,32004455-4655-3722-d141-83b7ac6d5ab8,,,
1994,GB,OL,C,0,ACT,Jamie Dukes,Jamie,Dukes,1964-06-14,73,295,,00-0004597,,,,,,,,,,"https://static.www.nfl.com/image/private/f_auto,q_auto/league/naenxnzjkoufo1sj1ub0",DUK276861,,32004455-4b27-6861-4fff-dc67675b2bbd,,,
1994,BUF,DB,SAF,0,ACT,Mike Dumas,Michael,Dumas,1969-03-18,72,181,,00-0004609,,,,,,,,,,"https://static.www.nfl.com/image/private/f_auto,q_auto/league/iphiqynjs8f4fu4modku",DUM092286,,32004455-4d09-2286-628f-69f8ba544486,,,
1994,ARI,DL,DE,0,CUT,Karl Dunbar,Karmichael,Dunbar,1967-05-18,76,275,,00-0004616,,,,,,,,,,"https://static.www.nfl.com/image/private/f_auto,q_auto/league/bepx8pcxfp5y1enil4pc",DUN098356,,32004455-4e09-8356-c30f-d746c16c1a20,,,
1994,NO,RB,RB,0,ACT,Vaughn Dunbar,Vaughn,Dunbar,1968-09-04,70,204,,00-0004617,,,,,,,,,,"https://static.www.nfl.com/image/private/f_auto,q_auto/league/ygvs99oprnmizyggjwtv",DUN103820,,32004455-4e10-3820-61c8-45af0f96c786,,,
1994,CHI,DB,DB,0,CUT,Marcus Durgin,Marcus,Durgin,1972-07-29,73,191,,00-0004655,,,,,,,,,,"https://static.www.nfl.com/image/private/f_auto,q_auto/league/nct1tyzhtk05hfvdavrp",DUR246098,,32004455-5224-6098-4cd5-c4ffb38a2848,,,
1994,ARI,OL,G,65,ACT,Ernest Dye,Ernest,Dye,1971-07-15,78,325,,00-0004678,,,,,,,,,,"https://static.www.nfl.com/image/private/f_auto,q_auto/league/vtea4x8eehsd5iwmubjz",DYE194145,,32004459-4519-4145-2d90-de47f80d4537,,,
1994,NO,WR,WR,0,ACT,Quinn Early,Quinn,Early,1965-04-13,72,190,,00-0004705,,,,,,,,,,"https://static.www.nfl.com/image/private/f_auto,q_auto/league/rqhbkjnz0ey9rxfmdsfx",EAR461435,,32004541-5246-1435-bacd-3d87b6f2c87a,,,
1994,ATL,OL,OT,0,ACT,Irv Eatman,Irvin,Eatman,1961-01-01,79,300,,00-0004716,,,,,,,,,,"https://static.www.nfl.com/image/private/f_auto,q_auto/league/bafhxaozvhl4r9yoatts",EAT138430,,32004541-5413-8430-9214-fe093b66bd60,,,
1994,SEA,TE,TE,0,ACT,Ferrell Edmunds,Ferrell,Edmunds,1965-04-16,78,254,,00-0004742,,,,,,,,,,"https://static.www.nfl.com/image/private/f_auto,q_auto/league/gvkxhbiw7vtoo0grphuh",EDM498348,,32004544-4d49-8348-bd71-dd113090210d,,,
1994,ARI,WR,WR,0,RES,Anthony Edwards,Anthony,Edwards,1966-05-26,70,190,,00-0004745,,,,,,,,,,"https://static.www.nfl.com/image/private/f_auto,q_auto/league/chltcquj2mhn8mfylrgc",EDW092286,,32004544-5709-2286-e460-be8fcf948a78,,,
1994,SEA,DL,DE,94,ACT,Antonio Edwards,Antonio,Edwards,1970-03-10,75,271,,00-0004746,,,,,,,,,,"https://static.www.nfl.com/image/private/f_auto,q_auto/league/dsbl99gvi8jgposiic0y",EDW100536,,32004544-5710-0536-698f-e082a15fb206,,,
1994,ATL,DB,DB,0,ACT,Brad Edwards,Bradford,Edwards,1966-03-22,74,207,,00-0004751,,,,,,,,,,"https://static.www.nfl.com/image/private/f_auto,q_auto/league/gxe8kesyvvrrqtvrkvve",EDW123048,,32004544-5712-3048-86b0-f047a0471218,,,
1994,DAL,LB,OLB,0,ACT,Dixon Edwards,Dixon,Edwards,1968-03-25,73,222,,00-0004756,,,,,,,,,,"https://static.www.nfl.com/image/private/f_auto,q_auto/league/fyh8yh0yolbvwz0trqg9",EDW317370,,32004544-5731-7370-56b5-5e998c1f6313,,,
1994,WAS,DB,DB,0,ACT,Pat Eilers,Patrick,Eilers,1966-09-03,71,197,,00-0004798,,,,,,,,,,"https://static.www.nfl.com/image/private/f_auto,q_auto/league/stxjbi1mrsz34rtd5bdl",EIL415291,,32004549-4c41-5291-4178-59db1139f30d,,,
1994,DEN,SPEC,K,0,ACT,Jason Elam,Jason,Elam,1970-03-08,71,192,,00-0004811,,,,,,,,,,"https://static.www.nfl.com/image/private/f_auto,q_auto/league/psqpnvgzgpxykmmuwoq5",ELA548409,,3200454c-4154-8409-2b92-de20a874147f,,,
1994,NYG,RB,RB,20,ACT,Keith Elias,Keith,Elias,1972-02-03,69,191,,00-0004824,,,,,,,,,,"https://static.www.nfl.com/image/private/f_auto,q_auto/league/uaecjnzj0y2lrujok86t",ELI344232,,3200454c-4934-4232-ead0-dbfd2781f821,,,
1994,WAS,WR,WR,0,ACT,Henry Ellard,Henry,Ellard,1961-07-21,71,182,,00-0004830,,,,,,,,,,"https://static.www.nfl.com/image/private/f_auto,q_auto/league/xvtbquqavblewrdgj4fn",ELL021297,,3200454c-4c02-1297-f648-4f2b5a61e34d,,,
1994,NYG,OL,OT,0,ACT,Jumbo Elliott,John,Elliott,1965-04-01,79,308,,00-0004836,,,,,,,,,,"https://static.www.nfl.com/image/private/f_auto,q_auto/league/go6sn6kbvhfcajcoyvhi",ELL319455,,3200454c-4c31-9455-1202-e686bc3d0212,,,
1994,KC,SPEC,K,0,ACT,Lin Elliott,Lindley,Elliott,1968-11-01,72,180,,00-0004838,,,,,,,,,,"https://static.www.nfl.com/image/private/f_auto,q_auto/league/jbg7z2lid82ya9fouwja",ELL350502,,3200454c-4c35-0502-4eba-351ae3efc319,,,
1994,NE,WR,WR,0,ACT,Elbert Ellis,Elbert,Ellis,1969-06-23,77,216,,00-0004849,,,,,,,,,,"https://static.www.nfl.com/image/private/f_auto,q_auto/league/y5brncjqsgsf1z7s1b8p",ELL475633,,3200454c-4c47-5633-2a75-65a84ebea7a8,,,
1994,DEN,QB,QB,7,ACT,John Elway,John,Elway,1960-06-28,75,215,,00-0004884,,,,,,,,,,"https://static.www.nfl.com/image/private/f_auto,q_auto/league/qt8ysjlaemnfczfe9ffl",ELW276861,,3200454c-5727-6861-b2e7-376d564dfa2e,,,
1994,ATL,WR,WR,0,ACT,Bert Emanuel,Bert,Emanuel,1970-10-26,70,171,,00-0004888,,,,,,,,,,"https://static.www.nfl.com/image/private/f_auto,q_auto/league/lc3z0qk31ezffm2zex2w",EMA405343,,3200454d-4140-5343-a20f-92233ab5e769,,,
1994,IND,DL,DT,0,ACT,Steve Emtman,Steven,Emtman,1970-04-16,76,300,,00-0004903,,,,,,,,,,"https://static.www.nfl.com/image/private/f_auto,q_auto/league/oztceeco9rxjg18nmnpe",EMT415291,,3200454d-5441-5291-a4e7-9edeaa9f8143,,,
1994,SD,OL,C,0,ACT,Greg Engel,Gregory,Engel,1971-01-18,75,293,,00-0004906,,,,,,,,,,"https://static.www.nfl.com/image/private/f_auto,q_auto/league/pisoxfips7gl7hbop1r9",ENG154116,,3200454e-4715-4116-7330-b32d704112db,,,
1994,ARI,DL,DE,0,ACT,Eric England,Eric,England,1971-04-25,75,283,,00-0004907,,,,,,,,,,"https://static.www.nfl.com/image/private/f_auto,q_auto/league/gfabteihrpb3edm8upff",ENG401790,,3200454e-4740-1790-8c91-743c1a7147c2,,,
1994,CHI,DL,NT,0,ACT,Tory Epps,Torrean,Epps,1967-05-28,72,280,,00-0004922,,,,,,,,,,"https://static.www.nfl.com/image/private/f_auto,q_auto/league/cjmpicb2dlfp8i3szl0c",EPP692150,,32004550-5069-2150-f56f-efbbf03e173f,,,
1994,TB,QB,QB,0,ACT,Craig Erickson,Craig,Erickson,1969-05-17,74,205,,00-0004925,,,,,,,,,,"https://static.www.nfl.com/image/private/f_auto,q_auto/league/im5vivd8jjrofw9iwswn",ERI112822,,32004552-4911-2822-9e26-be6f347719db,,,
1994,WAS,RB,RB,0,ACT,Ricky Ervins,Richard,Ervins,1968-12-07,67,195,,00-0004931,,,,,,,,,,"https://static.www.nfl.com/image/private/f_auto,q_auto/league/ac3grhc4yr6hjb1b8tmu",ERV296636,,32004552-5629-6636-320b-b05acb003d5c,,,
1994,NYJ,QB,QB,0,ACT,Boomer Esiason,Norman,Esiason,1961-04-17,77,220,,00-0004937,,,,,,,,,,"https://static.www.nfl.com/image/private/f_auto,q_auto/league/afg59qxfnusj3ebuqwyv",ESI415291,,32004553-4941-5291-d7e5-a90da4c94750,,,
1994,IND,TE,TE,0,CUT,Carlos Etheredge,Carlos,Etheredge,1970-08-10,77,236,,00-0004956,,,,,,,,,,"https://static.www.nfl.com/image/private/f_auto,q_auto/league/pxktxe5fqh1qhzsdpiky",ETH264111,,32004554-4826-4111-e3f9-d9a4e782067b,,,
1994,PHI,LB,MLB,0,RES,Byron Evans,Byron,Evans,1964-02-23,74,235,,00-0004971,,,,,,,,,,"https://static.www.nfl.com/image/private/f_auto,q_auto/league/j7nwlv9jnylnslpmke5r",EVA029663,,32004556-4102-9663-38c7-5889656ab08e,,,
1994,MIN,RB,RB,0,ACT,Chuck Evans,Charles,Evans,1967-04-16,73,226,,00-0004972,,,,,,,,,,"https://static.www.nfl.com/image/private/f_auto,q_auto/league/lxxtq0fznknbc8htkm96",EVA094239,,32004556-4109-4239-664a-e95c143bea6b,,,
1994,NYJ,DL,DT,0,ACT,Donald Evans,Donald,Evans,1964-03-14,74,282,,00-0004976,,,,,,,,,,"https://static.www.nfl.com/image/private/f_auto,q_auto/league/fvimguqpmzxnshwg9zzx",EVA148315,,32004556-4114-8315-531a-1f5cdeca3958,,,
1994,GB,DB,CB,0,ACT,Doug Evans,Douglas,Evans,1970-05-13,73,188,,00-0004978,,,,,,,,,,"https://static.www.nfl.com/image/private/f_auto,q_auto/league/nfbciz3wpjybcwc2piyj",EVA158815,,32004556-4115-8815-4c54-d8e99d4c0706,,,
1994,BUF,DB,DB,0,ACT,Greg Evans,Gregory,Evans,1971-06-28,73,217,,00-0004982,,,,,,,,,,"https://static.www.nfl.com/image/private/f_auto,q_auto/league/tfw2i4t1le3ar63rdzbn",EVA215056,,32004556-4121-5056-7315-c9ebe64c53f4,,,
1994,DEN,TE,TE,0,ACT,Jerry Evans,Gerald,Evans,1968-09-28,76,256,,00-0004985,,,,,,,,,,"https://static.www.nfl.com/image/private/f_auto,q_auto/league/m914tysq4kk6bwcxspfm",EVA211348,,32004556-4121-1348-427c-be2e8265c51f,,,
1994,RAI,QB,QB,0,ACT,Vince Evans,Vincent,Evans,1955-06-14,74,215,,00-0005010,,,,,,,,,,"https://static.www.nfl.com/image/private/f_auto,q_auto/league/zfacengwqw596mxqdxgf",EVA800901,,32004556-4180-0901-3e5b-05d0584bc156,,,
1994,NO,QB,QB,0,ACT,Jim Everett,James,Everett,1963-01-03,77,212,,00-0005015,,,,,,,,,,"https://static.www.nfl.com/image/private/f_auto,q_auto/league/rxrnntjfowvwavdlfhrq",EVE237308,,32004556-4523-7308-47b4-935f61476696,,,
1994,TB,DB,FS,0,ACT,Thomas Everett,Thomas,Everett,1964-11-21,69,185,,00-0005017,,,,,,,,,,"https://static.www.nfl.com/image/private/f_auto,q_auto/league/q7aqq4w8sym5h5lf14ir",EVE474616,,32004556-4547-4616-4505-e8c03f92a81a,,,
1994,CLE,OL,C,0,ACT,Steve Everitt,Steven,Everitt,1970-08-21,77,290,,00-0005020,,,,,,,,,,"https://static.www.nfl.com/image/private/f_auto,q_auto/league/omxfzencmfzy6dgkowmx",EVE508517,,32004556-4550-8517-a740-2eec758215ee,,,
1994,GB,DL,DE,0,ACT,Tommy Fagan,Tommy,Fagan,1971-03-26,77,257,,00-0005036,,,,,,,,,,"https://static.www.nfl.com/image/private/f_auto,q_auto/league/ubptbyp62kf6nvtltjdn",FAG427290,,32004641-4742-7290-5647-727a0d551bc1,,,
1994,ARI,TE,TE,0,ACT,Chad Fann,Chad,Fann,1970-06-07,75,250,,00-0005060,,,,,,,,,,"https://static.www.nfl.com/image/private/f_auto,q_auto/league/csacz8wtnfiu94mikjtb",FAN124930,,32004641-4e12-4930-5151-fa52f118f58a,,,
1994,RAM,DL,DT,0,RES,D'Marco Farr,D'Marco,Farr,1971-06-09,73,270,,00-0005074,,,,,,,,,,"https://static.www.nfl.com/image/private/f_auto,q_auto/league/nlkpab2zqjivuapfyvcf",FAR440457,,32004641-5244-0457-cdcc-822d5fb54b99,,,
1994,HOU,LB,LB,0,ACT,Brett Faryniarz,Brett,Faryniarz,1965-07-23,75,230,,00-0005088,,,,,,,,,,"https://static.www.nfl.com/image/private/f_auto,q_auto/league/dvao2z9fqrh4ng9kjwki",FAR805408,,32004641-5280-5408-e156-2aa9ab5d54db,,,
1994,IND,RB,RB,0,ACT,Marshall Faulk,Marshall,Faulk,1973-02-26,70,200,,00-0005092,,,,,,,,,,"https://static.www.nfl.com/image/private/f_auto,q_auto/league/ker7p0exticomqhcbtjt",FAU138264,,32004641-5513-8264-5585-49996fee909b,,,
1994,PIT,DL,DE,0,ACT,Ta'ase Faumui,Ta'ase,Faumui,1971-03-19,75,278,,00-0005097,,,,,,,,,,"https://static.www.nfl.com/image/private/f_auto,q_auto/league/ckspnqp2s6q4asbjqucc",FAU391035,,32004641-5539-1035-3111-3eea7affa7ed,,,
1994,GB,QB,QB,4,ACT,Brett Favre,Brett,Favre,1969-10-10,74,218,,00-0005106,,,,,,,,,,"https://static.www.nfl.com/image/private/f_auto,q_auto/league/m3sggjgdqlp4jqpxktvr",FAV540222,,32004641-5654-0222-99cf-751115fb00cb,,,
1994,ARI,SPEC,P,0,ACT,Jeff Feagles,Jeffrey,Feagles,1966-03-07,73,205,,00-0005113,,,,,,,,,,"https://static.www.nfl.com/image/private/f_auto,q_auto/league/ypoocygzfeucbr8sqat0",FEA207645,,32004645-4120-7645-e4e2-23d46bf06e49,,,
1994,CIN,RB,RB,0,ACT,Derrick Fenner,Derrick,Fenner,1967-04-06,71,228,,00-0005141,,,,,,,,,,"https://static.www.nfl.com/image/private/f_auto,q_auto/league/etk6faa44g9k7quaphhz",FEN553720,,32004645-4e55-3720-c3d7-90872c089928,,,
1994,CLE,WR,WR,0,RES,Kerry Ferrell,Kerry,Ferrell,1970-07-08,71,173,,00-0005172,,,,,,,,,,"https://static.www.nfl.com/image/private/f_auto,q_auto/league/nvxvrwp8daoli92xxzks",FER690961,,32004645-5269-0961-70d9-7065806cecbe,,,
1994,PHI,QB,QB,0,ACT,Jay Fiedler,Jay,Fiedler,1971-12-29,74,215,,00-0005180,,,,,,,,,,"https://static.www.nfl.com/image/private/f_auto,q_auto/league/fplaj9oxvmgrampjqywq",FIE053391,,32004649-4505-3391-8983-9887bf685ca6,,,
1994,KC,LB,LB,0,RES,Jaime Fields,Jaime,Fields,1970-08-28,71,230,,00-0005197,,,,,,,,,,"https://static.www.nfl.com/image/private/f_auto,q_auto/league/mizhlesm0a8077xrmszp",FIE692301,,32004649-4569-2301-960c-91af793347c9,,,
1994,PIT,DB,CB,0,ACT,Deon Figures,Deon,Figures,1970-01-20,72,200,,00-0005210,,,,,,,,,,"https://static.www.nfl.com/image/private/f_auto,q_auto/league/rxdlfe3fx1hrorohur5w",FIG702801,,32004649-4770-2801-2a41-211ac517044f,,,
1994,BUF,OL,OT,0,ACT,John Fina,John,Fina,1969-03-11,76,285,,00-0005217,,,,,,,,,,"https://static.www.nfl.com/image/private/f_auto,q_auto/league/c1zsdqvhb1q1sj4qqsag",FIN029663,,32004649-4e02-9663-ff3e-6204b33c48ff,,,
1994,PHI,DL,DE,0,CUT,Mike Finn,Edwin,Finn,1967-09-26,76,290,,00-0005230,,,,,,,,,,"https://static.www.nfl.com/image/private/f_auto,q_auto/league/ipmqaxcfmchzyq85lgdn",FIN437536,,32004649-4e43-7536-d4b1-f16f531b0a87,,,
1994,DAL,DB,DB,0,ACT,Joe Fishback,Joe,Fishback,1967-11-29,72,212,,00-0005238,,,,,,,,,,"https://static.www.nfl.com/image/private/f_auto,q_auto/league/khm20feyi8rgc2ajllcj",FIS144704,,32004649-5314-4704-997f-5bc746f9fbe5,,,
1994,CHI,DL,DT,99,ACT,Jim Flanigan,James,Flanigan,1971-08-27,74,281,,00-0005296,,,,,,,,,,"https://static.www.nfl.com/image/private/f_auto,q_auto/league/m0rivrmtdadmozamyitg",FLA580021,,3200464c-4158-0021-b675-6b298a555eaf,,,
1994,HOU,OL,G,0,ACT,John Flannery,John,Flannery,1969-01-13,76,304,,00-0005298,,,,,,,,,,"https://static.www.nfl.com/image/private/f_auto,q_auto/league/q3hepujsspubdyygwnzz",FLA610182,,3200464c-4161-0182-ef88-20e4c0d883df,,,
1994,DAL,WR,WR,0,ACT,Cory Fleming,Cory,Fleming,1971-03-19,73,207,,00-0005307,,,,,,,,,,"https://static.www.nfl.com/image/private/f_auto,q_auto/league/vzbqimrwjomvtcmfomkk",FLE167481,,3200464c-4516-7481-506c-e3c94c1ef769,,,
1994,DEN,DL,DE,0,ACT,Simon Fletcher,Simon,Fletcher,1962-02-18,77,240,,00-0005323,,,,,,,,,,"https://static.www.nfl.com/image/private/f_auto,q_auto/league/of5wdyxeuonyrlkcdlne",FLE711924,,3200464c-4571-1924-51a9-e2eb0bf98808,,,
1994,PHI,DL,DE,0,ACT,Mike Flores,Michael,Flores,1966-12-01,75,256,,00-0005335,,,,,,,,,,"https://static.www.nfl.com/image/private/f_auto,q_auto/league/lbon2gjmpdaknphq5u0y",FLO186505,,3200464c-4f18-6505-8444-a16d66373737,,,
1994,HOU,WR,WR,83,ACT,Malcolm Floyd,Malcolm,Floyd,1972-12-19,72,194,,00-0005355,,,,,,,,,,"https://static.www.nfl.com/image/private/f_auto,q_auto/league/iwbluc5pqxmzw3wn3xjy",FLO761356,,3200464c-4f76-1356-7726-d470c3d1bb43,,,
1994,SF,RB,FB,40,ACT,William Floyd,William,Floyd,1972-02-17,73,242,,00-0005361,,,,,,,,,,"https://static.www.nfl.com/image/private/f_auto,q_auto/league/fihsrgr2kjmrjt8qgyef",FLO803020,,3200464c-4f80-3020-5cf4-38d4c5c45542,,,
1994,PIT,DB,DB,0,ACT,Fred Foggie,Fred,Foggie,1969-06-10,72,200,,00-0005371,,,,,,,,,,"https://static.www.nfl.com/image/private/f_auto,q_auto/league/vbfr75g2iybmdm8prqaq",FOG237309,,3200464f-4723-7309-4475-102e5dc57428,,,
1994,NYJ,QB,QB,0,ACT,Glenn Foley,Glenn,Foley,1970-10-10,74,205,,00-0005379,,,,,,,,,,"https://static.www.nfl.com/image/private/f_auto,q_auto/league/mmg3wmyt52x7nvtkdbvy",FOL095836,,3200464f-4c09-5836-36ec-f9ae48773765,,,
1994,RAI,LB,LB,0,ACT,James Folston,James,Folston,1971-08-14,75,240,,00-0005392,,,,,,,,,,"https://static.www.nfl.com/image/private/f_auto,q_auto/league/kfbbo3zfffgtzrcaz3zw",FOL652410,,3200464f-4c65-2410-73ea-4e6f7865a5a8,,,
1994,CHI,DL,DT,96,ACT,Albert Fontenot,Albert,Fontenot,1970-09-17,76,265,,00-0005395,,,,,,,,,,"https://static.www.nfl.com/image/private/f_auto,q_auto/league/dygldxezzx2uttv1sqm4",FON197520,,3200464f-4e19-7520-a115-3cab100b4d68,,,
1994,CHI,OL,C,67,ACT,Jerry Fontenot,Jerry,Fontenot,1966-11-21,75,287,,00-0005399,,,,,,,,,,"https://static.www.nfl.com/image/private/f_auto,q_auto/league/ueo2vybh32z1xqravsst",FON415290,,3200464f-4e41-5290-9d23-709096c922b6,,,
1994,CLE,DL,DE,0,ACT,Dan Footman,Daniel,Footman,1969-01-13,77,290,,00-0005403,,,,,,,,,,"https://static.www.nfl.com/image/private/f_auto,q_auto/league/gb70settjinjrvw9hrdg",FOO440791,,3200464f-4f44-0791-830e-9b1ce67a1da0,,,
1994,ATL,LB,LB,0,ACT,Darryl Ford,Darryl,Ford,1966-06-22,73,225,,00-0005413,,,,,,,,,,"https://static.www.nfl.com/image/private/f_auto,q_auto/league/jpqpwc1exmvkbctkz41t",FOR109065,,3200464f-5210-9065-c30e-c62b89eac4cb,,,
1994,HOU,DL,DE,92,ACT,Henry Ford,Henry,Ford,1971-10-30,75,284,,00-0005417,,,,,,,,,,"https://static.www.nfl.com/image/private/f_auto,q_auto/league/jsflbwgeatumzfdgb9zj",FOR175808,,3200464f-5217-5808-8146-d18a561d23f9,,,
1994,ATL,OL,C,0,ACT,Roman Fortin,Roman,Fortin,1967-02-26,77,295,,00-0005446,,,,,,,,,,"https://static.www.nfl.com/image/private/f_auto,q_auto/league/qspnhlx0y2mj7v0tqnri",FOR666978,,3200464f-5266-6978-1971-6b18374aca4c,,,
1994,PIT,RB,RB,0,ACT,Barry Foster,Barry,Foster,1968-12-08,70,218,,00-0005452,,,,,,,,,,"https://static.www.nfl.com/image/private/f_auto,q_auto/league/qgqgfzp8qjys26h9ezsf",FOS118654,,3200464f-5311-8654-4ba0-b8072ad4da20,,,
1994,NYG,DL,DT,0,ACT,Mike Fox,Michael,Fox,1967-08-05,80,275,,00-0005489,,,,,,,,,,"https://static.www.nfl.com/image/private/f_auto,q_auto/league/r8sydw9ba8pmelgtav55",FOX237308,,3200464f-5823-7308-82f6-33c3f2ed2799,,,
1994,MIA,LB,LB,0,ACT,Dion Foxx,Dion,Foxx,1971-06-11,75,249,,00-0005494,,,,,,,,,,"https://static.www.nfl.com/image/private/f_auto,q_auto/league/xdybwqzk92p69hbamieb",FOX817399,,3200464f-5881-7399-f3a5-8edfe7a3b5a5,,,
1994,CIN,LB,OLB,0,ACT,James Francis,James,Francis,1968-08-04,77,252,,00-0005504,,,,,,,,,,"https://static.www.nfl.com/image/private/f_auto,q_auto/league/pk98aqp3wmicemmxpl1a",FRA118647,,32004652-4111-8647-17ff-8664b1c73524,,,
1994,NE,TE,TE,0,ACT,Paul Francisco,Paul,Francisco,1969-10-14,78,236,,00-0005512,,,,,,,,,,"https://static.www.nfl.com/image/private/f_auto,q_auto/league/dvjfccv7ax902rhmdazm",FRA217519,,32004652-4121-7519-f69f-c0fc29481f90,,,
1994,RAI,DB,DB,0,ACT,Donald Frank,Donald,Frank,1965-10-24,72,200,,00-0005515,,,,,,,,,,"https://static.www.nfl.com/image/private/f_auto,q_auto/league/g5liy95xf6vabd93jej4",FRA290026,,32004652-4129-0026-1118-614f8fd6a420,,,
1994,NYJ,DL,DT,0,ACT,Paul Frase,Paul,Frase,1965-05-06,77,270,,00-0005546,,,,,,,,,,"https://static.www.nfl.com/image/private/f_auto,q_auto/league/pmbi3gbqukqcceqd6ft8",FRA659150,,32004652-4165-9150-c5af-6d0791a1abeb,,,
1994,PHI,DB,CB,0,ACT,Derrick Frazier,Derrick,Frazier,1970-04-29,70,178,,00-0005548,,,,,,,,,,"https://static.www.nfl.com/image/private/f_auto,q_auto/league/q1acr6lgxlgnqsdspy3i",FRA744839,,32004652-4174-4839-391d-93262f319f2c,,,
1994,RAI,LB,OLB,53,ACT,Rob Fredrickson,Robert,Fredrickson,1971-05-13,76,235,,00-0005560,,,,,,,,,,"https://static.www.nfl.com/image/private/f_auto,q_auto/league/n9nanfiu3efrhzvkxpkc",FRE105786,,32004652-4510-5786-66c8-9208c1a9b658,,,
1994,DEN,OL,OT,0,ACT,Russ Freeman,Russell,Freeman,1969-09-02,79,290,,00-0005577,,,,,,,,,,"https://static.www.nfl.com/image/private/f_auto,q_auto/league/huryymfuypxlkm3cqtnk",FRE378894,,32004652-4537-8894-efc4-431b3c22a540,,,
1994,WAS,QB,QB,0,ACT,Gus Frerotte,Gustave,Frerotte,1971-07-31,75,221,,00-0005589,,,,,,,,,,"https://static.www.nfl.com/image/private/f_auto,q_auto/league/arjzgtjgdzfjcsvwqkej",FRE682395,,32004652-4568-2395-3e8d-d9ba13a29933,,,
1994,SEA,OL,G,0,RES,Mitch Frerotte,Paul,Frerotte,1965-03-30,75,286,,00-0005590,,,,,,,,,,"https://static.www.nfl.com/image/private/f_auto,q_auto/league/pzidqmgva9xehhuo7zzp",FRE692145,,32004652-4569-2145-9975-3d7faf2399e4,,,
1994,CIN,DL,DE,0,TRD,Mike Frier,Michael,Frier,1969-03-20,77,300,,00-0005598,,,,,,,,,,"https://static.www.nfl.com/image/private/f_auto,q_auto/league/rbhxbmbwjj30psyggczf",FRI348048,,32004652-4934-8048-1455-294e86f45202,,,
1994,SEA,DL,DE,0,RES,Mike Frier,Michael,Frier,1969-03-20,77,300,,00-0005598,,,,,,,,,,"https://static.www.nfl.com/image/private/f_auto,q_auto/league/rbhxbmbwjj30psyggczf",FRI348048,,32004652-4934-8048-1455-294e86f45202,,,
1994,WAS,QB,QB,0,ACT,John Friesz,John,Friesz,1967-05-19,76,218,,00-0005600,,,,,,,,,,"https://static.www.nfl.com/image/private/f_auto,q_auto/league/ckh8mav1rdt0khwbufyj",FRI395510,,32004652-4939-5510-713c-b421a37d6bdf,,,
1994,CIN,TE,TE,0,ACT,David Frisch,David,Frisch,1970-06-22,79,260,,00-0005601,,,,,,,,,,"https://static.www.nfl.com/image/private/f_auto,q_auto/league/eumwjam5fc5ucaa8tnwc",FRI432424,,32004652-4943-2424-5512-f460328a51a5,,,
1994,MIA,WR,WR,0,ACT,Irving Fryar,Irving,Fryar,1962-09-28,72,200,,00-0005616,,,,,,,,,,"https://static.www.nfl.com/image/private/f_auto,q_auto/league/f1cetjfdapgnqaeonxzy",FRY369148,,32004652-5936-9148-ba45-62efe4663112,,,
1994,SD,DB,SAF,0,CUT,James Fuller,James,Fuller,1969-08-05,72,208,,00-0005631,,,,,,,,,,"https://static.www.nfl.com/image/private/f_auto,q_auto/league/gvmxkwhtrxvsbwcbxmvo",FUL238674,,32004655-4c23-8674-f1c9-8dfd5887bff6,,,
1994,DEN,DB,CB,0,ACT,Randy Fuller,Randy,Fuller,1970-06-02,70,173,,00-0005635,,,,,,,,,,"https://static.www.nfl.com/image/private/f_auto,q_auto/league/qozgdtpf2cdvnb66fy1z",FUL449897,,32004655-4c44-9897-281f-5d0153ca15ee,,,
1994,PHI,DL,DE,95,ACT,William Fuller,William,Fuller,1962-03-08,75,274,,00-0005639,,,,,,,,,,"https://static.www.nfl.com/image/private/f_auto,q_auto/league/mccltbvra1wfn9rcnpwn",FUL498348,,32004655-4c49-8348-4979-8555a3c8c681,,,
1994,DEN,QB,QB,0,ACT,Will Furrer,William,Furrer,1968-02-05,75,208,,00-0005656,,,,,,,,,,"https://static.www.nfl.com/image/private/f_auto,q_auto/league/j6s3wtystta5cogq4r3r",FUR631240,,32004655-5263-1240-b1e7-2f047c151d9d,,,
1994,MIA,DL,DT,0,ACT,William Gaines,William,Gaines,1971-06-20,77,300,,00-0005694,,,,,,,,,,"https://static.www.nfl.com/image/private/f_auto,q_auto/league/vzrdyay9zvznrdhf4zcs",GAI521628,,32004741-4952-1628-3c6e-cc23bfc3420f,,,
1994,DAL,TE,TE,0,ACT,Scott Galbraith,Alan,Galbraith,1967-01-07,74,255,,00-0005701,,,,,,,,,,"https://static.www.nfl.com/image/private/f_auto,q_auto/league/xsouytbemfb1sdbo86jk",GAL087428,,32004741-4c08-7428-dcc4-6ea2d79221bc,,,
1994,GB,OL,G,0,ACT,Harry Galbreath,Harry,Galbreath,1965-01-01,73,275,,00-0005702,,,,,,,,,,"https://static.www.nfl.com/image/private/f_auto,q_auto/league/i2hml6jeayyvumih54zs",GAL174856,,32004741-4c17-4856-fe7c-6092bed108a4,,,
1994,PIT,OL,G,0,ACT,Kendall Gammon,Kendall,Gammon,1968-10-23,76,286,,00-0005732,,,,,,,,,,"https://static.www.nfl.com/image/private/f_auto,q_auto/league/d5v5naevtv9p4nhs4cxh",GAM764134,,32004741-4d76-4134-970f-f68b96bd103e,,,
1994,RAM,OL,OT,0,ACT,Wayne Gandy,Wayne,Gandy,1971-02-10,77,289,,00-0005736,,,,,,,,,,"https://static.www.nfl.com/image/private/f_auto,q_auto/league/dtfzyy2yeft8jgju2n1i",GAN132154,,32004741-4e13-2154-c200-bcec211a394d,,,
1994,DAL,DB,DB,0,ACT,Kenneth Gant,Kenneth,Gant,1967-04-18,71,189,,00-0005745,,,,,,,,,,"https://static.www.nfl.com/image/private/f_auto,q_auto/league/dyj26yocto3jmu93kbpx",GAN533943,,32004741-4e53-3943-2167-297ba6f4da45,,,
1994,BUF,RB,FB,0,ACT,Carwell Gardner,Carwell,Gardner,1966-11-27,74,244,,00-0005764,,,,,,,,,,"https://static.www.nfl.com/image/private/f_auto,q_auto/league/d6mefzqvbqnyqderapkr",GAR156710,,32004741-5215-6710-2947-dee6fa5b995d,,,
1994,ATL,DL,DT,0,ACT,Moe Gardner,Morris,Gardner,1968-08-10,74,261,,00-0005770,,,,,,,,,,"https://static.www.nfl.com/image/private/f_auto,q_auto/league/tup1hmdkvkwvl93ub1hn",GAR207640,,32004741-5220-7640-7294-f6f873c07063,,,
1994,CHI,SPEC,P,0,ACT,Chris Gardocki,Christopher,Gardocki,1970-02-07,73,188,,00-0005771,,,,,,,,,,"https://static.www.nfl.com/image/private/f_auto,q_auto/league/kcmjgepucpdyxqjy8r1j",GAR211558,,32004741-5221-1558-be02-366640354ca6,,,
1994,PHI,RB,RB,0,ACT,Charlie Garner,Charles,Garner,1972-02-13,69,181,,00-0005779,,,,,,,,,,"https://static.www.nfl.com/image/private/f_auto,q_auto/league/i6vgoizxzlnf1ecxnzbq",GAR274242,,32004741-5227-4242-521a-ec9b9c57ee37,,,
1994,MIN,LB,LB,0,ACT,Dave Garnett,David,Garnett,1970-12-06,74,225,,00-0005786,,,,,,,,,,"https://static.www.nfl.com/image/private/f_auto,q_auto/league/t8xvkjh3lqcq42vqalw8",GAR336926,,32004741-5233-6926-670c-e99a9082ecc4,,,
1994,DAL,QB,QB,17,ACT,Jason Garrett,Jason,Garrett,1966-03-28,74,196,,00-0005794,,,,,,,,,,"https://static.www.nfl.com/image/private/f_auto,q_auto/league/dgrr8txfkt9xv2fjte8g",GAR446623,,32004741-5244-6623-92d2-a8735d7c1cf8,,,
1994,MIA,RB,RB,0,ACT,Cleveland Gary,Cleveland,Gary,1966-05-04,72,226,,00-0005810,,,,,,,,,,"https://static.www.nfl.com/image/private/f_auto,q_auto/league/exyvghdj2ppjh7mr9e1l",GAR736537,,32004741-5273-6537-832c-7fe1506b22de,,,
1994,NE,RB,RB,33,ACT,Sam Gash,Samuel,Gash,1969-03-07,72,224,,00-0005822,,,,,,,,,,"https://static.www.nfl.com/image/private/f_auto,q_auto/league/pguoym85xaq8uwimu14m",GAS153366,,32004741-5315-3366-4b8e-fdb02836f04f,,,
1994,KC,DB,SAF,0,CUT,Matt Gay,Matthew,Gay,1970-04-03,71,180,,00-0005840,,,,,,,,,,"https://static.www.nfl.com/image/private/f_auto,q_auto/league/fe7wz7rstpnyzsbblz9n",GAY319670,,32004741-5931-9670-c624-dfc1a939f039,,,
1994,CHI,DB,S,0,ACT,Shaun Gayle,Shaun,Gayle,1962-03-08,71,202,,00-0005847,,,,,,,,,,"https://static.www.nfl.com/image/private/f_auto,q_auto/league/fzizgglrdy7othzmiydu",GAY664464,,32004741-5966-4464-8918-31a056a6159f,,,
1994,ATL,DL,DT,0,ACT,Jumpy Geathers,James,Geathers,1960-06-26,79,290,,00-0005857,,,,,,,,,,"https://static.www.nfl.com/image/private/f_auto,q_auto/league/dqcwsinkbhoiwb9cllza",GEA415291,,32004745-4141-5291-a11f-bc67500623a5,,,
1994,CHI,TE,TE,84,RES,Chris Gedney,Christopher,Gedney,1970-08-09,77,262,,00-0005860,,,,,,,,,,"https://static.www.nfl.com/image/private/f_auto,q_auto/league/fawt4mqabakxxzhjo6dz",GED637767,,32004745-4463-7767-766a-c5121baa95f7,,,
1994,SEA,QB,QB,8,ACT,Stan Gelbaugh,Stanley,Gelbaugh,1962-12-04,75,207,,00-0005869,,,,,,,,,,"https://static.www.nfl.com/image/private/f_auto,q_auto/league/vrwq2e2pfzkmjrllvi1w",GEL553722,,32004745-4c55-3722-524b-6d7b1bc0fc19,,,
1994,ATL,QB,QB,1,ACT,Jeff George,Jeffrey,George,1967-12-08,76,218,,00-0005885,,,,,,,,,,"https://static.www.nfl.com/image/private/f_auto,q_auto/league/uabmi177yp8gxi5rjgsz",GEO276861,,32004745-4f27-6861-51a3-488268d13ae0,,,
1994,ATL,LB,OLB,0,ACT,Ron George,Ronald,George,1970-03-20,74,225,,00-0005890,,,,,,,,,,"https://static.www.nfl.com/image/private/f_auto,q_auto/league/vstbi8iumfb4skh2ai1z",GEO471935,,32004745-4f47-1935-7ae2-da5c66c71f70,,,
1994,MIN,OL,G,0,ACT,John Gerak,John,Gerak,1970-01-06,75,285,,00-0005894,,,,,,,,,,"https://static.www.nfl.com/image/private/f_auto,q_auto/league/uwvsbthcedu0yq0mcftg",GER055371,,32004745-5205-5371-3fc0-a1ce43bc10c0,,,
1994,WAS,OL,C,0,ACT,John Gesek,John,Gesek,1963-02-18,77,282,,00-0005907,,,,,,,,,,"https://static.www.nfl.com/image/private/f_auto,q_auto/league/abboqwvldzeocf266iuy",GES415291,,32004745-5341-5291-851d-663c383de171,,,
1994,SD,LB,MLB,0,ACT,Dennis Gibson,Dennis,Gibson,1964-02-08,74,240,,00-0005933,,,,,,,,,,"https://static.www.nfl.com/image/private/f_auto,q_auto/league/peyock5v4273tonfdxkk",GIB553714,,32004749-4255-3714-1740-7b8c0a2be9fd,,,
1994,SD,QB,QB,0,ACT,Gale Gilbert,Gale,Gilbert,1961-12-20,75,209,,00-0005953,,,,,,,,,,"https://static.www.nfl.com/image/private/f_auto,q_auto/league/qxjcyumzw5h3hody2l7i",GIL067344,,32004749-4c06-7344-d5da-c0c17739db3d,,,
1994,RAM,DL,DT,0,ACT,Sean Gilbert,Sean,Gilbert,1970-04-10,77,315,,00-0005962,,,,,,,,,,"https://static.www.nfl.com/image/private/f_auto,q_auto/league/mgnmjvpegeb0elh07qqy",GIL126525,,32004749-4c12-6525-2c0d-f05abaab922e,,,
1994,PIT,LB,LB,0,ACT,Jason Gildon,Jason,Gildon,1972-07-31,75,237,,00-0005967,,,,,,,,,,"https://static.www.nfl.com/image/private/f_auto,q_auto/league/yigpbh3tpseg3a7orez5",GIL258152,,32004749-4c25-8152-15d1-06b9578c1ca9,,,
1994,NE,OL,C,0,ACT,Mike Gisler,Michael,Gisler,1969-08-26,76,300,,00-0006009,,,,,,,,,,"https://static.www.nfl.com/image/private/f_auto,q_auto/league/tzd5xi3b8y1unabhue8p",GIS269938,,32004749-5326-9938-da43-0ec6b41d67c2,,,
1994,HOU,WR,WR,0,ACT,Ernest Givins,Ernest,Givins,1964-09-03,69,178,,00-0006015,,,,,,,,,,"https://static.www.nfl.com/image/private/f_auto,q_auto/league/zkvwfhaul3crsorbnrdq",GIV415291,,32004749-5641-5291-f77a-27a6a6bbbbfd,,,
1994,NYJ,DB,CB,0,ACT,Aaron Glenn,Aaron,Glenn,1972-07-16,69,185,,00-0006034,,,,,,,,,,"https://static.www.nfl.com/image/private/f_auto,q_auto/league/iy9kejgttnjveyt4dkbu",GLE126430,,3200474c-4512-6430-eee9-da3b42c95ace,,,
1994,MIN,DB,FS,0,ACT,Vencie Glenn,Vencie,Glenn,1964-10-26,72,201,,00-0006044,,,,,,,,,,"https://static.www.nfl.com/image/private/f_auto,q_auto/league/ewqvr7lnyeazue3tgkuc",GLE415290,,3200474c-4541-5290-50bf-1cde53b0ba6e,,,
1994,RAI,TE,TE,0,ACT,Andrew Glover,Andrew,Glover,1967-08-12,78,245,,00-0006047,,,,,,,,,,"https://static.www.nfl.com/image/private/f_auto,q_auto/league/oqp41bj93zjllmudwfrf",GLO404040,,3200474c-4f40-4040-2cd3-b129b23d89ca,,,
1994,DET,OL,C,53,ACT,Kevin Glover,Kevin,Glover,1963-06-17,74,282,,00-0006050,,,,,,,,,,"https://static.www.nfl.com/image/private/f_auto,q_auto/league/waev3hnfyvybz1kdmfhf",GLO553720,,3200474c-4f55-3720-ed06-3d9fe51b5ca7,,,
1994,NE,DL,NT,0,RES,Tim Goad,Timothy,Goad,1966-02-28,75,280,,00-0006055,,,,,,,,,,"https://static.www.nfl.com/image/private/f_auto,q_auto/league/qqxi4vvlcepdcbwyklmz",GOA415290,,3200474f-4141-5290-91d5-7f812714115d,,,
1994,RAM,OL,G,0,ACT,Leo Goeas,Leo,Goeas,1966-08-15,76,292,,00-0006064,,,,,,,,,,"https://static.www.nfl.com/image/private/f_auto,q_auto/league/wanycjhy0y3lr2c4zjdg",GOE118654,,3200474f-4511-8654-5bf9-5c4cfdf5ec66,,,
1994,CLE,QB,QB,0,ACT,Brad Goebel,Bradley,Goebel,1967-10-13,75,198,,00-0006065,,,,,,,,,,"https://static.www.nfl.com/image/private/f_auto,q_auto/league/guzpdc7y5nkfxomnhqpi",GOE226058,,3200474f-4522-6058-8974-fadfb5655e31,,,
1994,NO,DL,DT,0,ACT,Robert Goff,Robert,Goff,1965-10-02,75,270,,00-0006074,,,,,,,,,,"https://static.www.nfl.com/image/private/f_auto,q_auto/league/hkavaznefd9ugc7j5bor",GOF332232,,3200474f-4633-2232-9eae-16be1ee4ccca,,,
1994,RAI,OL,G,0,ACT,Kevin Gogan,Kevin,Gogan,1964-11-02,79,325,,00-0006078,,,,,,,,,,"https://static.www.nfl.com/image/private/f_auto,q_auto/league/bwzqaiksazjgt8pimxmy",GOG207645,,3200474f-4720-7645-cc0f-546f34f00436,,,
1994,BUF,LB,LB,0,ACT,Keith Goganious,Keith,Goganious,1968-12-07,74,239,,00-0006079,,,,,,,,,,"https://static.www.nfl.com/image/private/f_auto,q_auto/league/nqcewnex0hdhfucj9dt9",GOG220395,,3200474f-4722-0395-93ad-b3f48097530e,,,
1994,PHI,DB,DB,0,ACT,Marvin Goodwin,Marvin,Goodwin,1972-09-21,72,199,,00-0006135,,,,,,,,,,"https://static.www.nfl.com/image/private/f_auto,q_auto/league/nwma8jzlv7o1ckw8s2wu",GOO682380,,3200474f-4f68-2380-fcfb-9178a0a40498,,,
1994,SD,DB,CB,0,ACT,Darrien Gordon,Darrien,Gordon,1970-11-14,71,182,,00-0006148,,,,,,,,,,"https://static.www.nfl.com/image/private/f_auto,q_auto/league/lpgrasgfiatbl3b23xcf",GOR097836,,3200474f-5209-7836-d4cf-9cb0707040b8,,,
1994,ATL,LB,LB,0,ACT,Dwayne Gordon,Dwayne,Gordon,1969-11-02,73,231,,00-0006149,,,,,,,,,,"https://static.www.nfl.com/image/private/f_auto,q_auto/league/z1pci91xliyawwllhb6l",GOR118836,,3200474f-5211-8836-80b9-137d9c662bf5,,,
1994,SF,LB,LB,0,ACT,Antonio Goss,Antonio,Goss,1966-08-11,76,228,,00-0006169,,,,,,,,,,"https://static.www.nfl.com/image/private/f_auto,q_auto/league/qfelunjxf710ylzmh1nx",GOS138430,,3200474f-5313-8430-c094-0d0363619eed,,,
1994,RAI,SPEC,P,7,ACT,Jeff Gossett,Jeffery,Gossett,1957-01-25,74,195,,00-0006170,,,,,,,,,,"https://static.www.nfl.com/image/private/f_auto,q_auto/league/ix62f7desiynujqojhfo",GOS692150,,3200474f-5369-2150-b089-84b48b43afac,,,
1994,WAS,LB,LB,0,ACT,Kurt Gouveia,Kurt,Gouveia,1964-09-14,73,233,,00-0006178,,,,,,,,,,"https://static.www.nfl.com/image/private/f_auto,q_auto/league/ptctf7fv5zmfugabwzim",GOU415291,,3200474f-5541-5291-5817-3d8f120fe031,,,
1994,WAS,LB,LB,0,RES,Rick Graf,Richard,Graf,1964-08-29,77,244,,00-0006192,,,,,,,,,,"https://static.www.nfl.com/image/private/f_auto,q_auto/league/ujxobikzgd6vaqxorkxp",GRA095460,,32004752-4109-5460-3362-c04e8b9bae8d,,,
1994,KC,OL,OT,0,ACT,Derrick Graham,Dettrice,Graham,1967-03-18,76,305,,00-0006204,,,,,,,,,,"https://static.www.nfl.com/image/private/f_auto,q_auto/league/x3ajjcmf3f6vp53kstlf",GRA171828,,32004752-4117-1828-9eaf-b39655dbbd2e,,,
1994,SEA,QB,QB,0,ACT,Jeff Graham,Jeff,Graham,1966-02-05,77,220,,00-0006209,,,,,,,,,,"https://static.www.nfl.com/image/private/f_auto,q_auto/league/ubsn0l1lbjhphpxlc9mc",GRA206432,,32004752-4120-6432-90fd-37009e10f12a,,,
1994,CHI,WR,WR,0,ACT,Jeff Graham,Jeffrey,Graham,1969-02-14,74,193,,00-0006210,,,,,,,,,,"https://static.www.nfl.com/image/private/f_auto,q_auto/league/mqzq4wjc9gvcgexxi6pj",GRA207028,,32004752-4120-7028-3d70-093b94b9d681,,,
1994,NYG,QB,QB,0,ACT,Kent Graham,Kent,Graham,1968-11-01,77,220,,00-0006212,,,,,,,,,,"https://static.www.nfl.com/image/private/f_auto,q_auto/league/vz3a1vly64t07tpjtqx0",GRA207625,,32004752-4120-7625-3486-508856a6335c,,,
1994,MIN,RB,FB,0,ACT,Scottie Graham,James,Graham,1969-03-28,69,219,,00-0006220,,,,,,,,,,"https://static.www.nfl.com/image/private/f_auto,q_auto/league/p2m4if0zg08ylho1jrqp",GRA202665,,32004752-4120-2665-4ffd-4a78d6b0f4eb,,,
1994,WAS,DB,DB,0,ACT,Alan Grant,Alan,Grant,1966-10-01,70,187,,00-0006230,,,,,,,,,,"https://static.www.nfl.com/image/private/f_auto,q_auto/league/kand36jhphs06yy9dblp",GRA391386,,32004752-4139-1386-8e1a-20d15acca9ac,,,
1994,IND,LB,OLB,0,ACT,Steve Grant,Stephen,Grant,1969-12-23,72,231,,00-0006245,,,,,,,,,,"https://static.www.nfl.com/image/private/f_auto,q_auto/league/xqophe03fjyrzjqvqfn3",GRA498301,,32004752-4149-8301-8322-7510fafff77b,,,
1994,SEA,DB,CB,26,RES,Carlton Gray,Carlton,Gray,1971-06-26,72,191,,00-0006265,,,,,,,,,,"https://static.www.nfl.com/image/private/f_auto,q_auto/league/h6cndrldpaprh3igdand",GRA606171,,32004752-4160-6171-7a0d-2fac85d542dc,,,
1994,IND,OL,OT,0,ACT,Cecil Gray,Cecil,Gray,1968-02-16,76,292,,00-0006266,,,,,,,,,,"https://static.www.nfl.com/image/private/f_auto,q_auto/league/fa4mlpphdx24tyxmmocw",GRA610944,,32004752-4161-0944-be27-c5726a8aeb27,,,
1994,MIA,OL,G,62,ACT,Chris Gray,Christopher,Gray,1970-06-19,76,289,,00-0006268,,,,,,,,,,"https://static.www.nfl.com/image/private/f_auto,q_auto/league/jztlihtoidyrqqwq2ze0",GRA615717,,32004752-4161-5717-fa56-08cc4394a4bc,,,
1994,IND,DB,DB,0,ACT,Derwin Gray,Derwin,Gray,1971-04-09,71,190,,00-0006270,,,,,,,,,,"https://static.www.nfl.com/image/private/f_auto,q_auto/league/blae97hldirwxpygydfb",GRA644355,,32004752-4164-4355-20cd-6ac9b6de3df7,,,
1994,DET,RB,RB,0,ACT,Mel Gray,Melvin,Gray,1961-03-16,69,171,,00-0006282,,,,,,,,,,"https://static.www.nfl.com/image/private/f_auto,q_auto/league/rfuw3dh4aah4l4eeuubp",GRA749361,,32004752-4174-9361-3510-1507808da593,,,
1994,SF,QB,QB,0,ACT,Elvis Grbac,Elvis,Grbac,1970-08-13,77,232,,00-0006300,,,,,,,,,,"https://static.www.nfl.com/image/private/f_auto,q_auto/league/s4ry52iclpzzgg1aave6",GRB059326,,32004752-4205-9326-9fe8-deefcf9b4605,,,
1994,MIA,DB,SAF,0,ACT,Chris Green,Christopher,Green,1968-02-26,71,192,,00-0006311,,,,,,,,,,"https://static.www.nfl.com/image/private/f_auto,q_auto/league/dkg09u0telzi5djjxfws",GRE119325,,32004752-4511-9325-8aa6-9241cdadadbc,,,
1994,WAS,DB,CB,0,ACT,Darrell Green,Darrell,Green,1960-02-15,68,170,,00-0006316,,,,,,,,,,"https://static.www.nfl.com/image/private/f_auto,q_auto/league/cwcts1c4ok7r03ssniua",GRE152736,,32004752-4515-2736-107e-fa289c286924,,,
1994,PIT,TE,TE,0,ACT,Eric Green,Bernard,Green,1967-06-22,77,274,,00-0006324,,,,,,,,,,"https://static.www.nfl.com/image/private/f_auto,q_auto/league/pq08efgj1t149rtjoizt",GRE085914,,32004752-4508-5914-656d-ed8865500266,,,
1994,CIN,RB,RB,0,ACT,Harold Green,Harold,Green,1968-01-29,74,222,,00-0006328,,,,,,,,,,"https://static.www.nfl.com/image/private/f_auto,q_auto/league/lm765ei5zkdi01vq1cxm",GRE219558,,32004752-4521-9558-97a1-011c390fc62b,,,
1994,SEA,TE,TE,0,ACT,Paul Green,Paul,Green,1966-10-08,75,230,,00-0006344,,,,,,,,,,"https://static.www.nfl.com/image/private/f_auto,q_auto/league/c9rtrnty6a1n1uhy4f9t",GRE330291,,32004752-4533-0291-9d6a-fac0d15d17c2,,,
1994,CHI,RB,RB,22,ACT,Robert Green,Robert,Green,1970-09-10,68,209,,00-0006346,,,,,,,,,,"https://static.www.nfl.com/image/private/f_auto,q_auto/league/zw3esao0rt6tdweibw6l",GRE332200,,32004752-4533-2200-1ed3-e0a3a8f34a2a,,,
1994,TB,DB,DB,0,ACT,Rogerick Green,Rogerick,Green,1969-12-15,72,185,,00-0006348,,,,,,,,,,"https://static.www.nfl.com/image/private/f_auto,q_auto/league/jczif422n1j9vwwwlacn",GRE332995,,32004752-4533-2995-fb4c-bada7072f857,,,
1994,NYJ,DB,CB,0,ACT,Victor Green,Victor,Green,1969-12-08,71,195,,00-0006356,,,,,,,,,,"https://static.www.nfl.com/image/private/f_auto,q_auto/league/icbakbwocujuheg0akez",GRE377067,,32004752-4537-7067-c2e2-208b789444fa,,,
1994,TB,WR,WR,0,CUT,Willie Green,Willie,Green,1966-04-02,76,180,,00-0006358,,,,,,,,,,"https://static.www.nfl.com/image/private/f_auto,q_auto/league/b0445ohjd3n1cqdqgpcz",GRE386613,,32004752-4538-6613-87c5-b0251e955f68,,,
1994,SD,OL,OT,0,RES,Ernest Greene,Ernest,Greene,1971-02-25,77,294,,00-0006366,,,,,,,,,,"https://static.www.nfl.com/image/private/f_auto,q_auto/league/hraecoxffjeaclnll90x",GRE443889,,32004752-4544-3889-f285-6d494a751063,,,
1994,PIT,LB,OLB,0,ACT,Kevin Greene,Kevin,Greene,1962-07-31,75,247,,00-0006373,,,,,,,,,,"https://static.www.nfl.com/image/private/f_auto,q_auto/league/nwdcpjkal7ye5lew1wts",GRE486846,,32004752-4548-6846-4bac-0fb747d5fc9d,,,
1994,KC,TE,TE,0,ACT,Tracy Greene,Tracy,Greene,1972-11-05,77,276,,00-0006384,,,,,,,,,,"https://static.www.nfl.com/image/private/f_auto,q_auto/league/rzakwstei5hc8gdohtsz",GRE529803,,32004752-4552-9803-6748-0ba53157e97b,,,
1994,CLE,DB,CB,0,ACT,Don Griffin,Donald,Griffin,1964-03-17,72,176,,00-0006434,,,,,,,,,,"https://static.www.nfl.com/image/private/f_auto,q_auto/league/jgrcitqotxwjicmxkx2c",GRI094380,,32004752-4909-4380-307e-711d0d379cca,,,
1994,RAM,RB,RB,0,ACT,Howard Griffith,Howard,Griffith,1967-11-17,72,223,,00-0006456,,,,,,,,,,"https://static.www.nfl.com/image/private/f_auto,q_auto/league/pdlcmruxpeaz8jausch1",GRI439086,,32004752-4943-9086-3901-cf20fbff1bb3,,,
1994,MIN,DB,DB,0,ACT,Robert Griffith,Robert,Griffith,1970-11-30,71,200,,00-0006459,,,,,,,,,,"https://static.www.nfl.com/image/private/f_auto,q_auto/league/mgxxpzvauryexjhku7ee",GRI448524,,32004752-4944-8524-abaf-14125a6e0c20,,,
1994,SD,LB,OLB,0,ACT,David Griggs,David,Griggs,1967-02-05,75,250,,00-0006464,,,,,,,,,,"https://static.www.nfl.com/image/private/f_auto,q_auto/league/hh3enzxqbydkplousz9u",GRI566280,,32004752-4956-6280-25bc-232e88f0aa38,,,
1994,PHI,DL,DE,0,ACT,Burt Grossman,Burton,Grossman,1967-04-10,76,275,,00-0006501,,,,,,,,,,"https://static.www.nfl.com/image/private/f_auto,q_auto/league/c245rdlk0cdjizuxxj4w",GRO490789,,32004752-4f49-0789-38a7-06e202c58eb8,,,
1994,KC,DB,SAF,0,ACT,Monty Grow,Monty,Grow,1971-09-04,75,214,,00-0006505,,,,,,,,,,"https://static.www.nfl.com/image/private/f_auto,q_auto/league/uwustxbj6v3mu3hafcpn",GRO764498,,32004752-4f76-4498-cc28-a56e0b8098c1,,,
1994,TB,OL,OT,0,ACT,Paul Gruber,Paul,Gruber,1965-02-24,77,290,,00-0006508,,,,,,,,,,"https://static.www.nfl.com/image/private/f_auto,q_auto/league/ummmw7vk4qohm27ruvju",GRU369148,,32004752-5536-9148-9188-46762bef71bb,,,
1994,KC,OL,C,0,ACT,Tim Grunhard,Timothy,Grunhard,1968-05-17,74,299,,00-0006513,,,,,,,,,,"https://static.www.nfl.com/image/private/f_auto,q_auto/league/knhptvitloa4f18cnbmz",GRU646009,,32004752-5564-6009-11b9-06e3d9c26177,,,
1994,MIN,WR,WR,0,ACT,Eric Guliford,Eric,Guliford,1969-10-25,68,165,,00-0006536,,,,,,,,,,"https://static.www.nfl.com/image/private/f_auto,q_auto/league/vh5iwwicesy3clknqq7x",GUL221145,,32004755-4c22-1145-3986-f8d1ad2e7dae,,,
1994,NO,DL,DE,0,ACT,Mark Gunn,Mark,Gunn,1968-07-24,77,279,,00-0006545,,,,,,,,,,"https://static.www.nfl.com/image/private/f_auto,q_auto/league/iv0amurfjvxdnucdtcuj",GUN324216,,32004755-4e32-4216-5ca3-270b12dbf35d,,,
1994,NYJ,DL,DE,0,TRC,Mark Gunn,Mark,Gunn,1968-07-24,77,279,,00-0006545,,,,,,,,,,"https://static.www.nfl.com/image/private/f_auto,q_auto/league/iv0amurfjvxdnucdtcuj",GUN324216,,32004755-4e32-4216-5ca3-270b12dbf35d,,,
1994,NE,DB,FS,0,ACT,Myron Guyton,Myron,Guyton,1967-08-26,73,205,,00-0006568,,,,,,,,,,"https://static.www.nfl.com/image/private/f_auto,q_auto/league/zqmk2z7k5ztmf3kkglty",GUY711924,,32004755-5971-1924-561f-875eced1fcee,,,
1994,DEN,OL,G,0,ACT,Brian Habib,Brian,Habib,1964-12-02,79,292,,00-0006577,,,,,,,,,,"https://static.www.nfl.com/image/private/f_auto,q_auto/league/t8vxmqjyd1nkboriedix",HAB415291,,32004841-4241-5291-e29e-515e78479f62,,,
1994,PHI,LB,MLB,0,ACT,Britt Hager,Britt,Hager,1966-02-20,73,222,,00-0006603,,,,,,,,,,"https://static.www.nfl.com/image/private/f_auto,q_auto/league/wc46gnwcix7qssedqq28",HAG341999,,32004841-4734-1999-11a9-dd260589677b,,,
1994,CLE,DB,DB,0,ACT,Stacey Hairston,Stacey,Hairston,1967-08-16,69,180,,00-0006623,,,,,,,,,,"https://static.www.nfl.com/image/private/f_auto,q_auto/league/fiz9jebicxv8c67ohifb",HAI757272,,32004841-4975-7272-4001-b887adb83e1f,,,
1994,DAL,DL,DE,94,ACT,Charles Haley,Charles,Haley,1964-01-06,77,250,,00-0006633,,,,,,,,,,"https://static.www.nfl.com/image/private/f_auto,q_auto/league/y4qk3ik6rv3uyf4agg1y",HAL084750,,32004841-4c08-4750-b963-5cd83f3b5a36,,,
1994,SD,OL,C,53,ACT,Courtney Hall,Courtney,Hall,1968-08-26,73,281,,00-0006648,,,,,,,,,,"https://static.www.nfl.com/image/private/f_auto,q_auto/league/dzsmecjje1okyei2o66s",HAL237300,,32004841-4c23-7300-68be-ba9f08009904,,,
1994,HOU,LB,LB,51,ACT,Lemanski Hall,Lemanski,Hall,1970-11-24,72,229,,00-0006668,,,,,,,,,,"https://static.www.nfl.com/image/private/f_auto,q_auto/league/zjmcceoqblgnq7mo6lbs",HAL432225,,32004841-4c43-2225-8230-b2aabeab30dd,,,
1994,SF,DL,DT,0,ACT,Rhett Hall,Rhett,Hall,1968-12-05,74,260,,00-0006676,,,,,,,,,,"https://static.www.nfl.com/image/private/f_auto,q_auto/league/p0e68qf2leogylhcxhko",HAL500025,,32004841-4c50-0025-10fd-960c50ab7182,,,
1994,DET,TE,TE,0,RES,Ron Hall,Ronald,Hall,1964-03-15,76,245,,00-0006678,,,,,,,,,,"https://static.www.nfl.com/image/private/f_auto,q_auto/league/jl81dx1qqoascxuuwogv",HAL508500,,32004841-4c50-8500-c71e-b4c61dad73d0,,,
1994,DET,TE,TE,0,ACT,Ty Hallock,Ty,Hallock,1971-04-30,74,249,,00-0006692,,,,,,,,,,"https://static.www.nfl.com/image/private/f_auto,q_auto/league/zl6mlfofayl7kbpmljir",HAL652575,,32004841-4c65-2575-9b68-0d865fc5bd7e,,,
1994,SEA,DL,DE,0,RES,Bobby Hamilton,Bobby,Hamilton,1971-07-01,77,269,,00-0006708,,,,,,,,,,"https://static.www.nfl.com/image/private/f_auto,q_auto/league/htkdwxuq21zp83upwuro",HAM195059,,32004841-4d19-5059-b4bf-0589708dc08b,,,
1994,NYG,DL,DE,0,ACT,Keith Hamilton,Keith,Hamilton,1971-05-25,78,280,,00-0006719,,,,,,,,,,"https://static.www.nfl.com/image/private/f_auto,q_auto/league/l6jlkr4pxp3y3h0s2b2r",HAM245397,,32004841-4d24-5397-238b-761ee8f0c34c,,,
1994,WAS,LB,LB,0,TRC,Rick Hamilton,Richard,Hamilton,1970-04-19,74,241,,00-0006727,,,,,,,,,,"https://static.www.nfl.com/image/private/f_auto,q_auto/league/lgmisqczmlekej6fyvpb",HAM336197,,32004841-4d33-6197-1764-3dbdda8def4a,,,
1994,KC,LB,LB,0,ACT,Rick Hamilton,Richard,Hamilton,1970-04-19,74,241,,00-0006727,,,,,,,,,,"https://static.www.nfl.com/image/private/f_auto,q_auto/league/lgmisqczmlekej6fyvpb",HAM336197,,32004841-4d33-6197-1764-3dbdda8def4a,,,
1994,GB,LB,LB,0,ACT,Ruffin Hamilton,Ruffin,Hamilton,1971-03-02,73,230,,00-0006728,,,,,,,,,,"https://static.www.nfl.com/image/private/f_auto,q_auto/league/zaectv2rqraqtritjuxt",HAM344281,,32004841-4d34-4281-3bc8-a99ba176ddd9,,,
1994,NYG,RB,RB,0,ACT,Rodney Hampton,Rodney,Hampton,1969-04-03,71,215,,00-0006759,,,,,,,,,,"https://static.www.nfl.com/image/private/f_auto,q_auto/league/lczkiiwmpkrrpeszhxgq",HAM780239,,32004841-4d78-0239-5f96-e732b10a884f,,,
1994,IND,DL,DE,0,ACT,Jon Hand,Jon,Hand,1963-11-13,79,300,,00-0006765,,,,,,,,,,"https://static.www.nfl.com/image/private/f_auto,q_auto/league/uhgjvpsfx6fee5hbd996",HAN092285,,32004841-4e09-2285-f4f1-04ea4c5794ff,,,
1994,SF,DB,FS,36,ACT,Merton Hanks,Merton,Hanks,1968-03-12,74,185,,00-0006775,,,,,,,,,,"https://static.www.nfl.com/image/private/f_auto,q_auto/league/hbjcnbxfm9qhrziwcwjx",HAN175341,,32004841-4e17-5341-774a-d6ea6ba8fd79,,,
1994,NO,DL,DT,0,RES,Jim Hanna,Jimmy,Hanna,1971-08-10,76,255,,00-0006780,,,,,,,,,,"https://static.www.nfl.com/image/private/f_auto,q_auto/league/ptcvzx3zrzsybx4ewnxi",HAN249169,,32004841-4e24-9169-2e7a-c7f912f61722,,,
1994,HOU,WR,WR,0,ACT,Travis Hannah,Travis,Hannah,1970-01-31,67,161,,00-0006786,,,,,,,,,,"https://static.www.nfl.com/image/private/f_auto,q_auto/league/bbeh9qm9woxw8fpaens6",HAN304540,,32004841-4e30-4540-a3ef-3478dd7113d2,,,
1994,NYJ,SPEC,P,0,ACT,Brian Hansen,Brian,Hansen,1960-10-26,76,215,,00-0006791,,,,,,,,,,"https://static.www.nfl.com/image/private/f_auto,q_auto/league/la6gqkslk3l3bxl6fpp6",HAN498339,,32004841-4e49-8339-29bd-560704f88968,,,
1994,BUF,DL,DE,0,ACT,Phil Hansen,Philip,Hansen,1968-05-20,77,278,,00-0006795,,,,,,,,,,"https://static.www.nfl.com/image/private/f_auto,q_auto/league/vs9t9eplw7unflv7eh8z",HAN587268,,32004841-4e58-7268-f1d2-a89ed3c2b74f,,,
1994,DET,SPEC,K,0,ACT,Jason Hanson,Jason,Hanson,1970-06-17,71,183,,00-0006800,,,,,,,,,,"https://static.www.nfl.com/image/private/f_auto,q_auto/league/q9nslxhklckxgph3hwac",HAN671834,,32004841-4e67-1834-e621-20350f67aa24,,,
1994,IND,QB,QB,0,ACT,Jim Harbaugh,James,Harbaugh,1963-12-23,75,215,,00-0006808,,,,,,,,,,"https://static.www.nfl.com/image/private/f_auto,q_auto/league/twafi9vpvkbhnzzlgfij",HAR004303,,32004841-5200-4303-8cf1-d02ef8d84a63,,,
1994,SF,DB,CB,0,TRC,Adrian Hardy,Adrian,Hardy,1970-08-16,71,194,,00-0006832,,,,,,,,,,"https://static.www.nfl.com/image/private/f_auto,q_auto/league/ntfzasbggdgbybxru9u8",HAR070999,,32004841-5207-0999-9fd2-ed12a49d22c2,,,
1994,CIN,DB,CB,0,ACT,Adrian Hardy,Adrian,Hardy,1970-08-16,71,194,,00-0006832,,,,,,,,,,"https://static.www.nfl.com/image/private/f_auto,q_auto/league/ntfzasbggdgbybxru9u8",HAR070999,,32004841-5207-0999-9fd2-ed12a49d22c2,,,
1994,ARI,LB,LB,0,ACT,Darryl Hardy,Darryl,Hardy,1968-11-22,74,220,,00-0006837,,,,,,,,,,"https://static.www.nfl.com/image/private/f_auto,q_auto/league/kzrmlw5oeybsmfposmfl",HAR092514,,32004841-5209-2514-d80f-433f6e316087,,,
1994,NE,OL,OT,0,ACT,Pat Harlow,Patrick,Harlow,1969-03-16,78,290,,00-0006862,,,,,,,,,,"https://static.www.nfl.com/image/private/f_auto,q_auto/league/nkblfgamdaamqf7mls3e",HAR186104,,32004841-5218-6104-617b-287c89551999,,,
1994,PHI,DL,DT,91,ACT,Andy Harmon,Andrew,Harmon,1969-04-06,76,265,,00-0006864,,,,,,,,,,"https://static.www.nfl.com/image/private/f_auto,q_auto/league/ihxa0x71vxhcbb2yovqk",HAR187180,,32004841-5218-7180-1723-f28cc846137d,,,
1994,SD,RB,RB,0,ACT,Ronnie Harmon,Ronnie,Harmon,1964-05-07,71,207,,00-0006874,,,,,,,,,,"https://static.www.nfl.com/image/private/f_auto,q_auto/league/g8atj0voydgllzuzdch0",HAR215150,,32004841-5221-5150-bf9d-cec4bb6ee355,,,
1994,DAL,WR,WR,0,ACT,Alvin Harper,Alvin,Harper,1968-07-06,76,208,,00-0006877,,,,,,,,,,"https://static.www.nfl.com/image/private/f_auto,q_auto/league/oybjuhxua9jsnw8cdohe",HAR238816,,32004841-5223-8816-f17c-679d3b92d358,,,
1994,SD,DB,CB,0,ACT,Dwayne Harper,Dwayne,Harper,1966-03-29,71,175,,00-0006881,,,,,,,,,,"https://static.www.nfl.com/image/private/f_auto,q_auto/league/elzasilbsim0oadopunj",HAR258180,,32004841-5225-8180-cde1-73e6aaf4cfa9,,,
1994,ATL,DB,S,0,RES,Roger Harper,Roger,Harper,1970-10-26,74,223,,00-0006894,,,,,,,,,,"https://static.www.nfl.com/image/private/f_auto,q_auto/league/g0qzaq7rld8lnnrkjuoh",HAR290452,,32004841-5229-0452-1188-979f46b535f5,,,
1994,NYG,WR,WR,0,ACT,Gary Harrell,Gary,Harrell,1972-01-23,67,170,,00-0006902,,,,,,,,,,"https://static.www.nfl.com/image/private/f_auto,q_auto/league/voavhgrokgznnijhjkxv",HAR306588,,32004841-5230-6588-7bf1-6035ce8ed976,,,
1994,GB,WR,WR,0,ACT,Corey Harris,Corey,Harris,1969-10-25,71,195,,00-0006927,,,,,,,,,,"https://static.www.nfl.com/image/private/f_auto,q_auto/league/xnunbd4ncwi93v7zc5mp",HAR359300,,32004841-5235-9300-601b-817211689873,,,
1994,TB,TE,TE,0,RES,Jackie Harris,Jackie,Harris,1968-01-04,76,245,,00-0006949,,,,,,,,,,"https://static.www.nfl.com/image/private/f_auto,q_auto/league/uf1p0ysr0rawya3gytug",HAR417391,,32004841-5241-7391-fc4a-44fb3286867e,,,
1994,MIN,DL,DE,0,ACT,James Harris,James,Harris,1968-05-13,78,270,,00-0006953,,,,,,,,,,"https://static.www.nfl.com/image/private/f_auto,q_auto/league/po77zwfao76tu8edd6pt",HAR428148,,32004841-5242-8148-c99e-e9df64fe9742,,,
1994,ATL,WR,WR,0,ACT,Leonard Harris,Leonard,Harris,1960-11-27,68,162,,00-0006971,,,,,,,,,,"https://static.www.nfl.com/image/private/f_auto,q_auto/league/suhkbosy1siiulkdy2oz",HAR460421,,32004841-5246-0421-3418-f5f10ebf3efc,,,
1994,ARI,DB,DB,0,ACT,Odie Harris,Odie,Harris,1966-04-01,72,190,,00-0006985,,,,,,,,,,"https://static.www.nfl.com/image/private/f_auto,q_auto/league/v4h7ovbu5c99gbimn7ll",HAR494845,,32004841-5249-4845-736f-59bb43ebb63a,,,
1994,CHI,RB,FB,29,ACT,Raymont Harris,Raymont,Harris,1970-12-23,72,225,,00-0006989,,,,,,,,,,"https://static.www.nfl.com/image/private/f_auto,q_auto/league/io8enhgtuxcxmwqsbmwc",HAR509905,,32004841-5250-9905-8ee4-eeacfd3947e3,,,
1994,MIN,DL,DE,0,ACT,Robert Harris,Robert,Harris,1969-06-13,76,285,,00-0006991,,,,,,,,,,"https://static.www.nfl.com/image/private/f_auto,q_auto/league/ishitefnbwbjlsjz50mi",HAR527117,,32004841-5252-7117-6353-1b9ca5334abd,,,
1994,SEA,WR,WR,81,ACT,Ronnie Harris,Ronnie,Harris,1970-06-04,71,170,,00-0006994,,,,,,,,,,"https://static.www.nfl.com/image/private/f_auto,q_auto/league/rnc4tiwo7lxbpg5pjhdy",HAR531318,,32004841-5253-1318-cebc-047aba4b1832,,,
1994,NE,WR,WR,0,TRD,Ronnie Harris,Ronnie,Harris,1970-06-04,71,170,,00-0006994,,,,,,,,,,"https://static.www.nfl.com/image/private/f_auto,q_auto/league/rnc4tiwo7lxbpg5pjhdy",HAR531318,,32004841-5253-1318-cebc-047aba4b1832,,,
1994,TB,RB,RB,0,ACT,Rudy Harris,Onzell,Harris,1971-09-18,73,255,,00-0006996,,,,,,,,,,"https://static.www.nfl.com/image/private/f_auto,q_auto/league/hzneggpujian6baucbci",HAR501299,,32004841-5250-1299-2539-8e932150bb23,,,
1994,SF,LB,LB,0,ACT,Tim Harris,Timothy,Harris,1964-09-10,78,258,,00-0007002,,,,,,,,,,"https://static.www.nfl.com/image/private/f_auto,q_auto/league/bxdv0z5vqrwj8ouumxcv",HAR546481,,32004841-5254-6481-cae3-c344f36ee0c3,,,
1994,MIN,LB,LB,0,ACT,Martin Harrison,Martin,Harrison,1967-09-20,77,240,,00-0007023,,,,,,,,,,"https://static.www.nfl.com/image/private/f_auto,q_auto/league/qbxhfh5hxrnogv5xha65",HAR606723,,32004841-5260-6723-f3e1-447dd4992ff3,,,
1994,RAI,DL,DE,0,ACT,Nolan Harrison,Nolan,Harrison,1969-01-25,77,285,,00-0007026,,,,,,,,,,"https://static.www.nfl.com/image/private/f_auto,q_auto/league/fsatkiaphdtevy49dysh",HAR612460,,32004841-5261-2460-2ae2-2fb041c78d1e,,,
1994,SD,DB,SAF,0,ACT,Rodney Harrison,Rodney,Harrison,1972-12-15,73,201,,00-0007030,,,,,,,,,,"https://static.www.nfl.com/image/private/f_auto,q_auto/league/ilzsp4jyf1ltn17ittxc",HAR637919,,32004841-5263-7919-460b-06e2b45ac6ea,,,
1994,CLE,TE,TE,0,ACT,Frank Hartley,Frank,Hartley,1967-12-15,74,268,,00-0007052,,,,,,,,,,"https://static.www.nfl.com/image/private/f_auto,q_auto/league/kaefvhger4vetbq0tqms",HAR716449,,32004841-5271-6449-77ee-c1c6516b5fc3,,,
1994,WAS,LB,OLB,57,ACT,Ken Harvey,Kenneth,Harvey,1965-05-06,74,245,,00-0007070,,,,,,,,,,"https://static.www.nfl.com/image/private/f_auto,q_auto/league/h90obpir7asoqhqqzcgy",HAR796055,,32004841-5279-6055-8cd3-1dd1d93632a0,,,
1994,DEN,LB,LB,0,ACT,Richard Harvey,Richard,Harvey,1966-09-11,73,242,,00-0007075,,,,,,,,,,"https://static.www.nfl.com/image/private/f_auto,q_auto/league/xu9rzm5ptsqgjmn86vnw",HAR817570,,32004841-5281-7570-82ef-03bf35bbd1e4,,,
1994,DEN,DL,DT,0,ACT,Harald Hasselbach,Harald,Hasselbach,1967-09-22,78,280,,00-0007089,,,,,,,,,,"https://static.www.nfl.com/image/private/f_auto,q_auto/league/s5mcmpro9byq8be7ikwp",HAS517299,,32004841-5351-7299-d091-8b4f5b2df983,,,
1994,PIT,WR,WR,0,ACT,Andre Hastings,Andre,Hastings,1971-11-07,73,188,,00-0007093,,,,,,,,,,"https://static.www.nfl.com/image/private/f_auto,q_auto/league/tt2bbaqdihadpecpqhuv",HAS594306,,32004841-5359-4306-9b3d-433c4f5ba3f7,,,
1994,NYJ,DB,CB,0,ACT,James Hasty,James,Hasty,1965-05-23,72,201,,00-0007095,,,,,,,,,,"https://static.www.nfl.com/image/private/f_auto,q_auto/league/mq17n3vulqyxyi9jqrzx",HAS755070,,32004841-5375-5070-ee97-2368e31ebd71,,,
1994,GB,DB,DB,0,ACT,Tim Hauck,Timothy,Hauck,1966-12-20,70,187,,00-0007108,,,,,,,,,,"https://static.www.nfl.com/image/private/f_auto,q_auto/league/kjbhrtkseevibims32zt",HAU118654,,32004841-5511-8654-1911-9392e4f15cb6,,,
1994,TB,WR,WR,0,RES,Courtney Hawkins,Courtney,Hawkins,1969-12-12,69,180,,00-0007120,,,,,,,,,,"https://static.www.nfl.com/image/private/f_auto,q_auto/league/utgzfxhrl49iw2likcot",HAW321216,,32004841-5732-1216-fd60-954bd7078925,,,
1994,CHI,DL,DE,0,RES,Garland Hawkins,Garland,Hawkins,1970-02-19,75,253,,00-0007123,,,,,,,,,,"https://static.www.nfl.com/image/private/f_auto,q_auto/league/xdbuonupkkbknn1hpmqm",HAW376354,,32004841-5737-6354-a28e-c658256e804c,,,
1994,NE,WR,WR,0,RES,Steve Hawkins,Steven,Hawkins,1971-03-16,77,210,,00-0007131,,,,,,,,,,"https://static.www.nfl.com/image/private/f_auto,q_auto/league/pqa5eijtbpmiay4lcxzl",HAW581403,,32004841-5758-1403-6414-a75b995b8d6a,,,
1994,WAS,TE,TE,0,ACT,Kurt Haws,Kurt,Haws,1969-09-25,77,248,,00-0007136,,,,,,,,,,"https://static.www.nfl.com/image/private/f_auto,q_auto/league/s06ha6skhrurj5fomh6j",HAW739504,,32004841-5773-9504-ecb7-99b1a2e07f9a,,,
1994,PIT,TE,TE,0,ACT,Jonathan Hayes,Jonathan,Hayes,1962-08-11,77,234,,00-0007151,,,,,,,,,,"https://static.www.nfl.com/image/private/f_auto,q_auto/league/wfoubbw1xvgdtwa6jsbr",HAY237300,,32004841-5923-7300-82a8-b99b01a2d3a7,,,
1994,NO,WR,WR,0,ACT,Michael Haynes,Michael,Haynes,1965-12-24,72,184,,00-0007163,,,,,,,,,,"https://static.www.nfl.com/image/private/f_auto,q_auto/league/rqecnvh6lewyczxgp7d2",HAY672350,,32004841-5967-2350-49d8-b26e90da6fd4,,,
1994,DET,LB,LB,0,ACT,Tracy Hayworth,Tracy,Hayworth,1967-12-18,75,260,,00-0007170,,,,,,,,,,"https://static.www.nfl.com/image/private/f_auto,q_auto/league/psb5vg22hslgljqu4iam",HAY810775,,32004841-5981-0775-24cf-f79d10b05391,,,
1994,ARI,RB,RB,0,ACT,Garrison Hearst,Gerald,Hearst,1971-01-04,71,215,,00-0007180,,,,,,,,,,"https://static.www.nfl.com/image/private/f_auto,q_auto/league/cskz5dnxqszembvw4mgb",HEA453213,,32004845-4145-3213-efde-638606c91aa9,,,
1994,ATL,QB,QB,0,ACT,Bobby Hebert,Bobby,Hebert,1960-08-19,76,215,,00-0007190,,,,,,,,,,"https://static.www.nfl.com/image/private/f_auto,q_auto/league/ivn7okbglfqcc8lbyhkz",HEB207645,,32004845-4220-7645-e802-714be131bfee,,,
1994,PHI,RB,RB,0,ACT,Vaughn Hebron,Vaughn,Hebron,1970-10-07,68,196,,00-0007193,,,,,,,,,,"https://static.www.nfl.com/image/private/f_auto,q_auto/league/hvbx49pkdkklvtvmrxz5",HEB745636,,32004845-4274-5636-8c65-8a5ba313f4d6,,,
1994,CHI,OL,OT,64,ACT,Andy Heck,Andrew,Heck,1967-01-01,78,298,,00-0007195,,,,,,,,,,"https://static.www.nfl.com/image/private/f_auto,q_auto/league/rvi81oiyxnlyxvk2iq1h",HEC103822,,32004845-4310-3822-81ce-661dd5e43c84,,,
1994,DAL,OL,OT,69,ACT,George Hegamin,George,Hegamin,1973-02-14,79,355,,00-0007207,,,,,,,,,,"https://static.www.nfl.com/image/private/f_auto,q_auto/league/s3eoa1x4jyp9jfyh91vj",HEG263361,,32004845-4726-3361-ae0f-6079b42bf202,,,
1994,MIA,OL,OT,0,ACT,Ron Heller,Ronald,Heller,1962-08-25,78,293,,00-0007224,,,,,,,,,,"https://static.www.nfl.com/image/private/f_auto,q_auto/league/o03gy6z6sr8ixgca7dar",HEL305635,,32004845-4c30-5635-9e3a-deec1aeae3c4,,,
1994,DAL,OL,G,70,ACT,Dale Hellestrae,Dale,Hellestrae,1962-07-11,77,275,,00-0007226,,,,,,,,,,"https://static.www.nfl.com/image/private/f_auto,q_auto/league/qhffmovcgpewczjvhbeb",HEL415289,,32004845-4c41-5289-13b9-5c61df61cc1e,,,
1994,BUF,DB,CB,0,ACT,Jerome Henderson,Jerome,Henderson,1969-08-08,70,189,,00-0007240,,,,,,,,,,"https://static.www.nfl.com/image/private/f_auto,q_auto/league/mwvivetlwpx9vv4ghta2",HEN070519,,32004845-4e07-0519-5b63-0af8c6d74b2e,,,
1994,NO,DB,DB,0,ACT,Othello Henderson,Othello,Henderson,1972-08-23,72,192,,00-0007248,,,,,,,,,,"https://static.www.nfl.com/image/private/f_auto,q_auto/league/bogmqkoiomdi09rsef37",HEN118651,,32004845-4e11-8651-731c-1cc44c281a0a,,,
1994,RAM,DB,DB,0,ACT,Wymon Henderson,Wymon,Henderson,1961-12-15,70,190,,00-0007256,,,,,,,,,,"https://static.www.nfl.com/image/private/f_auto,q_auto/league/sjlb0nwokjhbknlp2cvd",HEN172381,,32004845-4e17-2381-ffc1-7fe55e6b74c2,,,
1994,SD,LB,LB,0,ACT,Steve Hendrickson,Steven,Hendrickson,1966-08-30,72,250,,00-0007264,,,,,,,,,,"https://static.www.nfl.com/image/private/f_auto,q_auto/league/dj2ijy5fevaiqzcsfkbe",HEN323170,,32004845-4e32-3170-7f5b-fb2a035994d6,,,
1994,ARI,RB,RB,0,CUT,Brian Henesey,Brian,Henesey,1969-12-10,70,215,,00-0007271,,,,,,,,,,"https://static.www.nfl.com/image/private/f_auto,q_auto/league/mcypzixnrhtdjtn99bat",HEN394013,,32004845-4e39-4013-1d78-07f010059b8e,,,
1994,DAL,DL,DT,95,ACT,Chad Hennings,Chad,Hennings,1965-10-20,78,286,,00-0007283,,,,,,,,,,"https://static.www.nfl.com/image/private/f_auto,q_auto/league/vi79mse1bndcpepnejvv",HEN587662,,32004845-4e58-7662-3634-120ca6d76774,,,
1994,PIT,DL,DE,0,ACT,Kevin Henry,Kevin,Henry,1968-10-23,76,274,,00-0007296,,,,,,,,,,"https://static.www.nfl.com/image/private/f_auto,q_auto/league/tinzp2oegdaqlbagoi8r",HEN624236,,32004845-4e62-4236-beea-89d3603c1254,,,
1994,GB,SPEC,P,0,ACT,Craig Hentrich,Craig,Hentrich,1971-05-18,75,200,,00-0007308,,,,,,,,,,"https://static.www.nfl.com/image/private/f_auto,q_auto/league/yi7vmomfipszmzkaapds",HEN822738,,32004845-4e82-2738-dfc7-459b37a8caaa,,,
1994,IND,LB,MLB,0,ACT,Jeff Herrod,Jeff,Herrod,1966-07-29,72,249,,00-0007341,,,,,,,,,,"https://static.www.nfl.com/image/private/f_auto,q_auto/league/dmeimcwlkmh5pt4bq9hh",HER629225,,32004845-5262-9225-e44b-df1f29f02b56,,,
1994,RAM,WR,WR,0,ACT,Jessie Hester,Jessie,Hester,1963-01-21,71,170,,00-0007353,,,,,,,,,,"https://static.www.nfl.com/image/private/f_auto,q_auto/league/gq1tmzhuosz6woghskel",HES415290,,32004845-5341-5290-f900-3701d9285a5a,,,
1994,ATL,RB,RB,0,ACT,Craig Heyward,Craig,Heyward,1966-09-26,71,290,,00-0007363,,,,,,,,,,"https://static.www.nfl.com/image/private/f_auto,q_auto/league/z3nbkg7umsrmbsjlenwc",HEY276861,,32004845-5927-6861-8afd-cd6c1d482d32,,,
1994,NYJ,DB,DB,0,ACT,Cliff Hicks,Clifford,Hicks,1964-08-18,70,188,,00-0007373,,,,,,,,,,"https://static.www.nfl.com/image/private/f_auto,q_auto/league/g70icd9x5bvmzvt2fuda",HIC355959,,32004849-4335-5959-c5aa-6b4bb12dfb47,,,
1994,MIA,RB,RB,0,TRC,Mark Higgs,Mark,Higgs,1966-04-11,67,199,,00-0007404,,,,,,,,,,"https://static.www.nfl.com/image/private/f_auto,q_auto/league/za13hfripmqxagvgnixe",HIG498348,,32004849-4749-8348-d07a-17937a3d9c8b,,,
1994,ARI,RB,RB,0,ACT,Mark Higgs,Mark,Higgs,1966-04-11,67,199,,00-0007404,,,,,,,,,,"https://static.www.nfl.com/image/private/f_auto,q_auto/league/za13hfripmqxagvgnixe",HIG498348,,32004849-4749-8348-d07a-17937a3d9c8b,,,
1994,ARI,LB,MLB,0,ACT,Eric Hill,Eric,Hill,1966-11-14,74,248,,00-0007433,,,,,,,,,,"https://static.www.nfl.com/image/private/f_auto,q_auto/league/wwduhdd8cfue86qdqdeq",HIL222465,,32004849-4c22-2465-b559-5449a0ac1b1c,,,
1994,KC,RB,RB,0,ACT,Greg Hill,Gregory,Hill,1972-02-23,71,207,,00-0007436,,,,,,,,,,"https://static.www.nfl.com/image/private/f_auto,q_auto/league/p6tbsxmhyz9bypvhhrbu",HIL274373,,32004849-4c27-4373-cf88-db27f34c39af,,,
1994,CIN,WR,WR,0,ACT,Jeff Hill,Jefferey,Hill,1972-09-24,71,178,,00-0007439,,,,,,,,,,"https://static.www.nfl.com/image/private/f_auto,q_auto/league/ahlj1hvqznvuulnhjmc7",HIL401785,,32004849-4c40-1785-7679-1374b95cba89,,,
1994,ARI,WR,WR,0,ACT,Randal Hill,Randal,Hill,1969-09-21,70,177,,00-0007451,,,,,,,,,,"https://static.www.nfl.com/image/private/f_auto,q_auto/league/yvx89kpmxngoeaxl6sdd",HIL556162,,32004849-4c55-6162-cbfc-fc0a362471b4,,,
1994,MIA,DB,CB,0,ACT,Sean Hill,Sean,Hill,1971-08-14,70,176,,00-0007454,,,,,,,,,,"https://static.www.nfl.com/image/private/f_auto,q_auto/league/qn5zmmweajgn7au05byx",HIL585824,,32004849-4c58-5824-8648-ac123517f183,,,
1994,CLE,LB,LB,0,ACT,Travis Hill,Travis,Hill,1969-10-03,74,240,,00-0007460,,,,,,,,,,"https://static.www.nfl.com/image/private/f_auto,q_auto/league/wvdnfaqi7zbbmv14vfsw",HIL615486,,32004849-4c61-5486-259d-40f8924f6d60,,,
1994,DEN,DB,CB,0,ACT,Randy Hilliard,Randy,Hilliard,1967-02-06,71,160,,00-0007469,,,,,,,,,,"https://static.www.nfl.com/image/private/f_auto,q_auto/league/uk0hcb12aovlkfvamzuf",HIL726719,,32004849-4c72-6719-e83f-fcb55e87d6d4,,,
1994,MIN,OL,OT,0,ACT,Chris Hinton,Christopher,Hinton,1961-07-31,76,305,,00-0007497,,,,,,,,,,"https://static.www.nfl.com/image/private/f_auto,q_auto/league/z41g8zujb6oznylfhmoo",HIN655710,,32004849-4e65-5710-ffe4-4ab655a12cbf,,,
1994,ARI,DB,FS,34,ACT,Terry Hoage,Terrell,Hoage,1962-04-11,75,201,,00-0007519,,,,,,,,,,"https://static.www.nfl.com/image/private/f_auto,q_auto/league/fvmzmo1z2kq7ii4zcn58",HOA138430,,3200484f-4113-8430-ada5-6e8680fc96d2,,,
1994,CLE,RB,RB,33,ACT,Leroy Hoard,Leroy,Hoard,1968-05-15,71,225,,00-0007520,,,,,,,,,,"https://static.www.nfl.com/image/private/f_auto,q_auto/league/lwvnhe6kded1eurgp0lf",HOA692150,,3200484f-4169-2150-60dc-3459a92b8809,,,
1994,RAI,WR,WR,0,ACT,Daryl Hobbs,Daryl,Hobbs,1968-05-23,74,175,,00-0007524,,,,,,,,,,"https://static.www.nfl.com/image/private/f_auto,q_auto/league/uzq1cdtldvmenghifxpa",HOB237174,,3200484f-4223-7174-b2a5-a5acb2b7b7f8,,,
1994,RAI,QB,QB,0,ACT,Billy Joe Hobert,Billy Joe,Hobert,1971-01-08,75,230,,00-0007530,,,,,,,,,,"https://static.www.nfl.com/image/private/f_auto,q_auto/league/rlmdajsgucn5bednqaiw",HOB523265,,3200484f-4252-3265-5cda-90f725e7ca2b,,,
1994,WAS,DL,DE,0,RES,Marty Hochertz,Martin,Hochertz,1968-10-21,77,269,,00-0007534,,,,,,,,,,"https://static.www.nfl.com/image/private/f_auto,q_auto/league/mhtzygkuyladpt09yvdw",HOC297968,,3200484f-4329-7968-722a-11a09bbbde92,,,
1994,DAL,QB,QB,0,CUT,Tom Hodson,Thomas,Hodson,1967-01-28,75,195,,00-0007547,,,,,,,,,,"https://static.www.nfl.com/image/private/f_auto,q_auto/league/q374mokioypf8wbtmoyf",HOD738296,,3200484f-4473-8296-a024-650ac763924d,,,
1994,CHI,RB,FB,0,CUT,Merril Hoge,Merril,Hoge,1965-01-26,74,230,,00-0007565,,,,,,,,,,"https://static.www.nfl.com/image/private/f_auto,q_auto/league/ogxysmprroqnffayxujc",HOG415290,,3200484f-4741-5290-7d83-079472fd96b3,,,
1994,CIN,QB,QB,0,RES,Donald Hollas,Donald,Hollas,1967-11-22,75,215,,00-0007601,,,,,,,,,,"https://static.www.nfl.com/image/private/f_auto,q_auto/league/j0dpbo21b8tmkllbhxq3",HOL179742,,3200484f-4c17-9742-4924-b0d2bfeeda48,,,
1994,MIA,LB,OLB,0,ACT,Dwight Hollier,Dwight,Hollier,1969-04-21,74,250,,00-0007614,,,,,,,,,,"https://static.www.nfl.com/image/private/f_auto,q_auto/league/we6ufp1uh2p0skyvy3ti",HOL254118,,3200484f-4c25-4118-4532-f9c85ef4996c,,,
1994,WAS,LB,LB,0,TRC,Lamont Hollinquest,Bertrell,Hollinquest,1970-10-24,75,245,,00-0007617,,,,,,,,,,"https://static.www.nfl.com/image/private/f_auto,q_auto/league/dr5hmx7hmctaisiedeky",HOL278910,,3200484f-4c27-8910-649a-203b3e5f4f50,,,
1994,CIN,LB,LB,0,ACT,Lamont Hollinquest,Bertrell,Hollinquest,1970-10-24,75,245,,00-0007617,,,,,,,,,,"https://static.www.nfl.com/image/private/f_auto,q_auto/league/dr5hmx7hmctaisiedeky",HOL278910,,3200484f-4c27-8910-649a-203b3e5f4f50,,,
1994,DET,TE,TE,0,ACT,Rodney Holman,Rodney,Holman,1960-04-20,75,238,,00-0007637,,,,,,,,,,"https://static.www.nfl.com/image/private/f_auto,q_auto/league/mf3znenttcbuaujz0kye",HOL446256,,3200484f-4c44-6256-95bc-6842d50064e2,,,
1994,RAI,LB,LB,0,ACT,Rob Holmberg,Robert,Holmberg,1971-05-06,75,225,,00-0007640,,,,,,,,,,"https://static.www.nfl.com/image/private/f_auto,q_auto/league/zk08zbpp1sotjvzpyeoc",HOL486543,,3200484f-4c48-6543-bc96-5145e359b7e8,,,
1994,DAL,DB,DB,0,ACT,Clayton Holmes,Clayton,Holmes,1969-08-23,70,181,,00-0007646,,,,,,,,,,"https://static.www.nfl.com/image/private/f_auto,q_auto/league/wg2dk0fddtjjlnszkax9",HOL514434,,3200484f-4c51-4434-3786-c194a452fa97,,,
1994,PHI,OL,G,0,ACT,Lester Holmes,Lester,Holmes,1969-09-27,77,301,,00-0007660,,,,,,,,,,"https://static.www.nfl.com/image/private/f_auto,q_auto/league/ajjehrommgi8jxmxhqfn",HOL603272,,3200484f-4c60-3272-fc69-8eff07eae5b3,,,
1994,ATL,DL,DT,0,ACT,Pierce Holt,Leslie,Holt,1962-01-01,76,275,,00-0007676,,,,,,,,,,"https://static.www.nfl.com/image/private/f_auto,q_auto/league/bf6r3hhdfkp8ooo0hgbt",HOL756156,,3200484f-4c75-6156-4228-117f053a81a0,,,
1994,RAM,LB,LB,57,ACT,Thomas Homco,Thomas,Homco,1970-01-08,72,245,,00-0007686,,,,,,,,,,"https://static.www.nfl.com/image/private/f_auto,q_auto/league/isvx2ploprdfmrqapqjn",HOM575019,,3200484f-4d57-5019-3ea2-4950c759aab8,,,
1994,ARI,DL,DE,0,ACT,Bryan Hooks,Bryan,Hooks,1970-09-15,75,286,,00-0007702,,,,,,,,,,"https://static.www.nfl.com/image/private/f_auto,q_auto/league/t3tg7tuwvjif2kx0sfiv",HOO362553,,3200484f-4f36-2553-4d8a-d9d4f316074c,,,
1994,MIA,OL,G,0,RES,Houston Hoover,Houston,Hoover,1965-02-06,74,300,,00-0007714,,,,,,,,,,"https://static.www.nfl.com/image/private/f_auto,q_auto/league/uebmfcun7fsx3d8cohfs",HOO711924,,3200484f-4f71-1924-53af-e355bc194e20,,,
1994,GB,OL,G,0,ACT,Charles Hope,Charles,Hope,1970-03-12,75,308,,00-0007716,,,,,,,,,,"https://static.www.nfl.com/image/private/f_auto,q_auto/league/opfucdy8icafyop0tcve",HOP056465,,3200484f-5005-6465-e9df-105807b5c07e,,,
1994,HOU,OL,OT,72,ACT,Brad Hopkins,Bradley,Hopkins,1970-09-05,75,306,,00-0007719,,,,,,,,,,"https://static.www.nfl.com/image/private/f_auto,q_auto/league/mwpgwvw12owenim3f9yt",HOP146120,,3200484f-5014-6120-1451-d99b213ec0aa,,,
1994,NYG,SPEC,P,0,ACT,Mike Horan,Michael,Horan,1959-02-01,71,188,,00-0007737,,,,,,,,,,"https://static.www.nfl.com/image/private/f_auto,q_auto/league/zksqwk19daesc04hoylk",HOR029663,,3200484f-5202-9663-f176-e3cef0e93f6c,,,
1994,WAS,TE,TE,0,ACT,Ethan Horton,Ethan,Horton,1962-12-19,76,240,,00-0007753,,,,,,,,,,"https://static.www.nfl.com/image/private/f_auto,q_auto/league/h6hmzuszukaxxz9eumag",HOR563597,,3200484f-5256-3597-1209-fc47db43814f,,,
1994,RAI,DB,S,0,ACT,Derrick Hoskins,Derrick,Hoskins,1970-11-14,74,205,,00-0007762,,,,,,,,,,"https://static.www.nfl.com/image/private/f_auto,q_auto/league/uif2yghp8tgsrjmjm2nn",HOS197145,9143,3200484f-5319-7145-de49-ece6ee53caac,,,
1994,RAI,QB,QB,0,ACT,Jeff Hostetler,William,Hostetler,1961-04-22,75,220,,00-0007765,,,,,,,,,,"https://static.www.nfl.com/image/private/f_auto,q_auto/league/apjisc45plyskzivcfqe",HOS467201,,3200484f-5346-7201-995b-d7abb384cd0e,,,
1994,NYJ,LB,OLB,0,ACT,Bobby Houston,Bobby,Houston,1967-10-26,74,239,,00-0007776,,,,,,,,,,"https://static.www.nfl.com/image/private/f_auto,q_auto/league/pnfdjyjsapwb0mt5tcdd",HOU415288,,3200484f-5541-5288-feea-f551ddc7be79,,,
1994,WAS,WR,WR,0,ACT,Desmond Howard,Desmond,Howard,1970-05-15,70,180,,00-0007798,,,,,,,,,,"https://static.www.nfl.com/image/private/f_auto,q_auto/league/lplsoxpz5hxr7yy1td9k",HOW134966,,3200484f-5713-4966-98d2-fde0975d096f,,,
1994,NYG,DL,DT,0,ACT,Erik Howard,Erik,Howard,1964-11-12,76,268,,00-0007802,,,,,,,,,,"https://static.www.nfl.com/image/private/f_auto,q_auto/league/f5wvx6aoejzy3bxcj4qk",HOW145348,,3200484f-5714-5348-75bc-59e39dca002b,,,
1994,IND,DL,NT,0,CUT,Garry Howe,Garry,Howe,1968-06-20,73,298,,00-0007819,,,,,,,,,,"https://static.www.nfl.com/image/private/f_auto,q_auto/league/ye2bztd8pfxlhjwtxsev",HOW508718,,3200484f-5750-8718-bfa0-7a76ab6c18e1,,,
1994,BUF,OL,OT,0,ACT,Steve Hoyem,Steven,Hoyem,1970-11-12,79,287,,00-0007831,,,,,,,,,,"https://static.www.nfl.com/image/private/f_auto,q_auto/league/cyszf9tgb5aeipsf5evh",HOY427291,,3200484f-5942-7291-6dab-a3d6322844bb,,,
1994,PHI,OL,C,0,ACT,John Hudson,John,Hudson,1968-01-29,74,275,,00-0007857,,,,,,,,,,"https://static.www.nfl.com/image/private/f_auto,q_auto/league/diufvx3pb3g0f3afnmku",HUD425788,,32004855-4442-5788-bdaa-e141c27dcbd0,,,
1994,KC,WR,WR,0,ACT,Danan Hughes,Robert,Hughes,1970-12-11,74,201,,00-0007883,,,,,,,,,,"https://static.www.nfl.com/image/private/f_auto,q_auto/league/lwv7un988uwapema7sye",HUG598048,,32004855-4759-8048-3f14-c4be2404ff4a,,,
1994,NO,DB,CB,0,ACT,Tyrone Hughes,Tyrone,Hughes,1970-01-14,69,175,,00-0007896,,,,,,,,,,"https://static.www.nfl.com/image/private/f_auto,q_auto/league/lslr715dvw2ayivfix4n",HUG619149,,32004855-4761-9149-28f9-1c9e381e64c4,,,
1994,BUF,OL,C,0,ACT,Kent Hull,James,Hull,1961-01-13,77,284,,00-0007901,,,,,,,,,,"https://static.www.nfl.com/image/private/f_auto,q_auto/league/hqodjmmximcpmtly35dx",HUL103822,,32004855-4c10-3822-7917-7cd87aed9ce6,,,
1994,IND,RB,RB,0,ACT,Ronald Humphrey,Ronald,Humphrey,1969-03-03,70,211,,00-0007915,,,,,,,,,,"https://static.www.nfl.com/image/private/f_auto,q_auto/league/kzomyjdnfldsnjazmnkj",HUM602170,,32004855-4d60-2170-f391-96a982c7b32c,,,
1994,IND,DB,CB,0,ACT,Leonard Humphries,Leonard,Humphries,1970-06-19,69,180,,00-0007920,,,,,,,,,,"https://static.www.nfl.com/image/private/f_auto,q_auto/league/f6kzmnu8hcfuslobz0ks",HUM738522,,32004855-4d73-8522-b41e-49839d3b53dc,,,
1994,SD,QB,QB,12,ACT,Stan Humphries,William,Humphries,1965-04-14,74,223,,00-0007921,,,,,,,,,,"https://static.www.nfl.com/image/private/f_auto,q_auto/league/nbxa7akeappqggeabpbj",HUM798051,,32004855-4d79-8051-1f97-c5989dfc5a3a,,,
1994,TB,DL,DE,0,CUT,Jeff Hunter,Jeffrey,Hunter,1966-04-12,77,290,,00-0007951,,,,,,,,,,"https://static.www.nfl.com/image/private/f_auto,q_auto/league/ggqwkd5qvqlkz9royoxt",HUN688772,,32004855-4e68-8772-2b68-0ae89a2a4ddf,,,
1994,SEA,DB,CB,0,ACT,Patrick Hunter,Patrick,Hunter,1964-10-24,71,184,,00-0007959,,,,,,,,,,"https://static.www.nfl.com/image/private/f_auto,q_auto/league/hvxobmpsa4wslaztz9xf",HUN769804,,32004855-4e76-9804-f415-a42ead2eed5f,,,
1994,NE,DB,CB,0,ACT,Maurice Hurst,Maurice,Hurst,1967-09-17,70,185,,00-0007978,,,,,,,,,,"https://static.www.nfl.com/image/private/f_auto,q_auto/league/xcpmpprd5pdwghp7sqeu",HUR498348,,32004855-5249-8348-6a7e-fd0d2cf7644c,,,
1994,TB,SPEC,K,0,ACT,Michael Husted,Michael,Husted,1970-06-16,72,190,,00-0007983,,,,,,,,,,"https://static.www.nfl.com/image/private/f_auto,q_auto/league/ucgdprnqhuciao0hwlsn",HUS567222,,32004855-5356-7222-3195-683679915a94,,,
1994,GB,OL,OT,0,ACT,Paul Hutchins,Paul,Hutchins,1970-02-11,77,335,,00-0007984,,,,,,,,,,"https://static.www.nfl.com/image/private/f_auto,q_auto/league/ry46gxu1rpqaj7kmrkgb",HUT091994,,32004855-5409-1994-a1d0-7032d1d493e8,,,
1994,MIA,WR,WR,0,ACT,Mark Ingram,Mark,Ingram,1965-08-23,70,194,,00-0008024,,,,,,,,,,"https://static.www.nfl.com/image/private/f_auto,q_auto/league/lmhs1umzlljeuvpbtyfr",ING664464,,3200494e-4766-4464-6c49-b713e28d131f,,,
1994,CHI,LB,LB,0,CUT,Darwin Ireland,Darwin,Ireland,1971-05-26,71,240,,00-0008037,,,,,,,,,,"https://static.www.nfl.com/image/private/f_auto,q_auto/league/gmoc3lyc39ag3h1eljkg",IRE385627,,32004952-4538-5627-f40c-e4a34a8234bf,,,
1994,DAL,WR,WR,88,ACT,Michael Irvin,Michael,Irvin,1966-03-05,74,205,,00-0008044,,,,,,,,,,"https://static.www.nfl.com/image/private/f_auto,q_auto/league/mlouuxe889hk8vdv1mqp",IRV622932,,32004952-5662-2932-dac2-7f4f2fdfb338,,,
1994,ARI,LB,LB,0,ACT,Terry Irving,Terry,Irving,1971-07-03,74,224,,00-0008050,,,,,,,,,,"https://static.www.nfl.com/image/private/f_auto,q_auto/league/i4ucdi2np6ep41pyosin",IRV739504,,32004952-5673-9504-41d0-a8ad7edadace,,,
1994,TB,OL,OT,0,TRC,Tim Irwin,Timothy,Irwin,1958-12-13,79,300,,00-0008053,,,,,,,,,,"https://static.www.nfl.com/image/private/f_auto,q_auto/league/wawhjnkdalrwmcczkgas",IRW622935,,32004952-5762-2935-ac65-3bae2837c060,,,
1994,MIA,OL,OT,0,ACT,Tim Irwin,Timothy,Irwin,1958-12-13,79,300,,00-0008053,,,,,,,,,,"https://static.www.nfl.com/image/private/f_auto,q_auto/league/wawhjnkdalrwmcczkgas",IRW622935,,32004952-5762-2935-ac65-3bae2837c060,,,
1994,MIN,WR,WR,0,ACT,Qadry Ismail,Qadry,Ismail,1970-11-08,72,192,,00-0008059,,,,,,,,,,"https://static.www.nfl.com/image/private/f_auto,q_auto/league/ba06akhajd7zkxe3mefp",ISM059326,,32004953-4d05-9326-d9aa-f064f574912e,,,
1994,RAI,WR,WR,0,ACT,Raghib Ismail,Raghib,Ismail,1969-11-18,71,180,,00-0008060,,,,,,,,,,"https://static.www.nfl.com/image/private/f_auto,q_auto/league/oo0apk9npziklsrfwb30",ISM070576,,32004953-4d07-0576-73d3-0ac158a1e8fa,,,
1994,RAM,DB,DB,0,ACT,Steve Israel,Steven,Israel,1969-03-16,71,186,,00-0008063,,,,,,,,,,"https://static.www.nfl.com/image/private/f_auto,q_auto/league/ulusd8v57limsjkx7a9y",ISR059326,,32004953-5205-9326-a0fb-116a5d42049d,,,
1994,ATL,DB,CB,0,ACT,Eric Jack,Eric,Jack,1972-04-19,70,177,,00-0008078,,,,,,,,,,"https://static.www.nfl.com/image/private/f_auto,q_auto/league/wdjeoiy44sbpfyt5rqlt",JAC006770,,32004a41-4300-6770-f101-6f78068bf5de,,,
1994,GB,SPEC,K,0,ACT,Chris Jacke,Christopher,Jacke,1966-03-12,72,200,,00-0008080,,,,,,,,,,"https://static.www.nfl.com/image/private/f_auto,q_auto/league/dojp0h6u98xtzovhbty6",JAC009028,,32004a41-4300-9028-fced-c2e1e2c53dde,,,
1994,PHI,DB,CB,0,ACT,Al Jackson,Alfonza,Jackson,1971-09-07,72,182,,00-0008085,,,,,,,,,,"https://static.www.nfl.com/image/private/f_auto,q_auto/league/jtguasmpjiuxcgr8cymv",JAC015799,,32004a41-4301-5799-b0dc-01af02632c03,,,
1994,MIA,DB,DB,0,CUT,Calvin Jackson,Calvin,Jackson,1972-10-28,69,179,,00-0008099,,,,,,,,,,"https://static.www.nfl.com/image/private/f_auto,q_auto/league/stfbzawexb7tsrtf7zbo",JAC056425,,32004a41-4305-6425-216a-c394df9c8555,,,
1994,PHI,DB,FS,0,ACT,Greg Jackson,Greg,Jackson,1966-08-20,73,200,,00-0008126,,,,,,,,,,"https://static.www.nfl.com/image/private/f_auto,q_auto/league/aplfn1xfowqe6ttkors2",JAC189588,,32004a41-4318-9588-8b17-07c9ebbab031,,,
1994,PIT,OL,OT,0,ACT,John Jackson,John,Jackson,1965-01-04,78,297,,00-0008142,,,,,,,,,,"https://static.www.nfl.com/image/private/f_auto,q_auto/league/il0hal08xtydy55f3dtu",JAC243756,,32004a41-4324-3756-e231-d3152c94fae9,,,
1994,MIA,TE,TE,0,ACT,Keith Jackson,Keith,Jackson,1965-04-19,74,258,,00-0008146,,,,,,,,,,"https://static.www.nfl.com/image/private/f_auto,q_auto/league/lemfcpwelzupxg93lvm4",JAC288896,,32004a41-4328-8896-2b65-314bc0424911,,,
1994,SEA,DB,DB,0,RES,Kirby Jackson,Kirby,Jackson,1965-02-02,70,176,,00-0008152,,,,,,,,,,"https://static.www.nfl.com/image/private/f_auto,q_auto/league/asv4zclv6avxgg3zzjkz",JAC315980,,32004a41-4331-5980-6991-451488fdd424,,,
1994,IND,WR,WR,0,ACT,Mark Jackson,Mark,Jackson,1963-07-23,69,180,,00-0008163,,,,,,,,,,"https://static.www.nfl.com/image/private/f_auto,q_auto/league/pk49rq24atcof9zpw01q",JAC388204,,32004a41-4338-8204-ed4c-7ae9e8c5adb4,,,
1994,NYG,WR,WR,0,TRC,Mark Jackson,Mark,Jackson,1963-07-23,69,180,,00-0008163,,,,,,,,,,"https://static.www.nfl.com/image/private/f_auto,q_auto/league/pk49rq24atcof9zpw01q",JAC388204,,32004a41-4338-8204-ed4c-7ae9e8c5adb4,,,
1994,CLE,WR,WR,0,ACT,Michael Jackson,Michael,Jackson,1969-04-12,76,195,,00-0008166,,,,,,,,,,"https://static.www.nfl.com/image/private/f_auto,q_auto/league/jbn8znxlyucu64nj7qoz",JAC419788,,32004a41-4341-9788-e268-b770b2ee2937,,,
1994,SF,DL,DE,0,ACT,Rickey Jackson,Rickey,Jackson,1958-03-20,74,243,,00-0008179,,,,,,,,,,"https://static.www.nfl.com/image/private/f_auto,q_auto/league/aajr9wcjvgd7vddezkyl",JAC478484,,32004a41-4347-8484-e570-89601b9da994,,,
1994,HOU,RB,RB,0,RES,Sean Jackson,Sean,Jackson,1971-02-06,73,222,,00-0008188,,,,,,,,,,"https://static.www.nfl.com/image/private/f_auto,q_auto/league/adnuq54hy2y4qzgjbj7i",JAC546194,,32004a41-4354-6194-ffd9-334752f20f44,,,
1994,HOU,DB,CB,24,ACT,Steve Jackson,Steven,Jackson,1969-04-08,68,182,,00-0008193,,,,,,,,,,"https://static.www.nfl.com/image/private/f_auto,q_auto/league/u6vpsblldaisu32vxpvq",JAC564250,,32004a41-4356-4250-f0ea-459488a774ec,,,
1994,MIA,DL,DE,0,ACT,Tyoka Jackson,Tyoka,Jackson,1971-11-22,74,266,,00-0008202,,,,,,,,,,"https://static.www.nfl.com/image/private/f_auto,q_auto/league/jwdaphwum7kw6z3rb4xy",JAC609390,,32004a41-4360-9390-1c54-d9acd3171ee9,,,
1994,DAL,WR,WR,0,ACT,Willie Jackson,Willie,Jackson,1971-08-16,73,205,,00-0008210,,,,,,,,,,"https://static.www.nfl.com/image/private/f_auto,q_auto/league/jiidop8vptrkipivr7ba",JAC672586,,32004a41-4367-2586-d8bc-f12c9496bc33,,,
1994,DEN,LB,LB,0,ACT,Ray Jacobs,Ray,Jacobs,1972-08-18,74,244,,00-0008220,,,,,,,,,,"https://static.www.nfl.com/image/private/f_auto,q_auto/league/kdjxrxmuvu6rz2bp1jur",JAC762866,,32004a41-4376-2866-9fa3-f23ae6aa6698,,,
1994,CLE,DB,CB,0,ACT,Tim Jacobs,Timothy,Jacobs,1970-04-05,70,185,,00-0008221,,,,,,,,,,"https://static.www.nfl.com/image/private/f_auto,q_auto/league/mju0f6rcbuzw0ee1cbqh",JAC771894,,32004a41-4377-1894-1d58-c3db3e648a1e,,,
1994,RAI,SPEC,K,0,ACT,Jeff Jaeger,Jeff,Jaeger,1964-11-26,71,190,,00-0008231,,,,,,,,,,"https://static.www.nfl.com/image/private/f_auto,q_auto/league/id1usg7bmqpep14krxdq",JAE415291,,32004a41-4541-5291-3f4c-76bf8e32795f,,,
1994,KC,LB,OLB,57,ACT,George Jamison,George,Jamison,1962-09-30,73,235,,00-0008267,,,,,,,,,,"https://static.www.nfl.com/image/private/f_auto,q_auto/league/sisx9dmross8wgnmlzut",JAM797352,,32004a41-4d79-7352-344b-e7eb50bda655,,,
1994,ARI,LB,LB,0,ACT,Garth Jax,James,Jax,1963-09-16,74,240,,00-0008291,,,,,,,,,,"https://static.www.nfl.com/image/private/f_auto,q_auto/league/a7cf3bhvcmkn5hqedx1y",JAX415291,,32004a41-5841-5291-d82c-f755dcf811b5,,,
1994,DAL,DL,DE,0,ACT,Jim Jeffcoat,James,Jeffcoat,1961-04-01,77,280,,00-0008297,,,,,,,,,,"https://static.www.nfl.com/image/private/f_auto,q_auto/league/nq7risxb7zvss8sowqzc",JEF051911,,32004a45-4605-1911-d544-53c5f2662246,,,
1994,CIN,LB,LB,0,ACT,Kevin Jefferson,Kevin,Jefferson,1974-01-14,74,232,,00-0008309,,,,,,,,,,"https://static.www.nfl.com/image/private/f_auto,q_auto/league/r3erzkvbvmr4ajpi9eft",JEF272532,,32004a45-4627-2532-530c-f3d1ba8bd972,,,
1994,SD,WR,WR,0,ACT,Shawn Jefferson,Vanchi,Jefferson,1969-02-22,71,172,,00-0008313,,,,,,,,,,"https://static.www.nfl.com/image/private/f_auto,q_auto/league/jctxmibkhfjtrcms8qjc",JEF449895,,32004a45-4644-9895-ac45-a3133fd251ed,,,
1994,HOU,WR,WR,0,ACT,Haywood Jeffires,Haywood,Jeffires,1964-12-12,74,201,,00-0008319,,,,,,,,,,"https://static.www.nfl.com/image/private/f_auto,q_auto/league/iyxknemwxdwc1sqe0xqe",JEF571021,,32004a45-4657-1021-c45a-c7e47cec1389,,,
1994,DET,DB,CB,0,ACT,Greg Jeffries,Greg,Jeffries,1971-10-16,69,184,,00-0008323,,,,,,,,,,"https://static.www.nfl.com/image/private/f_auto,q_auto/league/evsfnav2fknu9rjhylsa",JEF734740,,32004a45-4673-4740-f09b-872b10c528a8,,,
1994,MIN,LB,OLB,0,ACT,Carlos Jenkins,Carlos,Jenkins,1968-07-12,75,217,,00-0008337,,,,,,,,,,"https://static.www.nfl.com/image/private/f_auto,q_auto/league/ov6zdah424j7wjuc2rgg",JEN168707,,32004a45-4e16-8707-c4e8-3de61a2ab50e,,,
1994,WAS,TE,TE,0,ACT,James Jenkins,James,Jenkins,1967-08-17,74,241,,00-0008346,,,,,,,,,,"https://static.www.nfl.com/image/private/f_auto,q_auto/league/gymbc1fnzr84btzwwnxs",JEN268550,,32004a45-4e26-8550-1f75-e14177913248,,,
1994,RAI,OL,OT,0,ACT,Robert Jenkins,Robert,Jenkins,1963-12-30,77,285,,00-0008364,,,,,,,,,,"https://static.www.nfl.com/image/private/f_auto,q_auto/league/ecvqftmf4tsvwo4klbfs",JEN428257,,32004a45-4e42-8257-359a-47f7b077bb61,,,
1994,CHI,TE,TE,85,ACT,Keith Jennings,Keith,Jennings,1966-05-19,76,265,,00-0008376,,,,,,,,,,"https://static.www.nfl.com/image/private/f_auto,q_auto/league/mgcu7fwr4ah3lnwlithj",JEN545055,,32004a45-4e54-5055-d9dd-8bc71a0f23b8,,,
1994,PHI,DL,DT,0,ACT,Tommy Jeter,Thomas,Jeter,1969-09-20,77,282,,00-0008398,,,,,,,,,,"https://static.www.nfl.com/image/private/f_auto,q_auto/league/rvyceuwkjrrylwgn73rf",JET473435,,32004a45-5447-3435-7bb8-731b6b1b4927,,,
1994,RAI,WR,WR,0,ACT,James Jett,James,Jett,1970-12-28,70,165,,00-0008400,,,,,,,,,,"https://static.www.nfl.com/image/private/f_auto,q_auto/league/adqgmo5pmowzs7vk4qcx",JET633634,,32004a45-5463-3634-239e-32195586c7c4,,,
1994,DAL,SPEC,P,19,ACT,John Jett,John,Jett,1968-11-11,72,184,,00-0008401,,,,,,,,,,"https://static.www.nfl.com/image/private/f_auto,q_auto/league/zn5tbb8uwcxtahmix8kk",JET645634,,32004a45-5464-5634-ef5d-0b949d5416e8,,,
1994,WAS,DB,DB,0,ACT,A.J. Johnson,Anthony,Johnson,1967-06-22,68,175,,00-0008417,,,,,,,,,,"https://static.www.nfl.com/image/private/f_auto,q_auto/league/oq4djmaed8jl4bmdxcar",JOH060712,,32004a4f-4806-0712-1240-e2af1f575f21,,,
1994,NYJ,RB,RB,0,ACT,Anthony Johnson,Anthony,Johnson,1967-10-25,72,222,,00-0008430,,,,,,,,,,"https://static.www.nfl.com/image/private/f_auto,q_auto/league/n8lrvxidbxfpitenqrg3",JOH058284,,32004a4f-4805-8284-6362-ca5328e5b6d2,,,
1994,CLE,DL,DT,0,ACT,Bill Johnson,William,Johnson,1968-12-08,76,290,,00-0008435,,,,,,,,,,"https://static.www.nfl.com/image/private/f_auto,q_auto/league/xzml9qewwkv3sllpcnp8",JOH760120,,32004a4f-4876-0120-8130-696eba779d5a,,,
1994,MIN,QB,QB,0,ACT,Brad Johnson,James,Johnson,1968-09-13,77,221,,00-0008442,,,,,,,,,,"https://static.www.nfl.com/image/private/f_auto,q_auto/league/rnzt7iobyak7at4wf6uf",JOH322990,,32004a4f-4832-2990-ebe9-e63df84376d5,,,
1994,PIT,WR,WR,0,ACT,Charles Johnson,Charles,Johnson,1972-01-03,72,189,,00-0008454,,,,,,,,,,"https://static.www.nfl.com/image/private/f_auto,q_auto/league/zhegs7umppomxakfo8yj",JOH118334,,32004a4f-4811-8334-1cf7-bed77680530c,,,
1994,ATL,DB,CB,0,ACT,D.J. Johnson,David,Johnson,1966-07-14,72,183,,00-0008464,,,,,,,,,,"https://static.www.nfl.com/image/private/f_auto,q_auto/league/lftcnfa06gw9bn4jzsuy",JOH179709,,32004a4f-4817-9709-f3a1-44760b534745,,,
1994,BUF,DB,DB,0,ACT,Filmel Johnson,Filmel,Johnson,1970-12-24,70,187,,00-0008504,,,,,,,,,,"https://static.www.nfl.com/image/private/f_auto,q_auto/league/ly2cehwmuicctznac1qi",JOH245278,,32004a4f-4824-5278-b5e7-c6da2769d2f7,,,
1994,KC,TE,TE,0,ACT,Jimmie Johnson,Jimmie,Johnson,1966-10-06,74,245,,00-0008538,,,,,,,,,,"https://static.www.nfl.com/image/private/f_auto,q_auto/league/d0xxnqkytyexwbejhsns",JOH354561,,32004a4f-4835-4561-7693-c302abf4e2ee,,,
1994,NO,DL,DE,0,ACT,Joe Johnson,Joseph,Johnson,1972-07-11,76,285,,00-0008541,,,,,,,,,,"https://static.www.nfl.com/image/private/f_auto,q_auto/league/nck2thlykevyw2x9l2sy",JOH390894,,32004a4f-4839-0894-c785-fd83a0953e19,,,
1994,CIN,LB,LB,0,CUT,John Johnson,John,Johnson,1968-05-08,75,230,,00-0008542,,,,,,,,,,"https://static.www.nfl.com/image/private/f_auto,q_auto/league/j4sviiuz5huhggk2hlk6",JOH381274,,32004a4f-4838-1274-b08d-1751c156a73a,,,
1994,NYJ,RB,RB,0,ACT,Johnny Johnson,Johnny,Johnson,1968-06-11,75,220,,00-0008546,,,,,,,,,,"https://static.www.nfl.com/image/private/f_auto,q_auto/league/kc18d8ahr53vtt2svcce",JOH388560,,32004a4f-4838-8560-4ac5-87b5d711cc33,,,
1994,CIN,SPEC,P,0,ACT,Lee Johnson,Leland,Johnson,1961-11-27,74,200,,00-0008566,,,,,,,,,,"https://static.www.nfl.com/image/private/f_auto,q_auto/league/qqwycnjlplkderuuqdpw",JOH399531,,32004a4f-4839-9531-2a88-ad766c1ea932,,,
1994,GB,RB,RB,0,RES,LeShon Johnson,LeShon,Johnson,1971-01-15,72,204,,00-0008570,,,,,,,,,,"https://static.www.nfl.com/image/private/f_auto,q_auto/league/ysq10o0gvcxoy2ry9ukg",JOH400051,,32004a4f-4840-0051-b022-b9952a6af7e2,,,
1994,BUF,TE,TE,0,ACT,Lonnie Johnson,Lonnie,Johnson,1971-02-14,75,230,,00-0008572,,,,,,,,,,"https://static.www.nfl.com/image/private/f_auto,q_auto/league/qoxkv4dxscj2irwa9qes",JOH418801,,32004a4f-4841-8801-8d22-5dcd7e846b72,,,
1994,PHI,TE,TE,0,ACT,Maurice Johnson,Maurice,Johnson,1967-01-09,74,242,,00-0008580,,,,,,,,,,"https://static.www.nfl.com/image/private/f_auto,q_auto/league/auucnjjpko33ddget52o",JOH502699,,32004a4f-4850-2699-3e9a-f3d3957aa6a4,,,
1994,DET,LB,ILB,0,ACT,Mike Johnson,Michael,Johnson,1962-11-26,73,228,,00-0008589,,,,,,,,,,"https://static.www.nfl.com/image/private/f_auto,q_auto/league/ftk3gga2gnl59wodwlnn",JOH505503,,32004a4f-4850-5503-c881-6100d67a31f5,,,
1994,ATL,SPEC,K,0,ACT,Norm Johnson,Norman,Johnson,1960-05-31,74,203,,00-0008593,,,,,,,,,,"https://static.www.nfl.com/image/private/f_auto,q_auto/league/wdhcut1fjkdtpzvsxyqm",JOH553698,,32004a4f-4855-3698-f890-86772850dca4,,,
1994,CLE,LB,MLB,0,ACT,Pepper Johnson,Thomas,Johnson,1964-07-29,75,248,,00-0008599,,,,,,,,,,"https://static.www.nfl.com/image/private/f_auto,q_auto/league/ukk1ab1sgvwwdw4i2yib",JOH679980,,32004a4f-4867-9980-6ebc-0558d0b44d3e,,,
1994,SD,DL,DE,0,ACT,Raylee Johnson,Raylee,Johnson,1970-06-01,75,245,,00-0008603,,,,,,,,,,"https://static.www.nfl.com/image/private/f_auto,q_auto/league/hoyajow2aken2a9iiv63",JOH594982,,32004a4f-4859-4982-7e62-401f53dffbb6,,,
1994,GB,TE,TE,0,ACT,Reggie Johnson,Reginald,Johnson,1968-01-27,74,256,,00-0008604,,,,,,,,,,"https://static.www.nfl.com/image/private/f_auto,q_auto/league/xuhtktgyzgbndvybolho",JOH601053,,32004a4f-4860-1053-ab11-d4d2b5d22e0c,,,
1994,WAS,DL,DT,0,ACT,Tim Johnson,Timothy,Johnson,1965-01-29,75,275,,00-0008630,,,,,,,,,,"https://static.www.nfl.com/image/private/f_auto,q_auto/league/qardvloxkwvd3xgr6f6g",JOH689694,,32004a4f-4868-9694-2591-a55538b61fd1,,,
1994,SEA,RB,FB,0,ACT,Tracy Johnson,Tracy,Johnson,1966-11-29,72,230,,00-0008638,,,,,,,,,,"https://static.www.nfl.com/image/private/f_auto,q_auto/league/iztemgiw80p2d0i7f4h9",JOH694551,,32004a4f-4869-4551-3ce9-6cd1d9a0d9d1,,,
1994,WAS,OL,OT,0,ACT,Tre' Johnson,Edward,Johnson,1971-08-30,74,315,,00-0008640,,,,,,,,,,"https://static.www.nfl.com/image/private/f_auto,q_auto/league/rf9l6wiymbwdgsejz23c",JOH219779,,32004a4f-4821-9779-ce99-c4e7b421e05b,,,
1994,NYJ,LB,LB,0,RES,Troy Johnson,Troy,Johnson,1964-11-10,74,236,,00-0008642,,,,,,,,,,"https://static.www.nfl.com/image/private/f_auto,q_auto/league/ulnwqei6vbj5k1sotx8u",JOH699408,,32004a4f-4869-9408-9a50-4ccce0b77b54,,,
1994,NO,WR,WR,0,ACT,Tyrone Johnson,Tyrone,Johnson,1971-09-04,71,171,,00-0008645,,,,,,,,,,"https://static.www.nfl.com/image/private/f_auto,q_auto/league/tow1siwgqm3jsxfyjwpj",JOH711550,,32004a4f-4871-1550-26c6-9b82bb384c9f,,,
1994,PHI,LB,LB,0,ACT,Vaughan Johnson,Vaughan,Johnson,1962-03-24,75,235,,00-0008650,,,,,,,,,,"https://static.www.nfl.com/image/private/f_auto,q_auto/league/ifn0ceyehqsoylix7wv8",JOH723693,,32004a4f-4872-3693-649a-10f3d47c680b,,,
1994,DAL,RB,FB,48,ACT,Daryl Johnston,Daryl,Johnston,1966-02-10,74,238,,00-0008660,,,,,,,,,,"https://static.www.nfl.com/image/private/f_auto,q_auto/league/oedbekojj3qxlibchwuo",JOH806262,,32004a4f-4880-6262-e845-e382d5c1077e,,,
1994,SD,OL,OT,0,ACT,Eric Jonassen,Eric,Jonassen,1968-08-16,77,310,,00-0008674,,,,,,,,,,"https://static.www.nfl.com/image/private/f_auto,q_auto/league/jhol57ayrpt2axah7nrr",JON023254,,32004a4f-4e02-3254-35b3-abc92737b742,,,
1994,NE,DL,DE,0,ACT,Aaron Jones,Aaron,Jones,1966-12-18,77,267,,00-0008676,,,,,,,,,,"https://static.www.nfl.com/image/private/f_auto,q_auto/league/xwf2anwj5dyu62110wja",JON026576,,32004a4f-4e02-6576-a803-8ef5fe7b732f,,,
1994,SF,TE,TE,0,ACT,Brent Jones,Brent,Jones,1963-02-12,76,230,,00-0008691,,,,,,,,,,"https://static.www.nfl.com/image/private/f_auto,q_auto/league/scmatj2gzboq1sftqzqd",JON106304,,32004a4f-4e10-6304-55f9-b08fd4915f1a,,,
1994,RAM,OL,OT,0,ACT,Clarence Jones,Clarence,Jones,1968-05-06,78,280,,00-0008711,,,,,,,,,,"https://static.www.nfl.com/image/private/f_auto,q_auto/league/wjxegkkxajug7swdngco",JON171913,,32004a4f-4e17-1913-7f1a-aa57201c7f65,,,
1994,CIN,OL,OT,0,ACT,Dan Jones,Daniel,Jones,1970-07-22,79,304,,00-0008724,,,,,,,,,,"https://static.www.nfl.com/image/private/f_auto,q_auto/league/p6czucltdfz1lfefed6w",JON195998,,32004a4f-4e19-5998-aacd-7cd571794b5e,,,
1994,CHI,LB,MLB,0,ACT,Dante Jones,Dante,Jones,1965-03-23,73,230,,00-0008726,,,,,,,,,,"https://static.www.nfl.com/image/private/f_auto,q_auto/league/otbmmg2o5faublnxeqo9",JON199320,,32004a4f-4e19-9320-f635-5adf692121fb,,,
1994,MIN,LB,LB,0,RES,Don Jones,Donald,Jones,1969-03-26,72,231,,00-0008737,,,,,,,,,,"https://static.www.nfl.com/image/private/f_auto,q_auto/league/svf5pswuj6rlkymwui9c",JON236811,,32004a4f-4e23-6811-ac46-d07f40abde95,,,
1994,RAM,LB,LB,0,RES,Ernest Jones,Ernest,Jones,1971-04-01,74,239,,00-0008745,,,,,,,,,,"https://static.www.nfl.com/image/private/f_auto,q_auto/league/mg6e3spfi0x2znzxr918",JON295658,,32004a4f-4e29-5658-3b12-464b9824eafc,,,
1994,PIT,DB,DB,0,ACT,Gary Jones,Gary,Jones,1967-11-30,73,214,,00-0008750,,,,,,,,,,"https://static.www.nfl.com/image/private/f_auto,q_auto/league/mkvwoviszgybotpko1gn",JON332200,,32004a4f-4e33-2200-29e2-0dd624d44a3e,,,
1994,BUF,DB,S,20,ACT,Henry Jones,Henry,Jones,1967-12-29,72,197,,00-0008761,,,,,,,,,,"https://static.www.nfl.com/image/private/f_auto,q_auto/league/p1gc0p1pyncnfioaghag",JON382030,,32004a4f-4e38-2030-edd4-27f7ae4ce1b2,,,
1994,CLE,DL,DT,0,ACT,James Jones,James,Jones,1969-02-06,74,290,,00-0008764,,,,,,,,,,"https://static.www.nfl.com/image/private/f_auto,q_auto/league/kbkmkymsbconfuppt76w",JON423001,,32004a4f-4e42-3001-3e7f-1951a3756336,,,
1994,RAM,DL,DT,98,ACT,Jimmie Jones,Jimmie,Jones,1966-01-09,76,276,,00-0008779,,,,,,,,,,"https://static.www.nfl.com/image/private/f_auto,q_auto/league/wkyk2wgw4ewuz2n2vssc",JON468402,,32004a4f-4e46-8402-6f2d-2ff5be66f498,,,
1994,NYJ,LB,MLB,0,ACT,Marvin Jones,Marvin,Jones,1972-06-28,74,240,,00-0008819,,,,,,,,,,"https://static.www.nfl.com/image/private/f_auto,q_auto/league/knwtniudmpy9panaodxi",JON602943,,32004a4f-4e60-2943-8b14-8d6f87c7f84b,,,
1994,RAI,LB,LB,0,ACT,Mike A. Jones,Michael,Jones,1969-04-15,73,220,,00-0008823,,,,,,,,,,"https://static.www.nfl.com/image/private/f_auto,q_auto/league/tkclzfranaq3dmqlyicl",JON624161,,32004a4f-4e62-4161-3e39-bc19382d0faa,,,
1994,NE,DL,DE,0,ACT,Mike D. Jones,Michael,Jones,1969-08-25,76,285,,00-0008831,,,,,,,,,,"https://static.www.nfl.com/image/private/f_auto,q_auto/league/kha6st3eblt02jcdibxn",JON626348,,32004a4f-4e62-6348-f580-0cde7fa2478b,,,
1994,TB,DL,DE,0,ACT,Milton Jones,Milton,Jones,1971-03-24,77,270,,00-0008832,,,,,,,,,,"https://static.www.nfl.com/image/private/f_auto,q_auto/league/ujqdw6n9ydbgkreswbts",JON633671,,32004a4f-4e63-3671-cd91-33a8eff0ee4b,,,
1994,NO,DB,DB,0,TRC,Reggie Jones,Reginald,Jones,1969-01-11,73,202,,00-0008842,,,,,,,,,,"https://static.www.nfl.com/image/private/f_auto,q_auto/league/lf96yrj1cww4oxdnge8w",JON653010,,32004a4f-4e65-3010-5f77-1799e90ba499,,,
1994,CLE,DB,DB,0,RES,Reggie Jones,Reginald,Jones,1969-01-11,73,202,,00-0008842,,,,,,,,,,"https://static.www.nfl.com/image/private/f_auto,q_auto/league/lf96yrj1cww4oxdnge8w",JON653010,,32004a4f-4e65-3010-5f77-1799e90ba499,,,
1994,DAL,LB,MLB,0,ACT,Robert Jones,Robert,Jones,1969-09-27,75,236,,00-0008853,,,,,,,,,,"https://static.www.nfl.com/image/private/f_auto,q_auto/league/svr9lietnloxxgyhbbia",JON680271,,32004a4f-4e68-0271-791d-5ad5de585f9a,,,
1994,CIN,DB,CB,0,ACT,Rod Jones,Roderick,Jones,1964-03-31,72,185,,00-0008857,,,,,,,,,,"https://static.www.nfl.com/image/private/f_auto,q_auto/league/wplqig5fphmqbh1ecybr",JON697620,,32004a4f-4e69-7620-241c-35f0963d283e,,,
1994,CIN,DB,DB,0,ACT,Roger Jones,Roger,Jones,1969-04-22,69,175,,00-0008858,,,,,,,,,,"https://static.www.nfl.com/image/private/f_auto,q_auto/league/gguar26z10ygdwhvhpq8",JON699613,,32004a4f-4e69-9613-427b-63586eb7e857,,,
1994,DEN,DB,SAF,31,ACT,Rondell Jones,Rondell,Jones,1971-05-07,74,210,,00-0008860,,,,,,,,,,"https://static.www.nfl.com/image/private/f_auto,q_auto/league/qjg9dkepgdqsvq0jkase",JON707586,,32004a4f-4e70-7586-c9f7-f988273ef258,,,
1994,GB,DL,DE,0,ACT,Sean Jones,Dwight,Jones,1962-12-19,79,268,,00-0008865,,,,,,,,,,"https://static.www.nfl.com/image/private/f_auto,q_auto/league/pzrfhrlxxlxvym6zssl2",JON245828,,32004a4f-4e24-5828-f5c0-175e95b4ceb8,,,
1994,NO,DB,DB,0,ACT,Selwyn Jones,Selwyn,Jones,1970-05-13,72,185,,00-0008866,,,,,,,,,,"https://static.www.nfl.com/image/private/f_auto,q_auto/league/zmim8rrka4clylfrteqa",JON718333,,32004a4f-4e71-8333-6b4a-17334abe160f,,,
1994,CLE,DB,DB,0,TRC,Selwyn Jones,Selwyn,Jones,1970-05-13,72,185,,00-0008866,,,,,,,,,,"https://static.www.nfl.com/image/private/f_auto,q_auto/league/zmim8rrka4clylfrteqa",JON718333,,32004a4f-4e71-8333-6b4a-17334abe160f,,,
1994,CLE,OL,OT,0,ACT,Tony Jones,Tony,Jones,1966-05-24,77,295,,00-0008886,,,,,,,,,,"https://static.www.nfl.com/image/private/f_auto,q_auto/league/aspjoltl7eqqgvytapgq",JON764060,,32004a4f-4e76-4060-3259-3dbb674a70de,,,
1994,DET,LB,LB,0,ACT,Victor Jones,Victor,Jones,1966-10-19,74,250,,00-0008892,,,,,,,,,,"https://static.www.nfl.com/image/private/f_auto,q_auto/league/ccr4kngrq5oqn5b3wu6s",JON790636,,32004a4f-4e79-0636-d4d8-0c955f1042f6,,,
1994,MIN,TE,TE,0,ACT,Andrew Jordan,Andrew,Jordan,1972-06-21,76,268,,00-0008903,,,,,,,,,,"https://static.www.nfl.com/image/private/f_auto,q_auto/league/y2cvjdo8a17lostznqh9",JOR024862,,32004a4f-5202-4862-3613-96727abd160b,,,
1994,GB,WR,WR,0,ACT,Charles Jordan,Charles,Jordan,1969-10-09,71,175,,00-0008907,,,,,,,,,,"https://static.www.nfl.com/image/private/f_auto,q_auto/league/hrkfklazca8kgduppobu",JOR061724,,32004a4f-5206-1724-ece8-c6413cdd76fa,,,
1994,SF,LB,LB,0,ACT,Darin Jordan,Darin,Jordan,1964-12-04,73,245,,00-0008909,,,,,,,,,,"https://static.www.nfl.com/image/private/f_auto,q_auto/league/clrjuuuzwgvvjgh4uhrj",JOR108336,,32004a4f-5210-8336-1bc3-68363fb43155,,,
1994,MIN,TE,TE,0,ACT,Steve Jordan,Steven,Jordan,1961-01-10,75,242,,00-0008927,,,,,,,,,,"https://static.www.nfl.com/image/private/f_auto,q_auto/league/jo7cgflsgjgssdclwycm",JOR613904,,32004a4f-5261-3904-62cc-04f9d280b11d,,,
1994,PHI,RB,RB,0,ACT,James Joseph,James,Joseph,1967-10-28,72,222,,00-0008940,,,,,,,,,,"https://static.www.nfl.com/image/private/f_auto,q_auto/league/d0g2nr2n3mq1qzetn3pk",JOS216673,,32004a4f-5321-6673-d16b-5ad4a3fb0d21,,,
1994,BUF,RB,RB,0,ACT,Yonel Jourdain,Yonel,Jourdain,1971-04-20,71,204,,00-0008946,,,,,,,,,,"https://static.www.nfl.com/image/private/f_auto,q_auto/league/jdxgrmbponfj2hqbamrj",JOU563610,,32004a4f-5556-3610-861a-69d354f350f4,,,
1994,ARI,LB,OLB,0,ACT,Seth Joyner,Seth,Joyner,1964-11-18,74,235,,00-0008953,,,,,,,,,,"https://static.www.nfl.com/image/private/f_auto,q_auto/league/i9hywjkrax4kwjid5nzi",JOY593270,,32004a4f-5959-3270-69ac-75c58591cf89,,,
1994,SEA,TE,TE,0,ACT,Trey Junkin,Abner,Junkin,1961-01-23,74,237,,00-0008961,,,,,,,,,,"https://static.www.nfl.com/image/private/f_auto,q_auto/league/coo5knlaa6axzkrzq2rs",JUN498348,,32004a55-4e49-8348-c78d-09386823c18a,,,
1994,GB,DL,DT,0,ACT,John Jurkovic,Ivan,Jurkovic,1967-08-18,74,282,,00-0008966,,,,,,,,,,"https://static.www.nfl.com/image/private/f_auto,q_auto/league/c5lhaqgi8snnr9c2fc68",JUR606770,,32004a55-5260-6770-2180-f4e108a09fdd,,,
1994,WAS,OL,G,0,TRD,Alai Kalaniuvalu,Alai,Kalaniuvalu,1971-10-23,75,302,,00-0008996,,,,,,,,,,"https://static.www.nfl.com/image/private/f_auto,q_auto/league/yezqhutrdbzilkqugipl",KAL165430,,32004b41-4c16-5430-6b53-d92018443cc3,,,
1994,GB,OL,G,0,CUT,Alai Kalaniuvalu,Alai,Kalaniuvalu,1971-10-23,75,302,,00-0008996,,,,,,,,,,"https://static.www.nfl.com/image/private/f_auto,q_auto/league/yezqhutrdbzilkqugipl",KAL165430,,32004b41-4c16-5430-6b53-d92018443cc3,,,
1994,PIT,OL,G,0,RES,Todd Kalis,Todd,Kalis,1965-05-10,78,296,,00-0008999,,,,,,,,,,"https://static.www.nfl.com/image/private/f_auto,q_auto/league/eprd5ryhw4dk8f0sgei0",KAL415290,,32004b41-4c41-5290-f05e-2be126c05b08,,,
1994,DEN,OL,OT,0,RES,Keith Kartz,Keith,Kartz,1963-05-05,76,270,,00-0009027,,,,,,,,,,"https://static.www.nfl.com/image/private/f_auto,q_auto/league/mmqdzf1gx61p5qdk2yiz",KAR751469,,32004b41-5275-1469-7bfa-5ba6b86409da,,,
1994,SEA,SPEC,K,0,ACT,John Kasay,John,Kasay,1969-10-27,70,189,,00-0009028,,,,,,,,,,"https://static.www.nfl.com/image/private/f_auto,q_auto/league/t7fvhg0upkp9gojwojx7",KAS023070,,32004b41-5302-3070-bece-a9bec4adbea8,,,
1994,SEA,OL,OT,0,RES,Mike Kegarise,Mike,Kegarise,1971-06-19,77,310,,00-0009071,,,,,,,,,,"https://static.www.nfl.com/image/private/f_auto,q_auto/league/rm5xmgzwewalqbh8wdmh",KEG059326,,32004b45-4705-9326-efe8-fb178b9bfa4b,,,
1994,SEA,OL,OT,0,ACT,Mike Keim,Karl,Keim,1965-11-12,79,302,,00-0009076,,,,,,,,,,"https://static.www.nfl.com/image/private/f_auto,q_auto/league/ezrxbzvtyi3arfsxpw75",KEI276860,,32004b45-4927-6860-44a1-b23ea02cecf1,,,
1994,PIT,TE,TE,0,ACT,Craig Keith,Craig,Keith,1971-04-27,75,262,,00-0009079,,,,,,,,,,"https://static.www.nfl.com/image/private/f_auto,q_auto/league/snratrr5attiaheltkjp",KEI402541,,32004b45-4940-2541-93e9-4629245b49e2,,,
1994,BUF,QB,QB,0,RES,Jim Kelly,James,Kelly,1960-02-14,75,226,,00-0009111,,,,,,,,,,"https://static.www.nfl.com/image/private/f_auto,q_auto/league/ezhzfqgz0wubbwdmyxlt",KEL581385,,32004b45-4c58-1385-b67a-09f3fc8ad2f6,,,
1994,RAM,LB,OLB,0,ACT,Joe Kelly,Joseph,Kelly,1964-12-11,74,235,,00-0009113,,,,,,,,,,"https://static.www.nfl.com/image/private/f_auto,q_auto/league/s0ouignpyda0jywoustu",KEL664440,,32004b45-4c66-4440-e733-4b32a51180e2,,,
1994,SF,DL,DE,0,ACT,Todd Kelly,Todd,Kelly,1970-11-27,74,259,,00-0009121,,,,,,,,,,"https://static.www.nfl.com/image/private/f_auto,q_auto/league/gpjbpuxbfpybbrubdkld",KEL740376,,32004b45-4c74-0376-de1c-21aed3fbd3e1,,,
1994,ATL,OL,OT,0,ACT,Mike Kenn,Michael,Kenn,1956-02-09,79,286,,00-0009142,,,,,,,,,,"https://static.www.nfl.com/image/private/f_auto,q_auto/league/sq5lyi1fhy0qvm0h65ci",KEN166115,,32004b45-4e16-6115-cf39-139193de1f91,,,
1994,DAL,OL,G,0,ACT,Derek Kennard,Derek,Kennard,1962-09-09,75,300,,00-0009143,,,,,,,,,,"https://static.www.nfl.com/image/private/f_auto,q_auto/league/imm5u9hlpb7nzvvbyo3q",KEN199338,,32004b45-4e19-9338-f794-e98a09b4c477,,,
1994,SEA,DL,DT,96,ACT,Cortez Kennedy,Cortez,Kennedy,1968-08-23,75,293,,00-0009148,,,,,,,,,,"https://static.www.nfl.com/image/private/f_auto,q_auto/league/pvge87lv7e5y1rcupvsv",KEN365453,,32004b45-4e36-5453-732a-1dadfe2da573,,,
1994,ATL,OL,G,0,ACT,Lincoln Kennedy,Tamerlane,Kennedy,1971-02-12,78,335,,00-0009150,,,,,,,,,,"https://static.www.nfl.com/image/private/f_auto,q_auto/league/jnop4selxqds96wm1vtw",KEN555041,,32004b45-4e55-5041-8a16-1fafaa8e0b70,,,
1994,SD,SPEC,P,0,TRD,John Kidd,Max,Kidd,1961-08-22,75,208,,00-0009204,,,,,,,,,,"https://static.www.nfl.com/image/private/f_auto,q_auto/league/ljpt6pzsnyns5an1efyl",KID415290,,32004b49-4441-5290-3591-77f061622866,,,
1994,MIA,SPEC,P,0,ACT,John Kidd,Max,Kidd,1961-08-22,75,208,,00-0009204,,,,,,,,,,"https://static.www.nfl.com/image/private/f_auto,q_auto/league/ljpt6pzsnyns5an1efyl",KID415290,,32004b49-4441-5290-3591-77f061622866,,,
1994,DEN,WR,WR,0,ACT,Tony Kimbrough,Antonius,Kimbrough,1970-09-17,74,192,,00-0009230,,,,,,,,,,"https://static.www.nfl.com/image/private/f_auto,q_auto/league/tozyj7nqqntcwtowma8x",KIM406290,,32004b49-4d40-6290-7872-6a3cff502c84,,,
1994,CLE,TE,TE,0,ACT,Brian Kinchen,Brian,Kinchen,1965-08-06,74,240,,00-0009237,,,,,,,,,,"https://static.www.nfl.com/image/private/f_auto,q_auto/league/u75srtqyythxjmcgssdm",KIN090606,,32004b49-4e09-0606-98bf-9b3f852363e7,,,
1994,RAM,WR,WR,0,ACT,Todd Kinchen,Todd,Kinchen,1969-01-07,71,187,,00-0009238,,,,,,,,,,"https://static.www.nfl.com/image/private/f_auto,q_auto/league/ofzpgobbgutvslhy5rm9",KIN098156,,32004b49-4e09-8156-7696-3b1ae0af25bd,,,
1994,MIA,RB,RB,0,RES,Terry Kirby,Terry,Kirby,1970-01-20,73,215,,00-0009288,,,,,,,,,,"https://static.www.nfl.com/image/private/f_auto,q_auto/league/bhvxmn3s2kesdtgg0qkm",KIR099428,,32004b49-5209-9428-4298-b8b899d299cb,,,
1994,ARI,LB,LB,0,ACT,Randy Kirk,Randall,Kirk,1964-12-27,74,235,,00-0009293,,,,,,,,,,"https://static.www.nfl.com/image/private/f_auto,q_auto/league/ams2xeklm61hhc8a2pg8",KIR393426,,32004b49-5239-3426-2479-8cf2f98aafd4,,,
1994,PIT,LB,ILB,99,ACT,Levon Kirkland,Lorenzo,Kirkland,1969-02-17,73,250,,00-0009298,,,,,,,,,,"https://static.www.nfl.com/image/private/f_auto,q_auto/league/paim9l1iq9zgn23xgkcm",KIR520594,,32004b49-5252-0594-751a-3408f0ee3029,,,
1994,ATL,QB,QB,0,ACT,Perry Klein,Perry,Klein,1971-03-25,74,218,,00-0009321,,,,,,,,,,"https://static.www.nfl.com/image/private/f_auto,q_auto/league/wbu2u5m4b5ws09ftuafa",KLE264860,,32004b4c-4526-4860-7edf-12390318f385,,,
1994,NO,OL,OT,0,ACT,Alan Kline,Alan,Kline,1971-05-25,77,277,,00-0009328,,,,,,,,,,"https://static.www.nfl.com/image/private/f_auto,q_auto/league/kdxl7judidi2ludnvltj",KLI486348,,32004b4c-4948-6348-8779-396c58dbe2a4,,,
1994,MIA,DL,DT,0,ACT,Chuck Klingbeil,Charles,Klingbeil,1965-11-02,73,289,,00-0009329,,,,,,,,,,"https://static.www.nfl.com/image/private/f_auto,q_auto/league/qmah54qpnm4bcn4ltjcw",KLI651714,,32004b4c-4965-1714-79a9-99c091511d3c,,,
1994,CIN,QB,QB,0,ACT,David Klingler,David,Klingler,1969-02-17,75,205,,00-0009331,,,,,,,,,,"https://static.www.nfl.com/image/private/f_auto,q_auto/league/awileyiayqolyddhirtg",KLI677214,,32004b4c-4967-7214-f7b7-874ae2e56f8b,,,
1994,KC,OL,OT,0,ACT,Lindsay Knapp,Lindsay,Knapp,1970-02-25,78,280,,00-0009342,,,,,,,,,,"https://static.www.nfl.com/image/private/f_auto,q_auto/league/jnopxnn8zmtammgvlg9f",KNA580520,,32004b4e-4158-0520-cdfd-cc95670c844e,,,
1994,ARI,WR,WR,0,ACT,Kevin Knox,Kevin,Knox,1971-01-30,75,195,,00-0009374,,,,,,,,,,"https://static.www.nfl.com/image/private/f_auto,q_auto/league/x7mexsp6eczbxzogucu3",KNO582482,,32004b4e-4f58-2482-84a7-e2a45dd1d13a,,,
1994,GB,LB,OLB,0,ACT,George Koonce,George,Koonce,1968-10-15,73,240,,00-0009418,,,,,,,,,,"https://static.www.nfl.com/image/private/f_auto,q_auto/league/lxpjxgfkjupcarl0djdc",KOO194145,,32004b4f-4f19-4145-9b4b-171cc837ed15,,,
1994,MIA,QB,QB,0,ACT,Bernie Kosar,Bernie,Kosar,1963-11-25,77,215,,00-0009427,,,,,,,,,,"https://static.www.nfl.com/image/private/f_auto,q_auto/league/j5kwb9rb36prfdwyr71q",KOS075507,,32004b4f-5307-5507-6678-23c0b216ded5,,,
1994,DET,LB,LB,0,ACT,Scott Kowalkowski,Scott,Kowalkowski,1968-08-23,74,228,,00-0009438,,,,,,,,,,"https://static.www.nfl.com/image/private/f_auto,q_auto/league/tq0t1jxy518gyvwd7yes",KOW284360,,32004b4f-5728-4360-1ba8-a6b9a26668e5,,,
1994,CIN,OL,OT,0,ACT,Bruce Kozerski,Bruce,Kozerski,1962-04-02,76,287,,00-0009442,,,,,,,,,,"https://static.www.nfl.com/image/private/f_auto,q_auto/league/fy5r923gvwu38exqdas6",KOZ237308,,32004b4f-5a23-7308-a678-b3a248c2de25,,,
1994,NYG,TE,TE,0,ACT,Brian Kozlowski,Brian,Kozlowski,1970-10-04,75,245,,00-0009443,,,,,,,,,,"https://static.www.nfl.com/image/private/f_auto,q_auto/league/xvc6eblafj2uhq7zv5bz",KOZ465616,,32004b4f-5a46-5616-1fcf-f9ce302e8199,,,
1994,KC,DL,DT,0,ACT,Greg Kragen,Greg,Kragen,1962-03-04,75,245,,00-0009447,,,,,,,,,,"https://static.www.nfl.com/image/private/f_auto,q_auto/league/xowq0vgownawcha1hvsy",KRA151014,,32004b52-4115-1014-b799-6a3dbeb9b7da,,,
1994,CHI,QB,QB,12,ACT,Erik Kramer,William,Kramer,1964-11-06,73,199,,00-0009451,,,,,,,,,,"https://static.www.nfl.com/image/private/f_auto,q_auto/league/ki0klfaycq3bhbcrjddx",KRA503380,,32004b52-4150-3380-f839-fa487e844b1d,,,
1994,NE,OL,G,0,ACT,Bob Kratch,Robert,Kratch,1966-01-06,75,288,,00-0009455,,,,,,,,,,"https://static.www.nfl.com/image/private/f_auto,q_auto/league/gqeikyufvsgsw7csi4t6",KRA553718,,32004b52-4155-3718-99bb-2bc6b9fccd54,,,
1994,SD,DL,DE,0,RES,Darren Krein,Darren,Krein,1971-07-07,76,258,,00-0009462,,,,,,,,,,"https://static.www.nfl.com/image/private/f_auto,q_auto/league/fr5v16trjozkxwn0qtqu",KRE180062,,32004b52-4518-0062-a4cd-060b0fe60d91,,,
1994,DET,QB,QB,0,ACT,Dave Krieg,David,Krieg,1958-10-20,73,202,,00-0009475,,,,,,,,,,"https://static.www.nfl.com/image/private/f_auto,q_auto/league/srx5ku7mit9cvbapch11",KRI069215,,32004b52-4906-9215-3bd1-0d591dba0fb9,,,
1994,CIN,DL,DT,0,ACT,Tim Krumrie,Timothy,Krumrie,1960-05-20,74,274,,00-0009488,,,,,,,,,,"https://static.www.nfl.com/image/private/f_auto,q_auto/league/lqdan6qqpgvfsfkiga7d",KRU575019,,32004b52-5557-5019-7d31-99400926bd50,,,
1994,GB,DL,DE,0,RES,Matt LaBounty,Matthew,LaBounty,1969-01-03,76,254,,00-0009539,,,,,,,,,,"https://static.www.nfl.com/image/private/f_auto,q_auto/league/gbwlk7h6k2hqbi1tiesy",LAB692151,,32004c41-4269-2151-72f6-376c2ef33ccd,,,
1994,WAS,OL,OT,0,RES,Jim Lachey,James,Lachey,1963-06-04,78,294,,00-0009541,,,,,,,,,,"https://static.www.nfl.com/image/private/f_auto,q_auto/league/sultgie6itwvvsylyzt1",LAC355962,,32004c41-4335-5962-6899-aa04a35f14da,,,
1994,BUF,OL,G,68,RES,Corbin Lacina,Corbin,Lacina,1970-11-02,76,297,,00-0009542,,,,,,,,,,"https://static.www.nfl.com/image/private/f_auto,q_auto/league/gortyrbv9w3ned33xbjs",LAC395513,,32004c41-4339-5513-3313-ce6c228de322,,,
1994,NYJ,DL,DE,0,ACT,Jeff Lageman,Jeffrey,Lageman,1967-07-18,78,266,,00-0009555,,,,,,,,,,"https://static.www.nfl.com/image/private/f_auto,q_auto/league/b2vr2euxakbdlsqlhmu5",LAG332232,,32004c41-4733-2232-7f98-c0ba11fed0e7,,,
1994,SD,TE,TE,0,ACT,Aaron Laing,Aaron,Laing,1971-07-19,75,264,,00-0009558,,,,,,,,,,"https://static.www.nfl.com/image/private/f_auto,q_auto/league/lmozp9rbpq957zthjlks",LAI318732,,32004c41-4931-8732-819a-926e8cbdb9dc,,,
1994,PIT,DB,S,37,ACT,Carnell Lake,Carnell,Lake,1967-07-15,73,210,,00-0009561,,,,,,,,,,"https://static.www.nfl.com/image/private/f_auto,q_auto/league/gk6ujcaeyvoacbbxwfhy",LAK276861,,32004c41-4b27-6861-a0d6-1444fec9ba44,,,
1994,SEA,DB,DB,0,ACT,Dion Lambert,Dion,Lambert,1969-02-12,72,185,,00-0009572,,,,,,,,,,"https://static.www.nfl.com/image/private/f_auto,q_auto/league/iztxi1bjdymkesva8xfo",LAM380356,,32004c41-4d38-0356-91f1-8fccf623aa1f,,,
1994,RAI,DB,CB,0,ACT,Dan Land,Daniel,Land,1965-07-03,72,195,,00-0009582,,,,,,,,,,"https://static.www.nfl.com/image/private/f_auto,q_auto/league/csqwwdbggxfb7kh0uwbu",LAN017671,,32004c41-4e01-7671-dc19-038c817da971,,,
1994,RAM,SPEC,P,0,ACT,Sean Landeta,Sean,Landeta,1962-01-06,72,210,,00-0009584,,,,,,,,,,"https://static.www.nfl.com/image/private/f_auto,q_auto/league/ck6so8zwqjsmxhdabvog",LAN106026,,32004c41-4e10-6026-9cbb-d48fb01c2306,,,
1994,NE,OL,OT,0,ACT,Max Lane,Max,Lane,1971-02-22,78,295,,00-0009604,,,,,,,,,,"https://static.www.nfl.com/image/private/f_auto,q_auto/league/nxuznd8ulpiesjrmrdbb",LAN362255,,32004c41-4e36-2255-890d-eba204f74257,,,
1994,RAM,RB,RB,0,ACT,David Lang,David,Lang,1968-03-28,71,213,,00-0009610,,,,,,,,,,"https://static.www.nfl.com/image/private/f_auto,q_auto/league/e2idhvmxeqrbcbvj7ovs",LAN415268,,32004c41-4e41-5268-d043-bfed0a9fc2d3,,,
1994,CLE,DB,CB,0,ACT,Antonio Langham,Collie,Langham,1972-07-31,72,180,,00-0009620,,,,,,,,,,"https://static.www.nfl.com/image/private/f_auto,q_auto/league/ryyxgnbjq5rpsylbo94n",LAN556636,,32004c41-4e55-6636-9f92-f282d2cc3510,,,
1994,DEN,OL,OT,0,ACT,Ken Lanier,Kenneth,Lanier,1959-07-08,75,290,,00-0009625,,,,,,,,,,"https://static.www.nfl.com/image/private/f_auto,q_auto/league/nv964zgsf5hymt3imhbc",LAN618485,,32004c41-4e61-8485-38f9-ce8fdb812de7,,,
1994,BUF,DL,DT,0,CUT,Leonard Larramore,Leonard,Larramore,1970-04-24,73,317,,00-0009643,,,,,,,,,,"https://static.www.nfl.com/image/private/f_auto,q_auto/league/rq5udgghvp1wwoeka8ji",LAR303224,,32004c41-5230-3224-83c3-4268f48baa5f,,,
1994,DAL,RB,RB,0,RES,Derrick Lassic,Derrick,Lassic,1970-01-26,70,188,,00-0009658,,,,,,,,,,"https://static.www.nfl.com/image/private/f_auto,q_auto/league/k3aspqkadiq0upfgk1qc",LAS626160,,32004c41-5362-6160-bdb9-5cbde1127d00,,,
1994,HOU,DL,DE,0,ACT,Lamar Lathon,Lamar,Lathon,1967-12-23,75,252,,00-0009663,,,,,,,,,,"https://static.www.nfl.com/image/private/f_auto,q_auto/league/dp0gtjmsx0fn8o1c03yy",LAT127782,,32004c41-5412-7782-585e-c58ba27a324f,,,
1994,ATL,TE,TE,0,ACT,Harper LeBel,Brian,LeBel,1963-07-14,76,248,,00-0009726,,,,,,,,,,"https://static.www.nfl.com/image/private/f_auto,q_auto/league/mh1qigaqqx26ddu57y2i",LEB311466,,32004c45-4231-1466-2aee-f0442536a97d,,,
1994,MIN,RB,RB,0,ACT,Amp Lee,Anthonia,Lee,1971-10-01,71,200,,00-0009738,,,,,,,,,,"https://static.www.nfl.com/image/private/f_auto,q_auto/league/v5ldrodqvugmwzq2xtfb",LEE016392,,32004c45-4501-6392-b48b-eb78254e0609,,,
1994,NO,DB,CB,0,ACT,Carl Lee,Carl,Lee,1961-02-06,71,185,,00-0009744,,,,,,,,,,"https://static.www.nfl.com/image/private/f_auto,q_auto/league/z66lpo71etqg7r5akzlv",LEE109285,,32004c45-4510-9285-4d05-181997dcb459,,,
1994,NE,WR,WR,0,RES,Kevin Lee,Kevin,Lee,1971-01-01,73,194,,00-0009761,,,,,,,,,,"https://static.www.nfl.com/image/private/f_auto,q_auto/league/pjxfejyp2gizkbnria18",LEE426211,,32004c45-4542-6211-cf6f-4aa2f068bc5b,,,
1994,SD,DL,DT,0,ACT,Shawn Lee,Shawn,Lee,1966-10-24,74,300,,00-0009775,,,,,,,,,,"https://static.www.nfl.com/image/private/f_auto,q_auto/league/nespp3pcqtqaewec35bx",LEE655710,,32004c45-4565-5710-ac51-d01b32a03e0b,,,
1994,CHI,OL,G,0,ACT,Jay Leeuwenburg,Jay,Leeuwenburg,1969-06-18,75,288,,00-0009783,,,,,,,,,,"https://static.www.nfl.com/image/private/f_auto,q_auto/league/eirhmdzjdwhkcuf46atp",LEE801209,,32004c45-4580-1209-9943-a7dcac2b44db,,,
1994,NE,RB,RB,0,ACT,Burnie Legette,Burnie,Legette,1970-12-05,73,243,,00-0009785,,,,,,,,,,"https://static.www.nfl.com/image/private/f_auto,q_auto/league/s3lj5wtiwuvl34kuhfjr",LEG114086,,32004c45-4711-4086-8056-0b05c6eac103,,,
1994,NO,DB,DB,0,ACT,Tyrone Legette,Tyrone,Legette,1970-02-15,69,177,,00-0009786,,,,,,,,,,"https://static.www.nfl.com/image/private/f_auto,q_auto/league/acvsu5pv2tdhvt3dsv83",LEG124586,,32004c45-4712-4586-b733-de1dd40348b1,,,
1994,NYJ,RB,RB,0,ACT,Fred Lester,Fred,Lester,1971-08-01,72,241,,00-0009815,,,,,,,,,,"https://static.www.nfl.com/image/private/f_auto,q_auto/league/f9uxbt6j4e7cddwcjj01",LES346075,,32004c45-5334-6075-595a-4f2ab7431167,,,
1994,RAM,RB,RB,0,ACT,Tim Lester,Timothy,Lester,1968-06-15,69,215,,00-0009819,,,,,,,,,,"https://static.www.nfl.com/image/private/f_auto,q_auto/league/gsohnbuqy7ihoxg7yoby",LES703400,,32004c45-5370-3400-2ee2-258a980c5344,,,
1994,DAL,DL,DT,78,ACT,Leon Lett,Leon,Lett,1968-10-12,78,285,,00-0009823,,,,,,,,,,"https://static.www.nfl.com/image/private/f_auto,q_auto/league/xarwuasvydwixrnajyn2",LET648891,,32004c45-5464-8891-16f0-c74294517a96,,,
1994,GB,RB,RB,0,ACT,Dorsey Levens,Herbert,Levens,1970-05-21,73,235,,00-0009829,,,,,,,,,,"https://static.www.nfl.com/image/private/f_auto,q_auto/league/sfuocpcy2nem6bllgiri",LEV403290,,32004c45-5640-3290-536e-ff988519e8dc,,,
1994,ARI,RB,RB,0,ACT,Chuck Levy,Charles,Levy,1972-01-07,72,197,,00-0009835,,,,,,,,,,"https://static.www.nfl.com/image/private/f_auto,q_auto/league/zmrbk2iskbqaqssyokv5",LEV651714,,32004c45-5665-1714-34f3-9ae4481d420e,,,
1994,RAI,DB,CB,0,ACT,Albert Lewis,Albert,Lewis,1960-10-06,74,195,,00-0009836,,,,,,,,,,"https://static.www.nfl.com/image/private/f_auto,q_auto/league/ugdxehxjdhtlt4ppp20t",LEW034606,,32004c45-5703-4606-f605-ff2d8ae35795,,,
1994,HOU,DB,CB,29,ACT,Darryll Lewis,Darryll,Lewis,1968-12-16,69,183,,00-0009849,,,,,,,,,,"https://static.www.nfl.com/image/private/f_auto,q_auto/league/to5tgllv2mf0slyt4pdk",LEW163227,,32004c45-5716-3227-9cf7-5ebf4026d64d,,,
1994,NYJ,LB,OLB,57,ACT,Mo Lewis,Morris,Lewis,1969-10-21,75,250,,00-0009886,,,,,,,,,,"https://static.www.nfl.com/image/private/f_auto,q_auto/league/jz84clxtxmkmvini6imm",LEW545044,,32004c45-5754-5044-11bd-be2b8606dce7,,,
1994,CHI,WR,WR,0,ACT,Nate Lewis,Nathaniel,Lewis,1966-10-19,71,189,,00-0009887,,,,,,,,,,"https://static.www.nfl.com/image/private/f_auto,q_auto/league/drfr6ndgjdfnllr6036u",LEW553696,,32004c45-5755-3696-c4b9-7c5f45d19aa6,,,
1994,HOU,TE,TE,88,ACT,Roderick Lewis,Roderick,Lewis,1971-06-09,77,254,,00-0009893,,,,,,,,,,"https://static.www.nfl.com/image/private/f_auto,q_auto/league/dqcbmmvkzli4zx7ivsil",LEW631559,,32004c45-5763-1559-4d97-ad0d85dc403b,,,
1994,GB,WR,WR,0,RES,Ron Lewis,Ronald,Lewis,1968-03-25,71,192,,00-0009898,,,,,,,,,,"https://static.www.nfl.com/image/private/f_auto,q_auto/league/yspsy7snroupkxnsx4if",LEW657514,,32004c45-5765-7514-9013-b41c54c47726,,,
1994,NYG,WR,WR,0,RES,Thomas Lewis,Thomas,Lewis,1972-01-10,73,185,,00-0009903,,,,,,,,,,"https://static.www.nfl.com/image/private/f_auto,q_auto/league/huhokiptwmrvhgj6ccjo",LEW739703,,32004c45-5773-9703-cbde-3098b2017b2c,,,
1994,NE,DB,DB,43,ACT,Vernon Lewis,Vernon,Lewis,1970-10-27,70,192,,00-0009908,,,,,,,,,,"https://static.www.nfl.com/image/private/f_auto,q_auto/league/yjtod7mc0todsc57cfdu",LEW755564,,32004c45-5775-5564-cf5e-50875c6bffa7,,,
1994,CHI,DB,CB,0,ACT,Jeremy Lincoln,Jeremy,Lincoln,1969-04-07,70,180,,00-0009933,,,,,,,,,,"https://static.www.nfl.com/image/private/f_auto,q_auto/league/qf4yfhlhbvcb4ufzhqsa",LIN046780,,32004c49-4e04-6780-61be-b3546530d742,,,
1994,MIN,OL,G,0,RES,Everett Lindsay,Everett,Lindsay,1970-09-18,76,290,,00-0009941,,,,,,,,,,"https://static.www.nfl.com/image/private/f_auto,q_auto/league/husonvnt6xaq01vbzyh0",LIN302290,,32004c49-4e30-2290-9302-80f6deaeb79a,,,
1994,BUF,OL,C,0,ACT,Adam Lingner,Adam,Lingner,1960-11-02,76,268,,00-0009956,,,,,,,,,,"https://static.www.nfl.com/image/private/f_auto,q_auto/league/orjwxc4cufpthycu9ws6",LIN601440,,32004c49-4e60-1440-f3a5-96af7c74f718,,,
1994,PIT,LB,OLB,0,ACT,Greg Lloyd,Gregory,Lloyd,1965-05-26,74,224,,00-0009997,,,,,,,,,,"https://static.www.nfl.com/image/private/f_auto,q_auto/league/wvyes9sgw9fyxjukgor4",LLO498348,,32004c4c-4f49-8348-48a8-7ccd061e52de,,,
1994,BUF,DL,NT,0,ACT,Mike Lodish,Michael,Lodish,1967-08-11,75,280,,00-0010019,,,,,,,,,,"https://static.www.nfl.com/image/private/f_auto,q_auto/league/qc84gqnklubdugmaqsif",LOD415291,,32004c4f-4441-5291-2a0b-8d6376222c56,,,
1994,SF,RB,FB,0,ACT,Marc Logan,Marc,Logan,1965-05-09,72,212,,00-0010030,,,,,,,,,,"https://static.www.nfl.com/image/private/f_auto,q_auto/league/elpurhsirubxvsvtzb55",LOG528549,,32004c4f-4752-8549-2053-107ca47b67ed,,,
1994,WAS,SPEC,K,0,ACT,Chip Lohmiller,John,Lohmiller,1966-07-16,75,215,,00-0010038,,,,,,,,,,"https://static.www.nfl.com/image/private/f_auto,q_auto/league/fvluo0bgiq0frnh2tlji",LOH553722,,32004c4f-4855-3722-e4c5-8856c087c9fe,,,
1994,DET,LB,LB,0,ACT,Antonio London,Antonio,London,1971-04-14,74,234,,00-0010048,,,,,,,,,,"https://static.www.nfl.com/image/private/f_auto,q_auto/league/ghgpdedttpmojw3srksc",LON011223,,32004c4f-4e01-1223-c348-1fbb13218757,,,
1994,RAM,OL,G,0,RES,Keith Loneker,Keith,Loneker,1971-06-21,75,330,,00-0010052,,,,,,,,,,"https://static.www.nfl.com/image/private/f_auto,q_auto/league/ik0ilza9xse1ejsryfc6",LON087516,,32004c4f-4e08-7516-3b6e-674e5c16b345,,,
1994,DET,QB,QB,0,ACT,Chuck Long,Charles,Long,1963-02-18,76,217,,00-0010054,,,,,,,,,,"https://static.www.nfl.com/image/private/f_auto,q_auto/league/v0dburnmc8qsown5ylbc",LON202032,,32004c4f-4e20-2032-8f78-01f6acbaa737,,,
1994,ARI,DL,DE,0,RES,Kenny Lopez,Kenny,Lopez,1970-01-10,74,275,,00-0010077,,,,,,,,,,"https://static.www.nfl.com/image/private/f_auto,q_auto/league/mwcfv7ujbyactds2ehwk",LOP479182,,32004c4f-5047-9182-4b8e-2cf4f1cd0612,,,
1994,NYJ,DB,FS,0,ACT,Ronnie Lott,Ronald,Lott,1959-05-08,72,203,,00-0010088,,,,,,,,,,"https://static.www.nfl.com/image/private/f_auto,q_auto/league/atxlkaso6zkduzfqa3h7",LOT519110,,32004c4f-5451-9110-88f3-31d71093cc4e,,,
1994,BUF,OL,OT,0,ACT,Corey Louchiey,Corey,Louchiey,1971-10-10,80,305,,00-0010091,,,,,,,,,,"https://static.www.nfl.com/image/private/f_auto,q_auto/league/vnuec7qm3b9vvzpmse31",LOU332573,,32004c4f-5533-2573-ab27-6c61db945209,,,
1994,PIT,OL,G,0,ACT,Duval Love,Duval,Love,1963-06-24,75,288,,00-0010096,,,,,,,,,,"https://static.www.nfl.com/image/private/f_auto,q_auto/league/pphhzcqhvikrrtoccqn7",LOV063891,,32004c4f-5606-3891-6a7c-f3426b8842c8,,,
1994,TB,OL,G,0,ACT,Sean Love,Sean,Love,1968-09-06,75,290,,00-0010100,,,,,,,,,,"https://static.www.nfl.com/image/private/f_auto,q_auto/league/mvvn1gbdkmfrowxcr6ij",LOV223618,,32004c4f-5622-3618-7ec3-a627f669d23c,,,
1994,SF,RB,RB,0,ACT,Derek Loville,Derek,Loville,1968-07-04,70,205,,00-0010107,,,,,,,,,,"https://static.www.nfl.com/image/private/f_auto,q_auto/league/ospnjr1stscwwtij4tdu",LOV575019,,32004c4f-5657-5019-7f9e-59a046bfce0f,,,
1994,IND,OL,C,0,ACT,Kirk Lowdermilk,Robert,Lowdermilk,1963-04-10,75,280,,00-0010111,,,,,,,,,,"https://static.www.nfl.com/image/private/f_auto,q_auto/league/xpj8vfpogjxut5gnqqss",LOW069215,,32004c4f-5706-9215-df6e-1bd177888f24,,,
1994,NYJ,SPEC,K,0,ACT,Nick Lowery,Dominic,Lowery,1956-05-27,76,205,,00-0010124,,,,,,,,,,"https://static.www.nfl.com/image/private/f_auto,q_auto/league/p0rgqmy96igavbuv7ajn",LOW553720,,32004c4f-5755-3720-b2dc-99cb3cfbe58c,,,
1994,NO,DB,S,46,ACT,Sean Lumpkin,Sean,Lumpkin,1970-01-04,72,206,,00-0010154,,,,,,,,,,"https://static.www.nfl.com/image/private/f_auto,q_auto/league/xoutq4squvyvzdh9n3pl",LUM674964,,32004c55-4d67-4964-85e0-bd263281aaa9,,,
1994,DET,OL,OT,0,ACT,Dave Lutz,David,Lutz,1959-12-20,78,305,,00-0010171,,,,,,,,,,"https://static.www.nfl.com/image/private/f_auto,q_auto/league/zepiccvc5pprbnw1v5ki",LUT553722,,32004c55-5455-3722-6de0-3af0f91fe506,,,
1994,RAM,DB,CB,0,ACT,Todd Lyght,Todd,Lyght,1969-02-09,72,186,,00-0010173,,,,,,,,,,"https://static.www.nfl.com/image/private/f_auto,q_auto/league/ibjuifhftuhrpmdzhn7j",LYG266972,,32004c59-4726-6972-4cdf-52f6d3dd3b07,,,
1994,RAM,DB,SAF,0,ACT,Keith Lyle,Keith,Lyle,1972-04-17,74,204,,00-0010174,,,,,,,,,,"https://static.www.nfl.com/image/private/f_auto,q_auto/league/yogvxtrciecgo8yv5yzr",LYL302360,,32004c59-4c30-2360-27f9-ae9ea0e02554,,,
1994,CLE,DL,DE,0,ACT,Rick Lyle,Rick,Lyle,1971-02-26,77,275,,00-0010175,,,,,,,,,,"https://static.www.nfl.com/image/private/f_auto,q_auto/league/deygpvzckk44lak0xjuk",LYL315110,,32004c59-4c31-5110-d7c1-196964a53424,,,
1994,DET,RB,RB,0,ACT,Eric Lynch,Eric,Lynch,1970-05-16,70,224,,00-0010186,,,,,,,,,,"https://static.www.nfl.com/image/private/f_auto,q_auto/league/v5naizmrtbmzrjaurdom",LYN094308,,32004c59-4e09-4308-58ea-d3b480c60ffa,,,
1994,TB,DB,SAF,0,ACT,John Lynch,John,Lynch,1971-09-25,74,220,,00-0010188,,,,,,,,,,"https://static.www.nfl.com/image/private/f_auto,q_auto/league/tgg0nlydguicwcylutpy",LYN260424,,32004c59-4e26-0424-1847-ced77f1e4302,,,
1994,ARI,DB,S,0,ACT,Lorenzo Lynch,Lorenzo,Lynch,1963-04-06,71,197,,00-0010190,,,,,,,,,,"https://static.www.nfl.com/image/private/f_auto,q_auto/league/becntluvvavvb7rojqen",LYN332232,,32004c59-4e33-2232-104e-2bc9bbb6e413,,,
1994,ATL,TE,TE,0,ACT,Mitch Lyons,Mitchell,Lyons,1970-05-13,77,255,,00-0010202,,,,,,,,,,"https://static.www.nfl.com/image/private/f_auto,q_auto/league/toqyylat6fcsefxjmggb",LYO426538,,32004c59-4f42-6538-9627-b2bd891b2e03,,,
1994,DET,DB,DB,0,ACT,Milton Mack,Milton,Mack,1963-09-20,71,195,,00-0010235,,,,,,,,,,"https://static.www.nfl.com/image/private/f_auto,q_auto/league/yepe2airldkqbptdcsrp",MAC349712,,32004d41-4334-9712-91c6-d5f8c499db5b,,,
1994,PIT,LB,LB,0,RES,Rico Mack,Rico,Mack,1971-02-22,76,239,,00-0010238,,,,,,,,,,"https://static.www.nfl.com/image/private/f_auto,q_auto/league/nhdr7wjlpiaqlzc3mjrb",MAC365324,,32004d41-4336-5324-f11e-8e0fd64a0bee,,,
1994,BUF,LB,ILB,0,ACT,Mark Maddox,Mark,Maddox,1968-03-23,73,233,,00-0010259,,,,,,,,,,"https://static.www.nfl.com/image/private/f_auto,q_auto/league/kj24bpsdgvzvkrjyyjkx",MAD419486,,32004d41-4441-9486-2ffc-12c0585a67f3,,,
1994,RAM,QB,QB,0,ACT,Tommy Maddox,Thomas,Maddox,1971-09-02,76,195,,00-0010261,,,,,,,,,,"https://static.www.nfl.com/image/private/f_auto,q_auto/league/fit1hkkp3q9y4ypcezz6",MAD472685,,32004d41-4447-2685-c551-a4b70ff0e65d,,,
1994,DEN,OL,OT,0,ACT,Don Maggs,Donald,Maggs,1961-11-01,77,290,,00-0010271,,,,,,,,,,"https://static.www.nfl.com/image/private/f_auto,q_auto/league/sch67zcamxfxf1ushuuo",MAG383346,,32004d41-4738-3346-e5ac-632b5f241b51,,,
1994,IND,OL,G,0,ACT,Eric Mahlum,Eric,Mahlum,1970-12-06,76,285,,00-0010278,,,,,,,,,,"https://static.www.nfl.com/image/private/f_auto,q_auto/league/ek6gby9ghbip8vaz4wjd",MAH397490,,32004d41-4839-7490-f0c5-484bbb35b964,,,
1994,IND,QB,QB,0,ACT,Don Majkowski,Donald,Majkowski,1964-02-25,74,203,,00-0010284,,,,,,,,,,"https://static.www.nfl.com/image/private/f_auto,q_auto/league/hfp8aw90oamg2v3qvjcj",MAJ166116,,32004d41-4a16-6116-322a-92a52179298d,,,
1994,NYJ,OL,OT,75,ACT,Siupeli Malamala,Siupeli,Malamala,1969-01-15,77,308,,00-0010293,,,,,,,,,,"https://static.www.nfl.com/image/private/f_auto,q_auto/league/jhlethyqinxz1qcilx4t",MAL026051,,32004d41-4c02-6051-b55e-5fd215ca4be1,,,
1994,MIA,DB,DB,0,RES,Darrell Malone,Darrell,Malone,1967-11-23,70,182,,00-0010305,,,,,,,,,,"https://static.www.nfl.com/image/private/f_auto,q_auto/league/otgfrjxhihyb8doaipcz",MAL642703,,32004d41-4c64-2703-fdf6-0e40e0d04f4e,,,
1994,DET,DB,DB,0,ACT,Van Malone,Van,Malone,1970-07-01,71,186,,00-0010312,,,,,,,,,,"https://static.www.nfl.com/image/private/f_auto,q_auto/league/wpixg3ufbrp0e7ozkhwg",MAL762719,,32004d41-4c76-2719-6ed0-fc18d80cad64,,,
1994,CHI,DB,DB,26,ACT,John Mangum,John,Mangum,1967-03-16,70,182,,00-0010332,,,,,,,,,,"https://static.www.nfl.com/image/private/f_auto,q_auto/league/vsxskmibwftpsyjgjz06",MAN274524,,32004d41-4e27-4524-5290-5f1ab7657940,,,
1994,SF,DL,DE,0,ACT,Charles Mann,Charles,Mann,1961-04-12,78,250,,00-0010339,,,,,,,,,,"https://static.www.nfl.com/image/private/f_auto,q_auto/league/arknhemkjjfvmajksneb",MAN399300,,32004d41-4e39-9300-b408-0d1c44f2482a,,,
1994,KC,LB,LB,0,ACT,Greg Manusky,Gregory,Manusky,1966-08-12,73,242,,00-0010366,,,,,,,,,,"https://static.www.nfl.com/image/private/f_auto,q_auto/league/za0dr78keoetvbotlknf",MAN782628,,32004d41-4e78-2628-cba0-f36f7725fdb6,,,
1994,MIA,QB,QB,0,ACT,Dan Marino,Daniel,Marino,1961-09-15,76,224,,00-0010379,,,,,,,,,,"https://static.www.nfl.com/image/private/f_auto,q_auto/league/jk97vzadmthvdyu8mbr2",MAR149079,,32004d41-5214-9079-a444-ee027ebabf98,,,
1994,DAL,DB,SAF,31,ACT,Brock Marion,Brock,Marion,1970-06-11,71,189,,00-0010381,,,,,,,,,,"https://static.www.nfl.com/image/private/f_auto,q_auto/league/arxegfyuvugvqu86utse",MAR161502,,32004d41-5216-1502-7773-f3f708bba6dd,,,
1994,BUF,TE,TE,0,ACT,Vince Marrow,Vincent,Marrow,1968-08-17,75,251,,00-0010404,,,,,,,,,,"https://static.www.nfl.com/image/private/f_auto,q_auto/league/i4w3rsvd46gf4ewhebkm",MAR315905,,32004d41-5231-5905-656f-598cb300e0ae,,,
1994,CHI,DB,DB,36,ACT,Anthony Marshall,Anthony,Marshall,1970-09-16,73,205,,00-0010413,,,,,,,,,,"https://static.www.nfl.com/image/private/f_auto,q_auto/league/pfnl7g74dn5avydvxxzu",MAR363232,,32004d41-5236-3232-a39f-614affd6a884,,,
1994,NYG,WR,WR,0,ACT,Arthur Marshall,Arthur,Marshall,1969-04-29,71,178,,00-0010414,,,,,,,,,,"https://static.www.nfl.com/image/private/f_auto,q_auto/league/cpfogydhnyf3t9voqxtm",MAR365598,,32004d41-5236-5598-96e5-d1fb80fd7fa8,,,
1994,WAS,DL,DT,0,ACT,Leonard Marshall,Leonard,Marshall,1961-10-22,75,288,,00-0010422,,,,,,,,,,"https://static.www.nfl.com/image/private/f_auto,q_auto/league/ezlri0rde4c8l6vs6jld",MAR440138,,32004d41-5244-0138-7f5b-74d4640aeac9,,,
1994,ARI,LB,OLB,0,ACT,Wilber Marshall,Wilber,Marshall,1962-04-18,73,240,,00-0010431,,,,,,,,,,"https://static.www.nfl.com/image/private/f_auto,q_auto/league/igbdcw41ighuhynivr2w",MAR475633,,32004d41-5247-5633-39e1-a5bb6a6be38c,,,
1994,RAM,LB,LB,0,ACT,Chris Martin,Christopher,Martin,1960-12-19,74,241,,00-0010440,,,,,,,,,,"https://static.www.nfl.com/image/private/f_auto,q_auto/league/dtwwqjxqfx32untjxqyh",MAR539524,,32004d41-5253-9524-8a7f-a3b20cd40e03,,,
1994,KC,WR,WR,0,ACT,Eric Martin,Eric,Martin,1961-11-08,73,207,,00-0010452,,,,,,,,,,"https://static.www.nfl.com/image/private/f_auto,q_auto/league/fhpdnjqrck3wusybqz9f",MAR589217,,32004d41-5258-9217-8723-0a84659a9b4e,,,
1994,RAM,QB,QB,0,ACT,Jamie Martin,Jamie,Martin,1970-02-08,74,215,,00-0010455,,,,,,,,,,"https://static.www.nfl.com/image/private/f_auto,q_auto/league/k2ysdmfo5k8fbfsvzswq",MAR642459,,32004d41-5264-2459-4e10-08355d4be543,,,
1994,SEA,WR,WR,0,ACT,Kelvin Martin,Kelvin,Martin,1965-05-14,69,162,,00-0010460,,,,,,,,,,"https://static.www.nfl.com/image/private/f_auto,q_auto/league/lwgi77lnhlxhnc45vq4q",MAR667306,,32004d41-5266-7306-9d68-e5c36732e5d0,,,
1994,SD,WR,WR,81,ACT,Tony Martin,Tony,Martin,1965-09-05,73,181,,00-0010477,,,,,,,,,,"https://static.www.nfl.com/image/private/f_auto,q_auto/league/l9korpxwgeiywt6nivla",MAR738296,,32004d41-5273-8296-22f9-81fe04f0c3eb,,,
1994,NO,DL,DE,0,ACT,Wayne Martin,Gerald,Martin,1965-10-26,77,275,,00-0010479,,,,,,,,,,"https://static.www.nfl.com/image/private/f_auto,q_auto/league/wuh4jgybgplrdf0rhcza",MAR606964,,32004d41-5260-6964-da03-acdd3dda7ab1,,,
1994,TB,LB,OLB,0,ACT,Lonnie Marts,Lonnie,Marts,1968-11-10,74,230,,00-0010486,,,,,,,,,,"https://static.www.nfl.com/image/private/f_auto,q_auto/league/lt8qoucfvb6ampsgrm0m",MAR798637,,32004d41-5279-8637-e905-15967ed799d2,,,
1994,DAL,DL,DT,0,ACT,Russell Maryland,Russell,Maryland,1969-03-22,73,279,,00-0010491,,,,,,,,,,"https://static.www.nfl.com/image/private/f_auto,q_auto/league/oz1im77hdmq27xcvxmmp",MAR825850,,32004d41-5282-5850-66b9-4a67223ed031,,,
1994,DET,DB,CB,0,ACT,Robert Massey,Robert,Massey,1967-02-27,71,195,,00-0010516,,,,,,,,,,"https://static.www.nfl.com/image/private/f_auto,q_auto/league/rlzlrxqyopoqmr1rscgm",MAS415283,,32004d41-5341-5283-8b5f-2543786824de,,,
1994,HOU,RB,RB,0,ACT,Le'Shai Maston,Le'Shai,Maston,1970-10-07,72,215,,00-0010522,,,,,,,,,,"https://static.www.nfl.com/image/private/f_auto,q_auto/league/p6rj6lbklrps5ckhtbmu",MAS765580,,32004d41-5376-5580-3f89-1978ab1b6eec,,,
1994,IND,OL,OT,0,ACT,Jason Mathews,Samuel,Mathews,1971-02-09,77,284,,00-0010530,,,,,,,,,,"https://static.www.nfl.com/image/private/f_auto,q_auto/league/fnjbfkgpxcliccsn3dkn",MAT191969,,32004d41-5419-1969-8065-3bc83cb52af0,,,
1994,ATL,WR,WR,0,ACT,Terance Mathis,Terance,Mathis,1967-06-07,70,175,,00-0010539,,,,,,,,,,"https://static.www.nfl.com/image/private/f_auto,q_auto/league/l85b7pux5chdlvk1tqc4",MAT235065,,32004d41-5423-5065-727b-f2100aad5411,,,
1994,WAS,OL,C,0,ACT,Trevor Matich,Trevor,Matich,1961-10-09,76,297,,00-0010541,,,,,,,,,,"https://static.www.nfl.com/image/private/f_auto,q_auto/league/ehdlxdl1nochu52joglr",MAT297749,,32004d41-5429-7749-366a-d5fce20305d3,,,
1994,DET,WR,WR,0,ACT,Aubrey Matthews,Aubrey,Matthews,1962-09-15,67,165,,00-0010547,,,,,,,,,,"https://static.www.nfl.com/image/private/f_auto,q_auto/league/zpeazokvh0kjclrrtiyg",MAT517143,,32004d41-5451-7143-7c1a-29d4379cf650,,,
1994,HOU,OL,C,74,ACT,Bruce Matthews,Bruce,Matthews,1961-08-08,77,298,,00-0010550,,,,,,,,,,"https://static.www.nfl.com/image/private/f_auto,q_auto/league/lwpxlqinrbtgchvk8uvb",MAT532814,,32004d41-5453-2814-2d51-b1549622bb0d,,,
1994,ATL,LB,MLB,0,ACT,Clay Matthews,William,Matthews,1956-03-15,74,245,,00-0010552,,,,,,,,,,"https://static.www.nfl.com/image/private/f_auto,q_auto/league/fwbsdl9tsqqopjndwj7k",MAT611169,,32004d41-5461-1169-f1aa-50dd6f136862,,,
1994,CHI,QB,QB,9,ACT,Shane Matthews,Michael,Matthews,1970-06-01,75,197,,00-0010560,,,,,,,,,,"https://static.www.nfl.com/image/private/f_auto,q_auto/league/pmehfk5wltjokhhzedvn",MAT575349,,32004d41-5457-5349-f617-e88301c22778,,,
1994,KC,QB,QB,0,RES,Steve Matthews,Stephen,Matthews,1970-10-13,75,217,,00-0010561,,,,,,,,,,"https://static.www.nfl.com/image/private/f_auto,q_auto/league/ss5tzeazyaa0axtq7f1d",MAT577588,,32004d41-5457-7588-cb61-3bc774d7956a,,,
1994,NYG,DL,DT,0,ACT,Chris Maumalanga,Christian,Maumalanga,1971-12-15,74,288,,00-0010571,,,,,,,,,,"https://static.www.nfl.com/image/private/f_auto,q_auto/league/otwdwjqvbtdxadnovqts",MAU494391,,32004d41-5549-4391-60db-be8dd7a57a1d,,,
1994,SEA,OL,G,52,ACT,Kevin Mawae,Kevin,Mawae,1971-01-23,76,288,,00-0010577,,,,,,,,,,"https://static.www.nfl.com/image/private/f_auto,q_auto/league/ufvyb8o24zjrgokbkcvm",MAW059326,,32004d41-5705-9326-dce2-013430cfb15b,,,
1994,ATL,DB,SAF,0,ACT,Brett Maxie,Brett,Maxie,1962-01-13,74,194,,00-0010579,,,,,,,,,,"https://static.www.nfl.com/image/private/f_auto,q_auto/league/qodhajo5ufs4g5ari9jx",MAX207644,,32004d41-5820-7644-1476-8531a9e753f0,,,
1994,SD,TE,TE,0,RES,Deems May,Bert,May,1969-03-06,76,263,,00-0010589,,,,,,,,,,"https://static.www.nfl.com/image/private/f_auto,q_auto/league/zp02r0hrobdinul0eyjl",MAY033558,,32004d41-5903-3558-f459-cb8b0576f6aa,,,
1994,TB,OL,C,0,ACT,Tony Mayberry,Eino,Mayberry,1967-12-08,76,290,,00-0010596,,,,,,,,,,"https://static.www.nfl.com/image/private/f_auto,q_auto/league/z8aa4bdpldkwg0tyb6sy",MAY251690,,32004d41-5925-1690-16c8-c474d19581b0,,,
1994,TB,DB,CB,0,ACT,Martin Mayhew,Martin,Mayhew,1965-10-08,68,175,,00-0010608,,,,,,,,,,"https://static.www.nfl.com/image/private/f_auto,q_auto/league/p9g3eg8ylvje04niuhdn",MAY528549,,32004d41-5952-8549-d95c-512572782db6,,,
1994,WAS,DB,DB,0,RES,Alvoid Mays,Alvoid,Mays,1966-07-10,69,172,,00-0010616,,,,,,,,,,"https://static.www.nfl.com/image/private/f_auto,q_auto/league/ox92acdoj8oqmrc4ybmx",MAY704732,,32004d41-5970-4732-3ea3-9fe740fb2b90,,,
1994,PIT,RB,RB,0,ACT,Fred McAfee,Fred,McAfee,1968-06-20,70,193,,00-0010632,,,,,,,,,,"https://static.www.nfl.com/image/private/f_auto,q_auto/league/axjze7yavslh4j3q8i3z",MCA334825,,32004d43-4133-4825-470d-44b04091f278,,,
1994,ARI,RB,RB,0,TRC,Fred McAfee,Fred,McAfee,1968-06-20,70,193,,00-0010632,,,,,,,,,,"https://static.www.nfl.com/image/private/f_auto,q_auto/league/axjze7yavslh4j3q8i3z",MCA334825,,32004d43-4133-4825-470d-44b04091f278,,,
1994,SF,WR,WR,0,ACT,Ed McCaffrey,Edward,McCaffrey,1968-08-17,77,215,,00-0010650,,,,,,,,,,"https://static.www.nfl.com/image/private/f_auto,q_auto/league/woek7ubvo99so2ninrs5",MCC037372,,32004d43-4303-7372-96ff-bc849a2fb84b,,,
1994,HOU,DL,DE,0,TRC,Keith McCants,Alvin,McCants,1968-04-19,75,265,,00-0010666,,,,,,,,,,"https://static.www.nfl.com/image/private/f_auto,q_auto/league/ydebbzaermt91vlkoodi",MCC166100,,32004d43-4316-6100-f650-f5233b8b968f,,,
1994,ARI,DL,DE,0,ACT,Keith McCants,Alvin,McCants,1968-04-19,75,265,,00-0010666,,,,,,,,,,"https://static.www.nfl.com/image/private/f_auto,q_auto/league/ydebbzaermt91vlkoodi",MCC166100,,32004d43-4316-6100-f650-f5233b8b968f,,,
1994,CLE,WR,WR,0,ACT,Keenan McCardell,Keenan,McCardell,1970-01-06,73,175,,00-0010668,,,,,,,,,,"https://static.www.nfl.com/image/private/f_auto,q_auto/league/kop0ezafhz9vlgvey1wv",MCC170252,,32004d43-4317-0252-46dc-f2efbff6f8f5,,,
1994,NO,WR,WR,44,ACT,J.J. McCleskey,Thomas,McCleskey,1970-04-10,68,177,,00-0010700,,,,,,,,,,"https://static.www.nfl.com/image/private/f_auto,q_auto/league/ffvxrkrqy9sxyiy09ds2",MCC402792,,32004d43-4340-2792-f39a-40909223e763,,,
1994,SEA,DB,DB,0,ACT,Dave McCloughan,David,McCloughan,1966-11-20,73,186,,00-0010707,,,,,,,,,,"https://static.www.nfl.com/image/private/f_auto,q_auto/league/m4uzhise7z8mgxqpv2kh",MCC419402,,32004d43-4341-9402-15db-f772b9cbef01,,,
1994,NO,OL,OT,0,ACT,Andy McCollum,Andrew,McCollum,1970-06-02,76,270,,00-0010717,,,,,,,,,,"https://static.www.nfl.com/image/private/f_auto,q_auto/league/xn8k0ig3se5mejo2a6l0",MCC485842,,32004d43-4348-5842-25d0-22be6210f93d,,,
1994,DAL,DL,DT,99,ACT,Hurvin McCormack,Hurvin,McCormack,1972-04-06,77,271,,00-0010729,,,,,,,,,,"https://static.www.nfl.com/image/private/f_auto,q_auto/league/nfwq7cuwq6ts3imdycfc",MCC552095,,32004d43-4355-2095-1598-4ee95ccc0f0d,,,
1994,IND,DL,DT,0,ACT,Tony McCoy,Anthony,McCoy,1969-06-10,73,279,,00-0010746,,,,,,,,,,"https://static.www.nfl.com/image/private/f_auto,q_auto/league/mf11jcawr5qwns83aesm",MCC602112,,32004d43-4360-2112-c509-deb795d189a1,,,
1994,SEA,DL,DE,99,ACT,Michael McCrary,Michael,McCrary,1970-07-07,76,250,,00-0010749,,,,,,,,,,"https://static.www.nfl.com/image/private/f_auto,q_auto/league/dh8viv5toslqrep0xjvl",MCC660247,,32004d43-4366-0247-740b-0274efd2ef09,,,
1994,MIN,LB,OLB,0,ACT,Ed McDaniel,Edward,McDaniel,1969-02-23,71,232,,00-0010784,,,,,,,,,,"https://static.www.nfl.com/image/private/f_auto,q_auto/league/znijprpo5dnffsrkqlbl",MCD031300,,32004d43-4403-1300-681c-4a360ebca75f,,,
1994,MIN,OL,G,64,ACT,Randall McDaniel,Randall,McDaniel,1964-12-19,75,280,,00-0010790,,,,,,,,,,"https://static.www.nfl.com/image/private/f_auto,q_auto/league/i4fyjlqcifonsoblqido",MCD118650,,32004d43-4411-8650-46d9-126256006e90,,,
1994,RAI,DB,CB,0,ACT,Terry McDaniel,Terence,McDaniel,1965-02-08,70,180,,00-0010791,,,,,,,,,,"https://static.www.nfl.com/image/private/f_auto,q_auto/league/vmq93yzfymm5myeko9ch",MCD138425,,32004d43-4413-8425-7865-58dbb0e1051b,,,
1994,KC,DL,DE,0,RES,Pellom McDaniels,Pellom,McDaniels,1968-02-21,75,278,,00-0010792,,,,,,,,,,"https://static.www.nfl.com/image/private/f_auto,q_auto/league/zypyztmipdxls2kkcnbe",MCD167200,,32004d43-4416-7200-d460-e7374bf4d3bc,,,
1994,IND,LB,OLB,0,ACT,Devon McDonald,Devon,McDonald,1969-11-08,76,240,,00-0010797,,,,,,,,,,"https://static.www.nfl.com/image/private/f_auto,q_auto/league/h66y1qh35t4xutxktpjw",MCD248075,,32004d43-4424-8075-6461-110bbd4db9d0,,,
1994,CIN,LB,OLB,0,ACT,Ricardo McDonald,Ricardo,McDonald,1969-11-08,74,235,,00-0010807,,,,,,,,,,"https://static.www.nfl.com/image/private/f_auto,q_auto/league/nmxxgqglzhpjyz8vdkin",MCD542925,,32004d43-4454-2925-1890-40d43cfadd64,,,
1994,SF,DB,S,0,ACT,Tim McDonald,Timothy,McDonald,1965-01-06,74,215,,00-0010810,,,,,,,,,,"https://static.www.nfl.com/image/private/f_auto,q_auto/league/vt7echmvywb7mo5oksxb",MCD573475,,32004d43-4457-3475-aceb-41a4f3cb9969,,,
1994,TB,RB,FB,0,ACT,Anthony McDowell,Anthony,McDowell,1968-11-12,71,235,,00-0010818,,,,,,,,,,"https://static.www.nfl.com/image/private/f_auto,q_auto/league/xc0mhljvuzg5nxqrrctk",MCD761475,,32004d43-4476-1475-1a76-c11b7f866f8a,,,
1994,HOU,DB,SAF,0,ACT,Bubba McDowell,Leonard,McDowell,1966-11-04,73,198,,00-0010819,,,,,,,,,,"https://static.www.nfl.com/image/private/f_auto,q_auto/league/bc8aha9vlrzag9q6fi2t",MCD791000,,32004d43-4479-1000-12bc-4deb3de3bff6,,,
1994,MIA,WR,WR,0,ACT,O.J. McDuffie,Otis,McDuffie,1969-12-02,70,185,,00-0010824,,,,,,,,,,"https://static.www.nfl.com/image/private/f_auto,q_auto/league/wekhusa1xgj2firwcicq",MCD820525,,32004d43-4482-0525-1759-81a5ffd9f1b5,,,
1994,MIN,OL,OT,0,ACT,Reggie McElroy,Reginald,McElroy,1960-03-04,78,270,,00-0010829,,,,,,,,,,"https://static.www.nfl.com/image/private/f_auto,q_auto/league/s9pv0sktr4jep6vtaddm",MCE184574,,32004d43-4518-4574-a959-aa69c8fcd0f5,,,
1994,CIN,WR,WR,0,ACT,Tim McGee,Timothy,McGee,1964-08-07,70,183,,00-0010857,,,,,,,,,,"https://static.www.nfl.com/image/private/f_auto,q_auto/league/c8y1wp9cdnrewinh80ha",MCG223608,,32004d43-4722-3608-7a97-04aa08bffa12,,,
1994,CIN,TE,TE,0,ACT,Tony McGee,Tony,McGee,1971-04-21,75,246,,00-0010859,,,,,,,,,,"https://static.www.nfl.com/image/private/f_auto,q_auto/league/j9hshc2q2643xubvkpgf",MCG234858,,32004d43-4723-4858-286d-45acbf2682e2,,,
1994,CIN,DL,DE,0,CUT,Kanavis McGhee,Kanavis,McGhee,1968-10-04,76,257,,00-0010862,,,,,,,,,,"https://static.www.nfl.com/image/private/f_auto,q_auto/league/rczmuk8q6o7nm745hkeq",MCG331419,,32004d43-4733-1419-ee11-190b1adbd4c8,,,
1994,GB,DB,CB,0,RES,Lenny McGill,Charles,McGill,1971-05-31,73,194,,00-0010869,,,,,,,,,,"https://static.www.nfl.com/image/private/f_auto,q_auto/league/ztuthl3yt8icvstrfkkf",MCG355377,,32004d43-4735-5377-7368-235e26a5458b,,,
1994,NE,LB,OLB,0,ACT,Willie McGinest,William,McGinest,1971-12-11,77,255,,00-0010872,,,,,,,,,,"https://static.www.nfl.com/image/private/f_auto,q_auto/league/ezcdzlmecctflmtyn6rz",MCG423258,,32004d43-4742-3258-9023-8bd65ac41f38,,,
1994,RAI,DL,DT,91,ACT,Chester McGlockton,Chester,McGlockton,1969-09-16,76,315,,00-0010874,,,,,,,,,,"https://static.www.nfl.com/image/private/f_auto,q_auto/league/rfrxzjj34v1oht6yflna",MCG487146,,32004d43-4748-7146-ba87-1bc3682d058a,,,
1994,MIN,DB,DB,0,ACT,Lamar McGriggs,Lamar,McGriggs,1968-05-09,75,210,,00-0010894,,,,,,,,,,"https://static.www.nfl.com/image/private/f_auto,q_auto/league/thnehsujirhxt6autiyd",MCG774642,,32004d43-4777-4642-be9b-83c13a0d8ce8,,,
1994,TB,DB,DB,0,ACT,Mike McGruder,Michael,McGruder,1964-05-06,71,190,,00-0010895,,,,,,,,,,"https://static.www.nfl.com/image/private/f_auto,q_auto/league/t1ala6inj4l6ju4nmndx",MCG782628,,32004d43-4778-2628-4744-b48107eb638a,,,
1994,SEA,QB,QB,0,ACT,Dan McGwire,Daniel,McGwire,1967-12-18,80,239,,00-0010904,,,,,,,,,,"https://static.www.nfl.com/image/private/f_auto,q_auto/league/kuculoenhcm9ytzfa6g9",MCG819909,,32004d43-4781-9909-287a-749ad8c5ea54,,,
1994,PHI,OL,OT,0,ACT,Tom McHale,Thomas,McHale,1963-02-25,76,290,,00-0010906,,,,,,,,,,"https://static.www.nfl.com/image/private/f_auto,q_auto/league/syuzl173j004am4lmpfb",MCH332232,,32004d43-4833-2232-74a3-2c03169d7c84,,,
1994,DAL,DL,DT,0,TRD,Toddrick McIntosh,Toddrick,McIntosh,1972-01-22,75,277,,00-0010913,,,,,,,,,,"https://static.www.nfl.com/image/private/f_auto,q_auto/league/l2b3dbkuxizjnbawvkq5",MCI508098,,32004d43-4950-8098-a598-b201953b0174,,,
1994,TB,DL,DT,0,ACT,Toddrick McIntosh,Toddrick,McIntosh,1972-01-22,75,277,,00-0010913,,,,,,,,,,"https://static.www.nfl.com/image/private/f_auto,q_auto/league/l2b3dbkuxizjnbawvkq5",MCI508098,,32004d43-4950-8098-a598-b201953b0174,,,
1994,GB,OL,G,0,ACT,Guy McIntyre,Guy,McIntyre,1961-02-17,75,275,,00-0010915,,,,,,,,,,"https://static.www.nfl.com/image/private/f_auto,q_auto/league/rzkspecprorzxosqbphy",MCI609092,,32004d43-4960-9092-953b-686469fdf450,,,
1994,NYJ,OL,OT,0,ACT,Everett McIver,Everett,McIver,1970-08-05,77,309,,00-0010917,,,,,,,,,,"https://static.www.nfl.com/image/private/f_auto,q_auto/league/pls2vbmfvpycq51hzzbv",MCI761708,,32004d43-4976-1708-d73f-1c990d85ab8c,,,
1994,WAS,OL,G,0,ACT,Raleigh McKenzie,Raleigh,McKenzie,1963-02-08,74,277,,00-0010945,,,,,,,,,,"https://static.www.nfl.com/image/private/f_auto,q_auto/league/hpso2q9kwxf07tzijhha",MCK266967,,32004d43-4b26-6967-3972-3925a20f2c98,,,
1994,CLE,LB,LB,0,RES,Rich McKenzie,Richard,McKenzie,1971-04-15,74,240,,00-0010948,,,,,,,,,,"https://static.www.nfl.com/image/private/f_auto,q_auto/league/tfanjsufvdjqd0bilq19",MCK335293,,32004d43-4b33-5293-ebdc-79ded93e9af1,,,
1994,SEA,WR,WR,82,ACT,James McKnight,James,McKnight,1972-06-17,73,181,,00-0010974,,,,,,,,,,"https://static.www.nfl.com/image/private/f_auto,q_auto/league/hi55zfivaqqvhhdzormy",MCK723035,,32004d43-4b72-3035-bd3d-285cb59ee5be,,,
1994,PIT,DB,DB,0,ACT,Tim McKyer,Timothy,McKyer,1963-09-05,72,174,,00-0010979,,,,,,,,,,"https://static.www.nfl.com/image/private/f_auto,q_auto/league/lduqviq0yzv70gksjmte",MCK800901,,32004d43-4b80-0901-851e-8c14bdc6d282,,,
1994,CLE,TE,TE,0,ACT,Thomas McLemore,Thomas,McLemore,1970-03-14,77,250,,00-0010992,,,,,,,,,,"https://static.www.nfl.com/image/private/f_auto,q_auto/league/alxkduqjahkg8qaqjuuo",MCL578032,,32004d43-4c57-8032-287c-e10543aa632d,,,
1994,ARI,QB,QB,0,ACT,Jim McMahon,James,McMahon,1959-08-21,73,195,,00-0010997,,,,,,,,,,"https://static.www.nfl.com/image/private/f_auto,q_auto/league/lebvefpsnyrrseabqo3i",MCM166115,,32004d43-4d16-6115-ff3f-11cf4f57112c,,,
1994,GB,DL,DT,0,ACT,Steve McMichael,Steve,McMichael,1957-10-17,74,270,,00-0011001,,,,,,,,,,"https://static.www.nfl.com/image/private/f_auto,q_auto/league/yjvs2gdbdgetv4c7jkpb",MCM299007,,32004d43-4d29-9007-c3e4-e0873e5aacd7,,,
1994,PHI,DB,CB,0,ACT,Mark McMillian,Mark,McMillian,1970-04-29,67,162,,00-0011013,,,,,,,,,,"https://static.www.nfl.com/image/private/f_auto,q_auto/league/kfedsjwivsaao27ql8gt",MCM607014,,32004d43-4d60-7014-7ebc-903491481643,,,
1994,CHI,WR,WR,0,ACT,Greg McMurtry,Gregory,McMurtry,1967-10-15,74,207,,00-0011020,,,,,,,,,,"https://static.www.nfl.com/image/private/f_auto,q_auto/league/u5zn70p9q7sb2xccwnbr",MCM797352,,32004d43-4d79-7352-592f-3159bcff64b6,,,
1994,HOU,RB,RB,0,ACT,Todd McNair,Todd,McNair,1965-10-07,73,185,,00-0011025,,,,,,,,,,"https://static.www.nfl.com/image/private/f_auto,q_auto/league/ybf7igjsvo9jxgsggr2n",MCN034607,,32004d43-4e03-4607-d942-8b3056e46176,,,
1994,DET,DB,CB,0,ACT,Ryan McNeil,Ryan,McNeil,1970-10-04,74,175,,00-0011038,,,,,,,,,,"https://static.www.nfl.com/image/private/f_auto,q_auto/league/oeeebxpczwhtzkduzb82",MCN599569,,32004d43-4e59-9569-ed61-a991a07827be,,,
1994,TB,OL,G,0,ACT,Charles McRae,Charles,McRae,1968-09-16,79,300,,00-0011057,,,,,,,,,,"https://static.www.nfl.com/image/private/f_auto,q_auto/league/gikampefwzk4o843dhx6",MCR148317,,32004d43-5214-8317-cc4a-90f440c9ebe4,,,
1994,SD,RB,RB,0,ACT,Natrone Means,Natrone,Means,1972-04-26,70,245,,00-0011081,,,,,,,,,,"https://static.www.nfl.com/image/private/f_auto,q_auto/league/agocmf6cu74jyrrlbng6",MEA778692,,32004d45-4177-8692-bd77-1b86023b5520,,,
1994,DEN,LB,MLB,0,ACT,Karl Mecklenburg,Karl,Mecklenburg,1960-09-01,75,250,,00-0011082,,,,,,,,,,"https://static.www.nfl.com/image/private/f_auto,q_auto/league/bxjjfz7jx7bfvm1kclln",MEC553722,,32004d45-4355-3722-2b30-22f7aa9cd2b3,,,
1994,DEN,OL,C,0,RES,Bob Meeks,Robert,Meeks,1969-05-28,74,279,,00-0011092,,,,,,,,,,"https://static.www.nfl.com/image/private/f_auto,q_auto/league/h79ezoxdez4srkwrlnt0",MEE565720,,32004d45-4556-5720-51d3-44b81fbfe4ac,,,
1994,NYG,RB,RB,0,ACT,Dave Meggett,David,Meggett,1966-04-30,67,180,,00-0011095,,,,,,,,,,"https://static.www.nfl.com/image/private/f_auto,q_auto/league/czc5ehkkhtpepzzv3uun",MEG276861,,32004d45-4727-6861-6808-2979a174facf,,,
1994,DEN,OL,G,0,ACT,Jon Melander,Jon,Melander,1966-12-27,79,280,,00-0011104,,,,,,,,,,"https://static.www.nfl.com/image/private/f_auto,q_auto/league/hyhv9usdqxf6costug7r",MEL018456,,32004d45-4c01-8456-9fb2-742b93961efb,,,
1994,ARI,LB,LB,0,ACT,David Merritt,David,Merritt,1971-09-08,73,237,,00-0011138,,,,,,,,,,"https://static.www.nfl.com/image/private/f_auto,q_auto/league/e0bsk4bgagjs44xfnee6",MER582010,,32004d45-5258-2010-b983-257bab59f2b7,,,
1994,CLE,RB,RB,0,ACT,Eric Metcalf,Eric,Metcalf,1968-01-23,70,190,,00-0011151,,,,,,,,,,"https://static.www.nfl.com/image/private/f_auto,q_auto/league/rtb4zaiesb4liauhju9c",MET118654,,32004d45-5411-8654-b693-3ef154efbf6a,,,
1994,BUF,TE,TE,0,ACT,Pete Metzelaars,Peter,Metzelaars,1960-05-24,79,254,,00-0011156,,,,,,,,,,"https://static.www.nfl.com/image/private/f_auto,q_auto/league/tfg14ohm2su1yr5hr3sd",MET593270,,32004d45-5459-3270-408f-58a4d1d2cb56,,,
1994,PHI,DB,DB,0,ACT,Rich Miano,Richard,Miano,1962-09-03,73,200,,00-0011169,,,,,,,,,,"https://static.www.nfl.com/image/private/f_auto,q_auto/league/o2bj1878vp7cz5xczcea",MIA622935,,32004d49-4162-2935-ec30-4692d15ad1e8,,,
1994,KC,DL,DE,0,ACT,Darren Mickell,Darren,Mickell,1970-08-03,76,280,,00-0011182,,,,,,,,,,"https://static.www.nfl.com/image/private/f_auto,q_auto/league/q1luyf0pvbd9zmv7d54d",MIC744855,,32004d49-4374-4855-7824-f8e0f20ff2a8,,,
1994,GB,WR,WR,0,ACT,Terry Mickens,Terry,Mickens,1971-02-21,73,200,,00-0011187,,,,,,,,,,"https://static.www.nfl.com/image/private/f_auto,q_auto/league/dgao7i7iss2qf4we4tpl",MIC746816,,32004d49-4374-6816-7155-01d3f10095b7,,,
1994,RAM,TE,TE,0,ACT,Ron Middleton,Ronald,Middleton,1965-07-17,74,262,,00-0011197,,,,,,,,,,"https://static.www.nfl.com/image/private/f_auto,q_auto/league/bq85urwxvzlnaitqexrz",MID581406,,32004d49-4458-1406-bf11-516dea964ae6,,,
1994,DEN,RB,RB,0,ACT,Glyn Milburn,Glyn,Milburn,1971-02-19,68,177,,00-0011213,,,,,,,,,,"https://static.www.nfl.com/image/private/f_auto,q_auto/league/kk7n3rfpwoovefqdo8kl",MIL038374,,32004d49-4c03-8374-cbff-91591481d8a6,,,
1994,SD,OL,G,0,ACT,Joe Milinichik,Joseph,Milinichik,1963-03-30,77,300,,00-0011225,,,,,,,,,,"https://static.www.nfl.com/image/private/f_auto,q_auto/league/ral9soixcpkmlmbome32",MIL074007,,32004d49-4c07-4007-ca80-c399ac3102f6,,,
1994,DEN,QB,QB,0,ACT,Hugh Millen,Hugh,Millen,1963-11-22,77,215,,00-0011230,,,,,,,,,,"https://static.www.nfl.com/image/private/f_auto,q_auto/league/zcr70xwyisnp7nmkinam",MIL106899,,32004d49-4c10-6899-6564-2f862c71bbf8,,,
1994,DEN,WR,WR,0,ACT,Anthony Miller,Lawrence,Miller,1965-04-15,71,190,,00-0011233,,,,,,,,,,"https://static.www.nfl.com/image/private/f_auto,q_auto/league/sihq1amova0cb5minxlj",MIL386481,,32004d49-4c38-6481-d147-ff1529d0a82d,,,
1994,RAM,QB,QB,0,ACT,Chris Miller,Christopher,Miller,1965-08-09,74,212,,00-0011244,,,,,,,,,,"https://static.www.nfl.com/image/private/f_auto,q_auto/league/eiw2i7hukjtbs8doow2b",MIL180906,,32004d49-4c18-0906-c2b4-36708b6d7a0d,,,
1994,NYG,LB,OLB,0,ACT,Corey Miller,Corey,Miller,1968-10-25,74,255,,00-0011249,,,,,,,,,,"https://static.www.nfl.com/image/private/f_auto,q_auto/league/hstzloi9hdev1jq2llq4",MIL201463,,32004d49-4c20-1463-bf91-37add7499479,,,
1994,SD,LB,LB,0,ACT,Doug Miller,Doug,Miller,1969-10-29,75,232,,00-0011260,,,,,,,,,,"https://static.www.nfl.com/image/private/f_auto,q_auto/league/bxpv8qhbgs2w5rl5y2oq",MIL242578,,32004d49-4c24-2578-ddcd-f521a51d9acf,,,
1994,ARI,LB,LB,0,ACT,Jamir Miller,Jamir,Miller,1973-11-19,77,242,,00-0011268,,,,,,,,,,"https://static.www.nfl.com/image/private/f_auto,q_auto/league/xcbb3lbprnn41nxu0c4g",MIL324621,,32004d49-4c32-4621-a918-3323d5eace35,,,
1994,PIT,QB,QB,0,ACT,Jim Miller,James,Miller,1971-02-09,74,226,,00-0011276,,,,,,,,,,"https://static.www.nfl.com/image/private/f_auto,q_auto/league/p61l8tusatojk5gicpkp",MIL305724,,32004d49-4c30-5724-9454-b11de74b46a0,,,
1994,NO,DL,NT,0,TRC,Les Miller,Leslie,Miller,1965-03-01,79,285,,00-0011289,,,,,,,,,,"https://static.www.nfl.com/image/private/f_auto,q_auto/league/qhjxtigcghambi9qxkad",MIL394704,,32004d49-4c39-4704-b0f9-9cb7faa17c4a,,,
1994,SD,DL,NT,0,ACT,Les Miller,Leslie,Miller,1965-03-01,79,285,,00-0011289,,,,,,,,,,"https://static.www.nfl.com/image/private/f_auto,q_auto/league/qhjxtigcghambi9qxkad",MIL394704,,32004d49-4c39-4704-b0f9-9cb7faa17c4a,,,
1994,MIA,WR,WR,0,ACT,Scott Miller,Scott,Miller,1968-10-20,71,184,,00-0011310,,,,,,,,,,"https://static.www.nfl.com/image/private/f_auto,q_auto/league/e4pigjmhqciolg93epi5",MIL546829,,32004d49-4c54-6829-7d34-3dd01e954411,,,
1994,PIT,WR,WR,89,ACT,Ernie Mills,Ernest,Mills,1968-10-28,71,192,,00-0011328,,,,,,,,,,"https://static.www.nfl.com/image/private/f_auto,q_auto/league/b7nmfhudprwoh3ttmdyc",MIL683879,,32004d49-4c68-3879-a0ac-daa44ab7af1f,,,
1994,NYG,LB,LB,0,CUT,Jeff Mills,Jeff,Mills,1968-10-08,75,238,,00-0011330,,,,,,,,,,"https://static.www.nfl.com/image/private/f_auto,q_auto/league/taetdhriwopjqdvy1gqk",MIL698955,,32004d49-4c69-8955-4e9f-ecc03d8c85ef,,,
1994,HOU,TE,TE,55,ACT,John Henry Mills,John,Mills,1969-10-31,72,222,,00-0011333,,,,,,,,,,"https://static.www.nfl.com/image/private/f_auto,q_auto/league/ghdzue7rigokjopn2doo",MIL703066,,32004d49-4c70-3066-5bcd-a721576af872,,,
1994,NO,LB,ILB,0,ACT,Sam Mills,Samuel,Mills,1959-06-03,69,225,,00-0011335,,,,,,,,,,"https://static.www.nfl.com/image/private/f_auto,q_auto/league/x5ayzdjsqp1zyn2pvvl1",MIL723624,,32004d49-4c72-3624-6226-d25ebbe10183,,,
1994,SF,OL,G,0,ACT,Rod Milstead,Roderick,Milstead,1969-11-10,74,290,,00-0011344,,,,,,,,,,"https://static.www.nfl.com/image/private/f_auto,q_auto/league/ixe6hfpnnq7wxlszpmae",MIL793519,,32004d49-4c79-3519-bc49-77236ffbd44a,,,
1994,SD,DL,DE,0,ACT,Chris Mims,Christopher,Mims,1970-09-29,77,290,,00-0011350,,,,,,,,,,"https://static.www.nfl.com/image/private/f_auto,q_auto/league/iwyn7aicj3bkmxoaoz3x",MIM605274,,32004d49-4d60-5274-8c2c-5085a9bdb667,,,
1994,ATL,WR,WR,0,ACT,David Mims,David,Mims,1970-07-07,68,191,,00-0011351,,,,,,,,,,"https://static.www.nfl.com/image/private/f_auto,q_auto/league/gopelwhqxgzzl51bemlm",MIM618024,,32004d49-4d61-8024-851a-8cb2f49d7e35,,,
1994,KC,DB,S,0,ACT,Charles Mincy,Charles,Mincy,1969-12-16,72,197,,00-0011353,,,,,,,,,,"https://static.www.nfl.com/image/private/f_auto,q_auto/league/twdxrgqvlidniodsolmz",MIN073285,,32004d49-4e07-3285-c11f-3a881318d7cd,,,
1994,CHI,DB,CB,24,ACT,Kevin Miniefield,Kevin,Miniefield,1970-03-02,69,178,,00-0011358,,,,,,,,,,"https://static.www.nfl.com/image/private/f_auto,q_auto/league/xqsj85dahaagieyckpdx",MIN204311,,32004d49-4e20-4311-983b-c042a1581258,,,
1994,CHI,LB,LB,92,ACT,Barry Minter,Barry,Minter,1970-01-28,74,242,,00-0011369,,,,,,,,,,"https://static.www.nfl.com/image/private/f_auto,q_auto/league/ttwn8hufkjz1dqjheezm",MIN623891,,32004d49-4e62-3891-fc9e-b1780572f044,,,
1994,SEA,QB,QB,3,RES,Rick Mirer,Rick,Mirer,1970-03-19,75,216,,00-0011378,,,,,,,,,,"https://static.www.nfl.com/image/private/f_auto,q_auto/league/ivjjvb7urzhuannrkruf",MIR519112,,32004d49-5251-9112-13e2-2d0b58354648,,,
1994,WAS,RB,FB,0,ACT,Brian Mitchell,Brian,Mitchell,1968-08-18,70,203,,00-0011399,,,,,,,,,,"https://static.www.nfl.com/image/private/f_auto,q_auto/league/bwm0n70rbfm6zo2xyjrr",MIT134688,,32004d49-5413-4688-1a03-b1725599117f,,,
1994,NO,WR,WR,0,ACT,Derrell Mitchell,Derrell,Mitchell,1971-09-16,69,189,,00-0011405,,,,,,,,,,"https://static.www.nfl.com/image/private/f_auto,q_auto/league/hzkuqg2jqdzk1rjtklcs",MIT216230,,32004d49-5421-6230-9020-2b9e6084b4fa,,,
1994,NYJ,TE,TE,0,ACT,Johnny Mitchell,Johnnie,Mitchell,1971-01-20,75,237,,00-0011412,,,,,,,,,,"https://static.www.nfl.com/image/private/f_auto,q_auto/league/wq3k1wfgvc0wakuypwyd",MIT368168,,32004d49-5436-8168-3dbc-2a384d12ca9a,,,
1994,SF,LB,LB,0,ACT,Kevin Mitchell,Kevin,Mitchell,1971-01-01,73,260,,00-0011415,,,,,,,,,,"https://static.www.nfl.com/image/private/f_auto,q_auto/league/q7aa5pg2gxhac6s6mr5s",MIT389866,,32004d49-5438-9866-56ca-6fcc44a216dc,,,
1994,GB,DB,DB,0,RES,Roland Mitchell,Roland,Mitchell,1964-03-15,71,195,,00-0011431,,,,,,,,,,"https://static.www.nfl.com/image/private/f_auto,q_auto/league/mykzmcu4ft9imqlgarn9",MIT673440,,32004d49-5467-3440-eea2-ec8bfbad70f8,,,
1994,DET,QB,QB,0,RES,Scott Mitchell,William,Mitchell,1968-01-02,78,230,,00-0011434,,,,,,,,,,"https://static.www.nfl.com/image/private/f_auto,q_auto/league/fz0nlfjxrivr2uofgv3o",MIT766982,,32004d49-5476-6982-8686-c1504b2b94e3,,,
1994,SD,TE,TE,0,ACT,Shannon Mitchell,Shannon,Mitchell,1972-03-28,74,245,,00-0011435,,,,,,,,,,"https://static.www.nfl.com/image/private/f_auto,q_auto/league/prhl1rfl7lravoglvbvj",MIT711983,,32004d49-5471-1983-66b1-c37b872ca2fe,,,
1994,BUF,SPEC,P,0,ACT,Chris Mohr,Christopher,Mohr,1966-05-11,77,215,,00-0011463,,,,,,,,,,"https://static.www.nfl.com/image/private/f_auto,q_auto/league/q3zrf7ahoxnmphscv7cy",MOH332232,,32004d4f-4833-2232-76c6-4aae5727d52a,,,
1994,NYJ,WR,WR,0,ACT,Art Monk,James,Monk,1957-12-05,75,210,,00-0011483,,,,,,,,,,"https://static.www.nfl.com/image/private/f_auto,q_auto/league/lhnetc7kndqwtytjysi3",MON230710,,32004d4f-4e23-0710-1d31-caef8f192a86,,,
1994,KC,QB,QB,0,ACT,Joe Montana,Joseph,Montana,1956-06-11,74,205,,00-0011493,,,,,,,,,,"https://static.www.nfl.com/image/private/f_auto,q_auto/league/ueq3x4ldeixk2h5wq3n7",MON392207,,32004d4f-4e39-2207-dc8d-f68a92cca5ac,,,
1994,ATL,LB,LB,0,RES,Alton Montgomery,Alton,Montgomery,1968-06-16,72,202,,00-0011498,,,,,,,,,,"https://static.www.nfl.com/image/private/f_auto,q_auto/league/l7087jwkoo2lt9kofzth",MON415278,,32004d4f-4e41-5278-1bc8-8d92a0adaefe,,,
1994,HOU,DL,DT,0,ACT,Glenn Montgomery,Glenn,Montgomery,1967-03-31,72,282,,00-0011504,,,,,,,,,,"https://static.www.nfl.com/image/private/f_auto,q_auto/league/erjv3jyzqud9iuraaniw",MON507562,,32004d4f-4e50-7562-bb2b-98aa72e0dd41,,,
1994,DET,SPEC,P,0,ACT,Greg Montgomery,Gregory,Montgomery,1964-10-29,76,217,,00-0011505,,,,,,,,,,"https://static.www.nfl.com/image/private/f_auto,q_auto/league/s7g2ze0vlrdnw2yymbs0",MON530633,,32004d4f-4e53-0633-e97d-064a25ac5881,,,
1994,RAI,RB,RB,0,ACT,Tyrone Montgomery,Tyrone,Montgomery,1970-08-03,72,190,,00-0011509,,,,,,,,,,"https://static.www.nfl.com/image/private/f_auto,q_auto/league/pnmo1ieo7z54ptaihwod",MON678287,,32004d4f-4e67-8287-7a80-3533602f44ba,,,
1994,SEA,OL,OT,0,ACT,Mike Moody,Mike,Moody,1969-05-09,77,285,,00-0011519,,,,,,,,,,"https://static.www.nfl.com/image/private/f_auto,q_auto/league/o2etwft3kyzxijfcp2xh",MOO013457,,32004d4f-4f01-3457-f513-a306ca998be1,,,
1994,MIN,QB,QB,1,ACT,Warren Moon,Harold,Moon,1956-11-18,75,210,,00-0011524,,,,,,,,,,"https://static.www.nfl.com/image/private/f_auto,q_auto/league/nmnwarb1fy1d8xrefvfc",MOO057675,,32004d4f-4f05-7675-86d2-2829a12c6d4a,,,
1994,TB,TE,TE,0,ACT,Dave Moore,David,Moore,1969-11-11,74,245,,00-0011551,,,,,,,,,,"https://static.www.nfl.com/image/private/f_auto,q_auto/league/dpkynnhekynii7fskyll",MOO250886,,32004d4f-4f25-0886-9253-2ca7989fbc2a,,,
1994,DET,RB,RB,0,ACT,Derrick Moore,Derrick,Moore,1967-10-13,72,227,,00-0011556,,,,,,,,,,"https://static.www.nfl.com/image/private/f_auto,q_auto/league/jgwpesmzbjurn4emzdy0",MOO271072,,32004d4f-4f27-1072-5825-2001eb07d68d,,,
1994,CIN,OL,OT,0,RES,Eric Moore,Eric,Moore,1965-01-21,77,290,,00-0011561,,,,,,,,,,"https://static.www.nfl.com/image/private/f_auto,q_auto/league/tfumiqcwcxixjjctn56v",MOO288375,,32004d4f-4f28-8375-8201-224a7e5c53f7,,,
1994,DET,WR,WR,84,ACT,Herman Moore,Herman,Moore,1969-10-20,76,210,,00-0011568,,,,,,,,,,"https://static.www.nfl.com/image/private/f_auto,q_auto/league/hkor0gcjgusc9ezhtuco",MOO374887,,32004d4f-4f37-4887-242a-3cf709984560,,,
1994,NE,LB,LB,0,ACT,Marty Moore,Martin,Moore,1971-03-19,73,244,,00-0011592,,,,,,,,,,"https://static.www.nfl.com/image/private/f_auto,q_auto/league/gnesj2ptywmnqnpubgrd",MOO547912,,32004d4f-4f54-7912-ab3b-20b51e1a7dd5,,,
1994,NYJ,WR,WR,0,ACT,Rob Moore,Robert,Moore,1968-09-27,75,205,,00-0011601,,,,,,,,,,"https://static.www.nfl.com/image/private/f_auto,q_auto/league/e7qxf8u4uexvpi1kilf2",MOO663262,,32004d4f-4f66-3262-86fc-3cffbef9d6b5,,,
1994,ARI,RB,RB,0,ACT,Ronald Moore,Ronald,Moore,1970-01-26,70,220,,00-0011608,,,,,,,,,,"https://static.www.nfl.com/image/private/f_auto,q_auto/league/waqedylf2x7jr4yyplq5",MOO671913,,32004d4f-4f67-1913-83ed-f35036f0cb34,,,
1994,ARI,QB,QB,0,CUT,Shawn Moore,Shawn,Moore,1968-04-04,74,213,,00-0011611,,,,,,,,,,"https://static.www.nfl.com/image/private/f_auto,q_auto/league/msfas2bfns6betxrfpso",MOO674797,,32004d4f-4f67-4797-1634-5c73b813b0bd,,,
1994,CLE,DB,S,0,ACT,Stevon Moore,Stevon,Moore,1967-02-09,71,210,,00-0011613,,,,,,,,,,"https://static.www.nfl.com/image/private/f_auto,q_auto/league/zrj9wlv905kf8vpqsott",MOO703635,,32004d4f-4f70-3635-1788-8e6b6458b324,,,
1994,GB,WR,WR,0,ACT,Anthony Morgan,Anthony,Morgan,1967-11-15,73,195,,00-0011643,,,,,,,,,,"https://static.www.nfl.com/image/private/f_auto,q_auto/league/rpzqe4kkhslnjemgyxyt",MOR139837,,32004d4f-5213-9837-9ba2-7bc45004de7f,,,
1994,PIT,RB,RB,0,ACT,Bam Morris,Byron,Morris,1972-01-13,72,235,,00-0011675,,,,,,,,,,"https://static.www.nfl.com/image/private/f_auto,q_auto/league/xfamzuumuo1jqoibkcvu",MOR319931,,32004d4f-5231-9931-31c7-47428fa58095,,,
1994,MIN,OL,G,0,ACT,Mike Morris,Michael,Morris,1961-02-22,77,284,,00-0011691,,,,,,,,,,"https://static.www.nfl.com/image/private/f_auto,q_auto/league/eignsww3wwgmthn4zm4r",MOR474600,,32004d4f-5247-4600-1290-af472f7b7fc4,,,
1994,WAS,DB,FS,38,ACT,Darryl Morrison,Darryl,Morrison,1971-05-19,71,185,,00-0011706,,,,,,,,,,"https://static.www.nfl.com/image/private/f_auto,q_auto/league/oqip7gmshvomactackiw",MOR567825,,32004d4f-5256-7825-eb80-ff99521a33f3,,,
1994,DET,WR,WR,0,ACT,Johnnie Morton,Johnnie,Morton,1971-10-07,72,189,,00-0011727,,,,,,,,,,"https://static.www.nfl.com/image/private/f_auto,q_auto/league/vgd3ryl2ptbmgth4jq7x",MOR800887,,32004d4f-5280-0887-8e92-c4b9248fd23b,,,
1994,RAI,OL,C,0,ACT,Don Mosebar,Donald,Mosebar,1961-09-11,78,300,,00-0011732,,,,,,,,,,"https://static.www.nfl.com/image/private/f_auto,q_auto/league/wgtczp0rbfjdfpwojear",MOS059326,,32004d4f-5305-9326-84d1-a67fdf066dcf,,,
1994,RAI,LB,OLB,0,ACT,Winston Moss,Winston,Moss,1965-12-24,75,240,,00-0011757,,,,,,,,,,"https://static.www.nfl.com/image/private/f_auto,q_auto/league/l41hcicgc97rmefoyzaq",MOS741575,,32004d4f-5374-1575-41c0-b1856956becc,,,
1994,IND,OL,OT,0,ACT,Zefross Moss,Zefross,Moss,1966-08-17,78,338,,00-0011758,,,,,,,,,,"https://static.www.nfl.com/image/private/f_auto,q_auto/league/mgw07vaqwnxujtzntnyb",MOS771238,,32004d4f-5377-1238-7b94-0b838769ebf1,,,
1994,SD,OL,G,0,PUP,Eric Moten,Eric,Moten,1968-04-11,74,306,,00-0011762,,,,,,,,,,"https://static.www.nfl.com/image/private/f_auto,q_auto/league/smep5cvmmm5ftc2qxuys",MOT269937,,32004d4f-5426-9937-f134-dc3e46ba2065,,,
1994,CIN,OL,G,0,ACT,Ken Moyer,Kenneth,Moyer,1966-11-19,79,297,,00-0011779,,,,,,,,,,"https://static.www.nfl.com/image/private/f_auto,q_auto/league/utdmdq14nd200yx0l1o7",MOY276860,,32004d4f-5927-6860-8911-52bea0160810,,,
1994,PHI,SPEC,K,0,ACT,Eddie Murray,Edward,Murray,1956-08-29,70,195,,00-0011859,,,,,,,,,,"https://static.www.nfl.com/image/private/f_auto,q_auto/league/bxywc4m8gikzzzbancry",MUR607740,,32004d55-5260-7740-9f22-1de17e7a4532,,,
1994,NYJ,RB,RB,0,ACT,Adrian Murrell,Adrian,Murrell,1970-10-16,71,205,,00-0011869,,,,,,,,,,"https://static.www.nfl.com/image/private/f_auto,q_auto/league/dmscpc4mczzclvw06xss",MUR719159,,32004d55-5271-9159-2192-f8b6a4c8ac03,,,
1994,SF,QB,QB,0,ACT,Bill Musgrave,William,Musgrave,1967-11-11,74,205,,00-0011873,,,,,,,,,,"https://static.www.nfl.com/image/private/f_auto,q_auto/league/fqbtac0ds5rq4s6lmk5q",MUS105904,,32004d55-5310-5904-92d4-99928f332ef5,,,
1994,MIA,DB,DB,0,CUT,Najee Mustafaa,Najee,Mustafaa,1964-06-20,73,192,,00-0011879,,,,,,,,,,"https://static.www.nfl.com/image/private/f_auto,q_auto/league/qeqzn5iz1ehinm679s9a",MUS698424,,32004d55-5369-8424-f8d1-60c9ba2bd702,,,
1994,NO,RB,FB,0,ACT,Brad Muster,Brad,Muster,1965-04-11,75,235,,00-0011880,,,,,,,,,,"https://static.www.nfl.com/image/private/f_auto,q_auto/league/ewpuh5pmckrbhlxmgqdh",MUS711924,,32004d55-5371-1924-6021-0ca610c8f2b1,,,
1994,DAL,LB,LB,98,ACT,Godfrey Myles,Godfrey,Myles,1968-09-22,73,242,,00-0011896,,,,,,,,,,"https://static.www.nfl.com/image/private/f_auto,q_auto/league/uuiqwyas8w5p7djbrmac",MYL264861,,32004d59-4c26-4861-6a4c-2a338aab9ad1,,,
1994,CHI,OL,G,0,ACT,Tom Myslinski,Thomas,Myslinski,1968-12-07,75,291,,00-0011902,,,,,,,,,,"https://static.www.nfl.com/image/private/f_auto,q_auto/league/uyvph9j1ytnz3zhavbgp",MYS385627,,32004d59-5338-5627-60cc-5f7d4d2e55fb,,,
1994,IND,QB,QB,0,ACT,Browning Nagle,Browning,Nagle,1968-04-29,75,225,,00-0011907,,,,,,,,,,"https://static.www.nfl.com/image/private/f_auto,q_auto/league/lk5zappcpcjpzrvftohz",NAG540970,,32004e41-4754-0970-7c31-0673da1bde75,,,
1994,DEN,OL,C,0,ACT,Tom Nalen,Thomas,Nalen,1971-05-13,74,280,,00-0011915,,,,,,,,,,"https://static.www.nfl.com/image/private/f_auto,q_auto/league/wyhctr99favissuzammg",NAL177981,,32004e41-4c17-7981-77b4-bf84c6113f5c,,,
1994,SEA,DL,DT,0,ACT,Joe Nash,Joseph,Nash,1960-10-11,75,278,,00-0011929,,,,,,,,,,"https://static.www.nfl.com/image/private/f_auto,q_auto/league/hzqvc7bmt9mmqfa26zhb",NAS138430,,32004e41-5313-8430-f89a-5eca8e73e15d,,,
1994,NO,RB,FB,0,ACT,Lorenzo Neal,Lorenzo,Neal,1970-12-27,71,240,,00-0011958,,,,,,,,,,"https://static.www.nfl.com/image/private/f_auto,q_auto/league/tsuqbitfgkxsemjowcyw",NEA237924,,32004e45-4123-7924-5779-4e5f5fe41d3b,,,
1994,NO,RB,RB,0,ACT,Derrick Ned,Derrick,Ned,1969-01-05,73,210,,00-0011968,,,,,,,,,,"https://static.www.nfl.com/image/private/f_auto,q_auto/league/mtqt4acfucfeps4rjs3x",NED029662,,32004e45-4402-9662-7a28-65ebd685f1d4,,,
1994,RAM,OL,G,0,ACT,Tom Newberry,Thomas,Newberry,1962-12-20,74,285,,00-0012044,,,,,,,,,,"https://static.www.nfl.com/image/private/f_auto,q_auto/league/tzblg269yfjvrmrgmchs",NEW160758,,32004e45-5716-0758-d43e-a14f2435f44a,,,
1994,RAM,DB,FS,0,ACT,Anthony Newman,Anthony,Newman,1965-11-25,72,199,,00-0012056,,,,,,,,,,"https://static.www.nfl.com/image/private/f_auto,q_auto/league/dtbjfn1kodhcmlt4cahw",NEW321516,,32004e45-5732-1516-fd88-2d1b9b27faea,,,
1994,CLE,WR,WR,0,CUT,Pat Newman,Edward,Newman,1968-09-10,71,189,,00-0012061,,,,,,,,,,"https://static.www.nfl.com/image/private/f_auto,q_auto/league/tscgvb20zi2qdtyvw8z0",NEW375102,,32004e45-5737-5102-fc06-245a768717b0,,,
1994,DAL,OL,G,61,ACT,Nate Newton,Nathaniel,Newton,1961-12-20,75,325,,00-0012081,,,,,,,,,,"https://static.www.nfl.com/image/private/f_auto,q_auto/league/dbgczukxafswgg8sjeq1",NEW723411,,32004e45-5772-3411-9b63-585fcd967c30,,,
1994,KC,DL,NT,0,RES,Tim Newton,Timothy,Newton,1963-03-23,72,269,,00-0012082,,,,,,,,,,"https://static.www.nfl.com/image/private/f_auto,q_auto/league/ovyihmxifbvwstlknha5",NEW803790,,32004e45-5780-3790-d81d-460bd87bdc1b,,,
1994,TB,LB,MLB,56,ACT,Hardy Nickerson,Hardy,Nickerson,1965-09-01,74,230,,00-0012102,,,,,,,,,,"https://static.www.nfl.com/image/private/f_auto,q_auto/league/wrzwjda68yt8gw5dfykc",NIC658720,,32004e49-4365-8720-6907-31e533d36422,,,
1994,MIN,DL,DE,0,ACT,Roosevelt Nix,Roosevelt,Nix,1967-04-17,78,292,,00-0012124,,,,,,,,,,"https://static.www.nfl.com/image/private/f_auto,q_auto/league/yb7jnltybkqmyywxrzpm",NIX511848,,32004e49-5851-1848-154e-5ac7c6fc1d87,,,
1994,IND,DL,DT,0,CUT,Al Noga,Alapati,Noga,1965-09-16,73,259,,00-0012146,,,,,,,,,,"https://static.www.nfl.com/image/private/f_auto,q_auto/league/pvp5xoi4fyzwfbqbrdc6",NOG207645,,32004e4f-4720-7645-3ee4-c54d6043c649,,,
1994,HOU,OL,G,64,ACT,Erik Norgard,Erik,Norgard,1965-11-04,73,282,,00-0012166,,,,,,,,,,"https://static.www.nfl.com/image/private/f_auto,q_auto/league/ahhqm2cvupyxzfkhvkac",NOR180560,,32004e4f-5218-0560-76ae-926213c66fad,,,
1994,SF,LB,OLB,0,ACT,Ken Norton,Kenneth,Norton,1966-09-29,74,241,,00-0012196,,,,,,,,,,"https://static.www.nfl.com/image/private/f_auto,q_auto/league/nbb0wqoyjpmu5shcsxx2",NOR686128,,32004e4f-5268-6128-3f9f-df4e7e550c6e,,,
1994,WAS,DL,DE,0,ACT,Dexter Nottage,Dexter,Nottage,1970-11-14,76,273,,00-0012205,,,,,,,,,,"https://static.www.nfl.com/image/private/f_auto,q_auto/league/vtjewpmgdnhjpfbj5hmv",NOT438361,,32004e4f-5443-8361-6ba5-8f81f24a1bbb,,,
1994,DAL,TE,TE,84,ACT,Jay Novacek,Jay,Novacek,1962-10-24,76,232,,00-0012208,,,,,,,,,,"https://static.www.nfl.com/image/private/f_auto,q_auto/league/shhxhfbwqiknznsqqfr0",NOV103822,,32004e4f-5610-3822-a001-c9393fdf6109,,,
1994,MIA,OL,G,0,ACT,Jeff Novak,Jeffrey,Novak,1967-07-27,78,295,,00-0012210,,,,,,,,,,"https://static.www.nfl.com/image/private/f_auto,q_auto/league/ydtj46llgewhbjtwrpqk",NOV397984,,32004e4f-5639-7984-911b-6de7ba3b09b3,,,
1994,NO,OL,G,0,ACT,Craig Novitsky,Craig,Novitsky,1971-05-12,77,295,,00-0012212,,,,,,,,,,"https://static.www.nfl.com/image/private/f_auto,q_auto/league/k5p1ewqahoepdhizxzlt",NOV474614,,32004e4f-5647-4614-ba60-0fa0d10a30fc,,,
1994,MIN,TE,TE,0,RES,Brent Novoselsky,Brent,Novoselsky,1966-01-08,74,237,,00-0012213,,,,,,,,,,"https://static.www.nfl.com/image/private/f_auto,q_auto/league/jgvzk0pkivaobqpepe0u",NOV519110,,32004e4f-5651-9110-2a19-ea09e4a8b172,,,
1994,HOU,DL,DE,0,ACT,Jeremy Nunley,Jody,Nunley,1971-09-19,77,278,,00-0012223,,,,,,,,,,"https://static.www.nfl.com/image/private/f_auto,q_auto/league/moapzk7qefkb4nadrb1q",NUN343482,,32004e55-4e34-3482-2c62-575c471284e6,,,
1994,IND,DL,DE,93,ACT,Freddie Joe Nunn,Fred,Nunn,1962-04-09,76,228,,00-0012225,,,,,,,,,,"https://static.www.nfl.com/image/private/f_auto,q_auto/league/b1sat7s5w99mhn6pqoqk",NUN498348,,32004e55-4e49-8348-3bc0-d23684d90d22,,,
1994,NO,QB,QB,0,ACT,Doug Nussmeier,Douglas,Nussmeier,1970-12-11,75,211,,00-0012226,,,,,,,,,,"https://static.www.nfl.com/image/private/f_auto,q_auto/league/aqwmbbqibmmsbxjmmquu",NUS428791,,32004e55-5342-8791-14b8-125b83ff6aae,,,
1994,PIT,QB,QB,0,ACT,Neil O'Donnell,Neil,O'Donnell,1966-07-03,75,230,,00-0012261,,,,,,,,,,"https://static.www.nfl.com/image/private/f_auto,q_auto/league/eljm5vck5j6fltkfftxd",ODO638910,,32004f44-4f63-8910-238a-b14536eb2c6e,,,
1994,PHI,RB,RB,0,ACT,Brian O'Neal,Brian,O'Neal,1970-02-25,72,233,,00-0012271,,,,,,,,,,"https://static.www.nfl.com/image/private/f_auto,q_auto/league/dzgftwiknuglsrlezizx",ONE047327,,32004f4e-4504-7327-88b0-a84416c89de1,,,
1994,SD,DL,DE,0,ACT,Leslie O'Neal,Leslie,O'Neal,1964-05-07,76,265,,00-0012274,,,,,,,,,,"https://static.www.nfl.com/image/private/f_auto,q_auto/league/f9xhblgx81wtbevy7hgq",ONE177981,,32004f4e-4517-7981-5c65-807d135b7553,,,
1994,IND,DB,DB,0,CUT,Robert O'Neal,Robert,O'Neal,1971-02-01,73,194,,00-0012275,,,,,,,,,,"https://static.www.nfl.com/image/private/f_auto,q_auto/league/grtokdfvhvvwfrfu0eml",ONE228832,,32004f4e-4522-8832-ab4d-e9371bbc5e3c,,,
1994,NE,SPEC,P,0,ACT,Pat O'Neill,Patrick,O'Neill,1971-02-09,73,195,,00-0012283,,,,,,,,,,"https://static.www.nfl.com/image/private/f_auto,q_auto/league/nakydaezpqivfsq4wi8u",ONE641347,,32004f4e-4564-1347-2230-e9e63348dc69,,,
1994,SF,OL,C,0,ACT,Bart Oates,Bart,Oates,1958-12-16,75,267,,00-0012288,,,,,,,,,,"https://static.www.nfl.com/image/private/f_auto,q_auto/league/tkogealjhzswalqyrpqx",OAT166116,,32004f41-5416-6116-e07e-93c9d481f158,,,
1994,CHI,WR,WR,0,RES,Terry Obee,Terry,Obee,1968-06-15,70,180,,00-0012292,,,,,,,,,,"https://static.www.nfl.com/image/private/f_auto,q_auto/league/nuhefzlw1ji5bgihqtgt",OBE344982,,32004f42-4534-4982-1689-ad8089fdd543,,,
1994,PHI,LB,LB,0,ACT,Derrick Oden,Derrick,Oden,1970-09-29,71,230,,00-0012304,,,,,,,,,,"https://static.www.nfl.com/image/private/f_auto,q_auto/league/mzrbmsrybnmnf7ytxflh",ODE485598,,32004f44-4548-5598-71ca-ef6f4b3cadfd,,,
1994,SEA,DB,CB,0,RES,Nate Odomes,Nathaniel,Odomes,1965-08-25,70,188,,00-0012311,,,,,,,,,,"https://static.www.nfl.com/image/private/f_auto,q_auto/league/jlywzhx7bbvtmlfu5rhx",ODO383346,,32004f44-4f38-3346-a595-18a73ddf3aca,,,
1994,BUF,TE,TE,0,PUP,A.J. Ofodile,Anselm,Ofodile,1973-10-09,78,260,,00-0012317,,,,,,,,,,"https://static.www.nfl.com/image/private/f_auto,q_auto/league/elerogdq6erpyqfqx36m",OFO148317,,32004f46-4f14-8317-82d6-e04daede6e45,,,
1994,NYJ,DL,DT,0,ACT,Alfred Oglesby,Alfred,Oglesby,1967-01-27,75,276,,00-0012324,,,,,,,,,,"https://static.www.nfl.com/image/private/f_auto,q_auto/league/o0d1bzbswap5gzhvv2fn",OGL332232,,32004f47-4c33-2232-b4e5-1bc2d8b9e370,,,
1994,ARI,DB,DB,0,ACT,Chris Oldham,Christopher,Oldham,1968-10-26,69,183,,00-0012340,,,,,,,,,,"https://static.www.nfl.com/image/private/f_auto,q_auto/league/j72ce3d8t3iau1n9qubg",OLD355962,,32004f4c-4435-5962-f4f2-a85aff8da693,,,
1994,CIN,DB,S,0,RES,Louis Oliver,Louis,Oliver,1966-03-09,74,224,,00-0012360,,,,,,,,,,"https://static.www.nfl.com/image/private/f_auto,q_auto/league/i5pr8a764am5nol1d5jz",OLI571021,,32004f4c-4957-1021-cdd5-f723e2b3e616,,,
1994,MIA,DB,DB,0,ACT,Muhammad Oliver,Muhammad,Oliver,1969-03-12,71,180,,00-0012362,,,,,,,,,,"https://static.www.nfl.com/image/private/f_auto,q_auto/league/in3lphhce5gtk4hkmvqc",OLI590172,,32004f4c-4959-0172-530c-11e58833486b,,,
1994,PIT,LB,LB,0,ACT,Jerry Olsavsky,Jerome,Olsavsky,1967-03-29,73,224,,00-0012375,,,,,,,,,,"https://static.www.nfl.com/image/private/f_auto,q_auto/league/ndpjkskgzre2zmw75s5m",OLS051911,,32004f4c-5305-1911-a705-f1c8d4afcd74,,,
1994,HOU,DB,SAF,0,ACT,Bo Orlando,Joseph,Orlando,1966-04-03,70,180,,00-0012401,,,,,,,,,,"https://static.www.nfl.com/image/private/f_auto,q_auto/league/vlgnmce4gwm4ouolmkcj",ORL276861,,32004f52-4c27-6861-2bd4-7e630bb9be0f,,,
1994,DEN,DL,DE,0,ACT,Willie Oshodin,William,Oshodin,1969-09-16,76,260,,00-0012429,,,,,,,,,,"https://static.www.nfl.com/image/private/f_auto,q_auto/league/yatedtf9xf5pblorysnv",OSH604060,,32004f53-4860-4060-7e9c-c47635c41c00,,,
1994,BUF,OL,G,0,ACT,Jerry Ostroski,Gerald,Ostroski,1970-07-12,76,310,,00-0012437,,,,,,,,,,"https://static.www.nfl.com/image/private/f_auto,q_auto/league/q4luft4bpwfpqdt2clin",OST610185,,32004f53-5461-0185-1a49-cdf4d121dba9,,,
1994,RAM,DL,DE,0,ACT,Brad Ottis,Brad,Ottis,1972-08-02,77,272,,00-0012446,,,,,,,,,,"https://static.www.nfl.com/image/private/f_auto,q_auto/league/ksmlerxj9xekpzdloiap",OTT193802,,32004f54-5419-3802-b8bd-f7b71f43dabb,,,
1994,DET,DL,NT,0,ACT,Dan Owens,Daniel,Owens,1967-03-16,75,280,,00-0012463,,,,,,,,,,"https://static.www.nfl.com/image/private/f_auto,q_auto/league/atok1leunazdjzyado4r",OWE332230,,32004f57-4533-2230-2790-615d6b83df38,,,
1994,SF,WR,WR,0,CUT,Darrick Owens,Darrick,Owens,1970-11-05,74,216,,00-0012464,,,,,,,,,,"https://static.www.nfl.com/image/private/f_auto,q_auto/league/iqy7n3ogo2xk4un492zh",OWE342730,,32004f57-4534-2730-e94f-2b518c0581f8,,,
1994,NO,DB,SAF,0,RES,Shane Pahukoa,Shane,Pahukoa,1970-11-25,74,202,,00-0012503,,,,,,,,,,"https://static.www.nfl.com/image/private/f_auto,q_auto/league/i7kazwqxvauywsg1gjut",PAH674966,,32005041-4867-4966-b882-fa37b97b5fb0,,,
1994,PIT,OL,G,0,ACT,Lonnie Palelei,Si'ulagi,Palelei,1970-10-15,75,324,,00-0012512,,,,,,,,,,"https://static.www.nfl.com/image/private/f_auto,q_auto/league/odwhidqpxgdezcsmxwut",PAL142233,,32005041-4c14-2233-c560-6b837de0ba2c,,,
1994,MIN,WR,WR,0,ACT,David Palmer,David,Palmer,1972-11-19,68,167,,00-0012515,,,,,,,,,,"https://static.www.nfl.com/image/private/f_auto,q_auto/league/zmqay7fglka2khxx9tvl",PAL321216,,32005041-4c32-1216-55c9-c6600a2a0a3f,,,
1994,WAS,DL,DE,97,ACT,Sterling Palmer,Sterling,Palmer,1971-02-04,77,256,,00-0012523,,,,,,,,,,"https://static.www.nfl.com/image/private/f_auto,q_auto/league/fowpwuabwwdddawyu25d",PAL648887,,32005041-4c64-8887-dcf6-debba11a12ef,,,
1994,PHI,OL,G,0,ACT,Joe Panos,Zois,Panos,1971-01-24,74,296,,00-0012532,,,,,,,,,,"https://static.www.nfl.com/image/private/f_auto,q_auto/league/ummwxxyzck2ivnmirxqx",PAN753911,,32005041-4e75-3911-2387-ac0539f54458,,,
1994,MIN,DB,CB,0,ACT,Anthony Parker,Will,Parker,1966-02-11,70,181,,00-0012546,,,,,,,,,,"https://static.www.nfl.com/image/private/f_auto,q_auto/league/mdmg8ls5pifwip0x0ulb",PAR435712,,32005041-5243-5712-456c-02aba77e0410,,,
1994,BUF,OL,OT,0,ACT,Glenn Parker,Glenn,Parker,1966-04-22,77,305,,00-0012561,,,,,,,,,,"https://static.www.nfl.com/image/private/f_auto,q_auto/league/wofir4euckmpr8takirh",PAR272320,,32005041-5227-2320-2111-15ec50bacff2,,,
1994,NYJ,WR,WR,0,ACT,Orlando Parker,Orlando,Parker,1972-03-07,71,183,,00-0012573,,,,,,,,,,"https://static.www.nfl.com/image/private/f_auto,q_auto/league/akw6dq8ni8d7eiawz8py",PAR361582,,32005041-5236-1582-b2bb-6ac172b8e6ee,,,
1994,SD,OL,G,0,ACT,Vaughn Parker,Vaughn,Parker,1971-06-05,75,296,,00-0012588,,,,,,,,,,"https://static.www.nfl.com/image/private/f_auto,q_auto/league/pzf6qtpqan8tt830c6hc",PAR432308,,32005041-5243-2308-1720-dc11468f42f1,,,
1994,MIA,RB,RB,0,ACT,Bernie Parmalee,Bernard,Parmalee,1967-09-16,71,205,,00-0012603,,,,,,,,,,"https://static.www.nfl.com/image/private/f_auto,q_auto/league/resfephz4u73o52trfks",PAR592296,,32005041-5259-2296-8506-c1e697a866e4,,,
1994,SD,DL,DE,0,ACT,John Parrella,John,Parrella,1969-11-22,75,296,,00-0012607,,,,,,,,,,"https://static.www.nfl.com/image/private/f_auto,q_auto/league/ipr1qnzx16unnfenlyly",PAR619528,,32005041-5261-9528-e257-cbeb08944147,,,
1994,DAL,OL,OT,0,CUT,James Parrish,James,Parrish,1968-05-19,78,310,,00-0012610,,,,,,,,,,"https://static.www.nfl.com/image/private/f_auto,q_auto/league/yvabttah77s3shqxemly",PAR677396,,32005041-5267-7396-63fa-f8d9940785b0,,,
1994,CIN,DL,DE,0,ACT,Ty Parten,Ty,Parten,1969-10-13,77,272,,00-0012620,,,,,,,,,,"https://static.www.nfl.com/image/private/f_auto,q_auto/league/jy8wrm3rv63hdb5sq1c8",PAR782920,,32005041-5278-2920-38e6-832c474ce96d,,,
1994,BUF,DL,NT,0,ACT,James Patton,James,Patton,1970-01-05,75,287,,00-0012663,,,,,,,,,,"https://static.www.nfl.com/image/private/f_auto,q_auto/league/qstjxoa168vcwpaqqmyo",PAT616170,,32005041-5461-6170-7764-d46935e73240,,,
1994,WAS,OL,G,0,ACT,Joe Patton,Joseph,Patton,1972-01-05,77,288,,00-0012664,,,,,,,,,,"https://static.www.nfl.com/image/private/f_auto,q_auto/league/ssprwleo2l06csihdcjl",PAT684580,,32005041-5468-4580-c387-8e861a0fa616,,,
1994,BUF,LB,ILB,0,ACT,Marvcus Patton,Marvcus,Patton,1967-05-01,74,243,,00-0012666,,,,,,,,,,"https://static.www.nfl.com/image/private/f_auto,q_auto/league/dd2dephu5k2rzlsgp5qs",PAT700785,,32005041-5470-0785-307a-111f82ab271f,,,
1994,GB,LB,OLB,0,ACT,Bryce Paup,Bryce,Paup,1968-02-29,77,247,,00-0012679,,,,,,,,,,"https://static.www.nfl.com/image/private/f_auto,q_auto/league/citnssgav0osreq2f2h9",PAU747522,,32005041-5574-7522-3a5c-4ccb0305d879,,,
1994,MIA,QB,QB,0,ACT,Doug Pederson,Douglas,Pederson,1968-01-31,75,212,,00-0012726,,,,,,,,,,"https://static.www.nfl.com/image/private/f_auto,q_auto/league/qe4j7iaaaq0iz8dma3ev",PED543972,,32005045-4454-3972-51b8-d0b994ae7160,,,
1994,DAL,QB,QB,0,ACT,Rodney Peete,Rodney,Peete,1966-03-16,72,193,,00-0012732,,,,,,,,,,"https://static.www.nfl.com/image/private/f_auto,q_auto/league/jc5zp43pmkw5qgawmw2v",PEE498348,,32005045-4549-8348-c50e-4bbd25ae92da,,,
1994,ATL,RB,RB,0,ACT,Erric Pegram,Erric,Pegram,1969-01-07,70,188,,00-0012735,,,,,,,,,,"https://static.www.nfl.com/image/private/f_auto,q_auto/league/gpcbjjmbxaexpzimpkgw",PEG358660,,32005045-4735-8660-eb76-a3f4d5c342e1,,,
1994,CIN,SPEC,K,0,ACT,Doug Pelfrey,William,Pelfrey,1970-09-25,71,185,,00-0012742,,,,,,,,,,"https://static.www.nfl.com/image/private/f_auto,q_auto/league/mevgsdwieluw6lmuhjj7",PEL114322,,32005045-4c11-4322-2ac1-6fe8f05dcd45,,,
1994,KC,WR,WR,0,ACT,Chris Penn,Christopher,Penn,1971-04-20,72,195,,00-0012764,,,,,,,,,,"https://static.www.nfl.com/image/private/f_auto,q_auto/league/uopvhqndictxcq13ojfy",PEN242814,,32005045-4e24-2814-5fe8-02a225ecc9b0,,,
1994,DET,WR,WR,0,ACT,Brett Perriman,Brett,Perriman,1965-10-10,69,180,,00-0012803,,,,,,,,,,"https://static.www.nfl.com/image/private/f_auto,q_auto/league/u4ishjtpm0xpglwcm39f",PER440700,,32005045-5244-0700-c6cc-427ec48ce7b1,,,
1994,PIT,DB,FS,0,ACT,Darren Perry,Darren,Perry,1968-12-29,71,194,,00-0012808,,,,,,,,,,"https://static.www.nfl.com/image/private/f_auto,q_auto/league/l5ydjkovqk6eitu5gsoj",PER548050,,32005045-5254-8050-bfc0-0f5ed17f7744,,,
1994,RAI,OL,OT,0,ACT,Gerald Perry,Gerald,Perry,1964-11-12,78,300,,00-0012811,,,,,,,,,,"https://static.www.nfl.com/image/private/f_auto,q_auto/league/msflbwayf1rr0e1x1qya",PER576300,,32005045-5257-6300-5e70-e7aedbd5aefe,,,
1994,BUF,LB,LB,0,ACT,Marlo Perry,Malcolm,Perry,1972-08-25,76,250,,00-0012820,,,,,,,,,,"https://static.www.nfl.com/image/private/f_auto,q_auto/league/z1qrikz4bkrtyul2ras6",PER635625,,32005045-5263-5625-7b72-1bdbb4ac58fc,,,
1994,CLE,DL,DT,0,ACT,Michael Dean Perry,Michael,Perry,1965-08-27,73,285,,00-0012822,,,,,,,,,,"https://static.www.nfl.com/image/private/f_auto,q_auto/league/ihl0l41v1wur0cbnuttd",PER678000,,32005045-5267-8000-eae0-9102f347b2f4,,,
1994,CHI,OL,G,75,ACT,Todd Perry,Todd,Perry,1970-11-28,77,298,,00-0012828,,,,,,,,,,"https://static.www.nfl.com/image/private/f_auto,q_auto/league/eblhctm1a5nlvz0sz1bg",PER717550,,32005045-5271-7550-8e46-2ed3fd1a0c64,,,
1994,PHI,DL,DT,0,ACT,William Perry,William,Perry,1962-12-16,74,335,,00-0012831,,,,,,,,,,"https://static.www.nfl.com/image/private/f_auto,q_auto/league/aeeanzxuwwmquk1kfhgt",PER762750,,32005045-5276-2750-d2d1-cbd74f492b2f,,,
1994,ARI,SPEC,K,0,CUT,Todd Peterson,Joseph,Peterson,1970-02-04,70,175,,00-0012875,,,,,,,,,,"https://static.www.nfl.com/image/private/f_auto,q_auto/league/lcxeooav27vwd7llegel",PET318269,,32005045-5431-8269-e93f-c9e00b4ef5b1,,,
1994,SF,LB,LB,0,RES,Tony Peterson,Anthony,Peterson,1972-01-23,73,223,,00-0012876,,,,,,,,,,"https://static.www.nfl.com/image/private/f_auto,q_auto/league/jw5vr891fzoaqmjr7sf2",PET272240,,32005045-5427-2240-9488-b95195cddd37,,,
1994,RAM,LB,OLB,0,ACT,Roman Phifer,Roman,Phifer,1968-03-05,74,230,,00-0012909,,,,,,,,,,"https://static.www.nfl.com/image/private/f_auto,q_auto/league/mgcg7hrox5fvp9svr7fc",PHI017200,,32005048-4901-7200-5b35-f51f1ff4444f,,,
1994,CIN,QB,QB,0,CUT,Todd Philcox,Todd,Philcox,1966-09-25,76,225,,00-0012910,,,,,,,,,,"https://static.www.nfl.com/image/private/f_auto,q_auto/league/fo2dn1qemzmmgditlcvl",PHI095835,,32005048-4909-5835-b492-b4806881c135,,,
1994,BUF,DL,DT,75,RES,Ed Philion,Edmond,Philion,1970-03-27,74,273,,00-0012911,,,,,,,,,,"https://static.www.nfl.com/image/private/f_auto,q_auto/league/iypgvizgwhpvysqmpbex",PHI110631,,32005048-4911-0631-8de1-fa5529158cdd,,,
1994,ATL,DB,CB,0,ACT,Anthony Phillips,Anthony,Phillips,1970-10-05,74,217,,00-0012912,,,,,,,,,,"https://static.www.nfl.com/image/private/f_auto,q_auto/league/wneu0cfd4jnw3bjhb1cg",PHI118030,,32005048-4911-8030-c5f1-6251fb2a775d,,,
1994,KC,DL,DT,0,ACT,Joe Phillips,Joseph,Phillips,1963-07-15,77,300,,00-0012925,,,,,,,,,,"https://static.www.nfl.com/image/private/f_auto,q_auto/league/jt1345wj2y7itf7hpz1l",PHI387840,,32005048-4938-7840-c028-6f85ebd6e08c,,,
1994,NYJ,DL,DT,0,ACT,Bill Pickel,William,Pickel,1959-11-05,77,265,,00-0012950,,,,,,,,,,"https://static.www.nfl.com/image/private/f_auto,q_auto/league/c0s3n6smd8qc0xslx4lz",PIC498348,,32005049-4349-8348-44a2-52c501ebc487,,,
1994,CIN,WR,WR,81,ACT,Carl Pickens,Carl,Pickens,1970-03-23,74,206,,00-0012953,,,,,,,,,,"https://static.www.nfl.com/image/private/f_auto,q_auto/league/axgwysdsgh0q1yeb2r83",PIC571956,,32005049-4357-1956-e66a-872524cc6d7a,,,
1994,NYG,TE,TE,0,ACT,Aaron Pierce,Aaron,Pierce,1969-09-06,77,248,,00-0012971,,,,,,,,,,"https://static.www.nfl.com/image/private/f_auto,q_auto/league/nvxtxlxvgrfosbk6w0um",PIE180423,,32005049-4518-0423-fcf8-ce6059a7623c,,,
1994,TB,OL,OT,0,ACT,Pete Pierson,Peter,Pierson,1971-02-04,77,286,,00-0012983,,,,,,,,,,"https://static.www.nfl.com/image/private/f_auto,q_auto/league/sqgkhy1dsoynb9fkpolh",PIE628410,,32005049-4562-8410-93dc-da1e838b8ee0,,,
1994,BUF,DL,DE,0,ACT,Mark Pike,Mark,Pike,1963-12-27,76,272,,00-0012987,,,,,,,,,,"https://static.www.nfl.com/image/private/f_auto,q_auto/league/xurukblrncfea0e7u7tr",PIK553722,,32005049-4b55-3722-1462-db8d261135d9,,,
1994,NE,DL,DE,0,ACT,Mike Pitts,Michael,Pitts,1960-09-25,77,277,,00-0013017,,,,,,,,,,"https://static.www.nfl.com/image/private/f_auto,q_auto/league/stbintfokq8c3anisb5r",PIT553720,,32005049-5455-3720-7e2c-486cdaaf1cd6,,,
1994,CLE,DL,DE,0,ACT,Anthony Pleasant,Anthony,Pleasant,1968-01-27,77,280,,00-0013029,,,,,,,,,,"https://static.www.nfl.com/image/private/f_auto,q_auto/league/wlxhnxchqpxx3j2pnfff",PLE166116,,3200504c-4516-6116-b7d4-01fef0a539b4,,,
1994,SF,LB,MLB,0,ACT,Gary Plummer,Gary,Plummer,1960-01-26,74,247,,00-0013041,,,,,,,,,,"https://static.www.nfl.com/image/private/f_auto,q_auto/league/kwlmagykiovpep3xwy01",PLU226521,,3200504c-5522-6521-3a59-6e13277e1be9,,,
1994,SF,OL,OT,0,ACT,Frank Pollack,Frank,Pollack,1967-11-05,77,285,,00-0013072,,,,,,,,,,"https://static.www.nfl.com/image/private/f_auto,q_auto/league/v6esian4hkky0ej4fir2",POL166116,,3200504f-4c16-6116-da08-7c40ea93313a,,,
1994,CIN,OL,OT,0,ACT,Trent Pollard,Trent,Pollard,1972-11-20,76,325,,00-0013081,,,,,,,,,,"https://static.www.nfl.com/image/private/f_auto,q_auto/league/my8lm8lsryhtryrx1o2e",POL453476,,3200504f-4c45-3476-6766-756f57608e98,,,
1994,MIA,DB,DB,0,CUT,David Pool,David,Pool,1966-12-20,69,188,,00-0013093,,,,,,,,,,"https://static.www.nfl.com/image/private/f_auto,q_auto/league/vp3h1h2hsnlzhrlnpopv",POO063891,,3200504f-4f06-3891-65b4-e808e4ea66c2,,,
1994,RAM,DB,S,0,ACT,Marquez Pope,Marquez,Pope,1970-10-29,71,193,,00-0013111,,,,,,,,,,"https://static.www.nfl.com/image/private/f_auto,q_auto/league/nqyiqkugtu1nxk9b56dy",POP487366,,3200504f-5048-7366-b0fa-90d408967f4a,,,
1994,SF,TE,TE,0,ACT,Ted Popson,Theodore,Popson,1966-09-10,76,250,,00-0013117,,,,,,,,,,"https://static.www.nfl.com/image/private/f_auto,q_auto/league/g0cuhp5g7lkq3gzzoc0y",POP751477,,3200504f-5075-1477-8b2c-cd1b422a1cde,,,
1994,DET,DL,DE,0,ACT,Robert Porcher,Robert,Porcher,1969-07-30,75,283,,00-0013118,,,,,,,,,,"https://static.www.nfl.com/image/private/f_auto,q_auto/league/tokpgwckypcw8zhyrl5e",POR042593,,3200504f-5204-2593-f0ff-7f7fa812b627,,,
1994,NO,OL,G,0,ACT,Chris Port,Christopher,Port,1967-11-02,77,290,,00-0013120,,,,,,,,,,"https://static.www.nfl.com/image/private/f_auto,q_auto/league/tx8heea9p5jspkmqcmkd",POR114282,,3200504f-5211-4282-8377-68d7a0dd1625,,,
1994,SEA,LB,OLB,0,ACT,Rufus Porter,Rufus,Porter,1965-05-18,73,227,,00-0013135,,,,,,,,,,"https://static.www.nfl.com/image/private/f_auto,q_auto/league/wglu3uqttrlny5xikmcd",POR575019,,3200504f-5257-5019-96c5-4f4dae96178c,,,
1994,IND,RB,RB,0,ACT,Roosevelt Potts,Roosevelt,Potts,1971-01-08,72,258,,00-0013150,,,,,,,,,,"https://static.www.nfl.com/image/private/f_auto,q_auto/league/wunw3ddgmi8mfjlqoh3a",POT674964,,3200504f-5467-4964-7b5c-a25ac1099ca2,,,
1994,TB,DL,DT,0,ACT,Keith Powe,Keith,Powe,1969-06-05,75,265,,00-0013157,,,,,,,,,,"https://static.www.nfl.com/image/private/f_auto,q_auto/league/bx8buni2x6ehw2uejrbx",POW051551,,3200504f-5705-1551-fff1-a265d0be07e8,,,
1994,NYG,LB,LB,0,RES,Andre Powell,Andre,Powell,1969-06-05,73,226,,00-0013159,,,,,,,,,,"https://static.www.nfl.com/image/private/f_auto,q_auto/league/vfzueb0mpnhcsnihbkou",POW092285,,3200504f-5709-2285-8030-88226971fc8e,,,
1994,TB,DL,DE,0,ACT,Shawn Price,Shawn,Price,1970-03-28,76,260,,00-0013235,,,,,,,,,,"https://static.www.nfl.com/image/private/f_auto,q_auto/league/hng817iso6sc6rgq8y8z",PRI295067,,32005052-4929-5067-c7be-8efd644bbafd,,,
1994,CHI,WR,WR,0,ACT,Greg Primus,Gregory,Primus,1970-10-20,71,190,,00-0013246,,,,,,,,,,"https://static.www.nfl.com/image/private/f_auto,q_auto/league/sdxkbcojobnu3covw1ty",PRI455940,,32005052-4945-5940-7745-fda0952d2521,,,
1994,NYJ,DB,DB,0,ACT,Anthony Prior,Anthony,Prior,1970-03-27,71,185,,00-0013256,,,,,,,,,,"https://static.www.nfl.com/image/private/f_auto,q_auto/league/shpmx9nerloz6wi0p2i0",PRI610920,,32005052-4961-0920-ea77-45e121ecd4c3,,,
1994,GB,DB,DB,0,ACT,Mike Prior,Michael,Prior,1963-11-14,72,215,,00-0013257,,,,,,,,,,"https://static.www.nfl.com/image/private/f_auto,q_auto/league/v6urj5gbpxhjql7omquj",PRI622920,,32005052-4962-2920-9df5-4d512b16efe4,,,
1994,DEN,WR,WR,0,RES,Mike Pritchard,Michael,Pritchard,1969-10-25,70,190,,00-0013258,,,,,,,,,,"https://static.www.nfl.com/image/private/f_auto,q_auto/league/evzrbmxtpdd7cavvojwl",PRI719106,,32005052-4971-9106-771d-5c32a90b10ed,,,
1994,DET,DL,DE,0,ACT,Kelvin Pritchett,Kelvin,Pritchett,1969-10-24,75,281,,00-0013261,,,,,,,,,,"https://static.www.nfl.com/image/private/f_auto,q_auto/league/ize5o970hguzddk1q7ll",PRI787650,,32005052-4978-7650-4f75-ae8d43a35330,,,
1994,ARI,WR,WR,0,ACT,Ricky Proehl,Richard,Proehl,1968-03-07,72,190,,00-0013268,,,,,,,,,,"https://static.www.nfl.com/image/private/f_auto,q_auto/league/dyzdnenej8omtg3cslo1",PRO191673,,32005052-4f19-1673-9e29-272bea14a1f1,,,
1994,SD,TE,TE,86,ACT,Alfred Pupunu,Alfred,Pupunu,1969-10-17,74,255,,00-0013298,,,,,,,,,,"https://static.www.nfl.com/image/private/f_auto,q_auto/league/oglkwfhggl34sj1kaqym",PUP664466,,32005055-5066-4466-38c5-a12f535b1a5b,,,
1994,TB,OL,C,60,ACT,Jim Pyne,James,Pyne,1971-11-23,74,280,,00-0013317,,,,,,,,,,"https://static.www.nfl.com/image/private/f_auto,q_auto/league/ciux51jh7xqbztirhuhl",PYN566472,,32005059-4e56-6472-9273-c12686e430af,,,
1994,CIN,WR,WR,0,ACT,Jeff Query,Jeffrey,Query,1967-03-07,72,165,,00-0013325,,,,,,,,,,"https://static.www.nfl.com/image/private/f_auto,q_auto/league/vfjhxg0nd32nl0krinau",QUE553722,,32005155-4555-3722-a086-2a60cbb7d7f8,,,
1994,IND,LB,LB,0,ACT,Scott Radecic,Jude,Radecic,1962-06-14,75,240,,00-0013358,,,,,,,,,,"https://static.www.nfl.com/image/private/f_auto,q_auto/league/lzx1s7k0pogvv4rtsylb",RAD177981,,32005241-4417-7981-c77f-90686e14b667,,,
1994,MIN,DL,DT,93,ACT,John Randle,John,Randle,1967-12-12,73,275,,00-0013405,,,,,,,,,,"https://static.www.nfl.com/image/private/f_auto,q_auto/league/uterr5rjj2hwe4awl42s",RAN332232,,32005241-4e33-2232-b1b6-779d59b1a90e,,,
1994,NYG,DB,CB,0,ACT,Thomas Randolph,Thomas,Randolph,1970-10-05,69,176,,00-0013411,,,,,,,,,,"https://static.www.nfl.com/image/private/f_auto,q_auto/league/z6hi3bffbctvq1b2kxv3",RAN618092,,32005241-4e61-8092-e67e-55632becdf24,,,
1994,PIT,TE,TE,0,ACT,Walter Rasby,Walter,Rasby,1972-09-07,75,247,,00-0013422,,,,,,,,,,"https://static.www.nfl.com/image/private/f_auto,q_auto/league/zveh1bcbq3x9d72pc2ba",RAS062293,,32005241-5306-2293-7042-e3474fdb1e37,,,
1994,NYG,RB,FB,0,ACT,Kenyon Rasheed,Kenyon,Rasheed,1970-08-23,70,245,,00-0013427,,,,,,,,,,"https://static.www.nfl.com/image/private/f_auto,q_auto/league/zoyqgevrsrzhmlvxlof5",RAS262674,,32005241-5326-2674-46d9-130ad997e0a3,,,
1994,RAI,RB,RB,0,ACT,Tom Rathman,Thomas,Rathman,1962-10-07,73,230,,00-0013432,,,,,,,,,,"https://static.www.nfl.com/image/private/f_auto,q_auto/league/x8me6wyueazg2asoz2us",RAT332232,,32005241-5433-2232-2975-8dc69fe4ace7,,,
1994,IND,LB,LB,0,ACT,Brian Ratigan,Brian,Ratigan,1970-12-27,76,226,,00-0013433,,,,,,,,,,"https://static.www.nfl.com/image/private/f_auto,q_auto/league/ooswew6yldoxiy8rs0rn",RAT428790,,32005241-5442-8790-ce47-7660d16d9815,,,
1994,PIT,LB,LB,0,ACT,Eric Ravotti,Eric,Ravotti,1971-03-16,74,254,,00-0013437,,,,,,,,,,"https://static.www.nfl.com/image/private/f_auto,q_auto/league/kna9yowcndxtyzeu6bga",RAV604060,,32005241-5660-4060-d18e-739f75ce915f,,,
1994,NE,DB,DB,0,ACT,Terry Ray,Terry,Ray,1969-10-12,73,205,,00-0013450,,,,,,,,,,"https://static.www.nfl.com/image/private/f_auto,q_auto/league/zxealpytwe6u2qkjvq0u",RAY428790,,32005241-5942-8790-f3c4-4b821c7f8389,,,
1994,NYG,DB,CB,0,ACT,Corey Raymond,Corey,Raymond,1969-07-28,71,180,,00-0013459,,,,,,,,,,"https://static.www.nfl.com/image/private/f_auto,q_auto/league/wyujmg6bexwcph4sgi1r",RAY737022,,32005241-5973-7022-cd9b-adee0870545a,,,
1994,ARI,OL,G,0,ACT,Anthony Redmon,Kendrick,Redmon,1971-04-09,77,308,,00-0013493,,,,,,,,,,"https://static.www.nfl.com/image/private/f_auto,q_auto/league/chiwrcvbtt1kz3qdruub",RED563019,,32005245-4456-3019-a9fc-499d1ca97b6b,,,
1994,BUF,WR,WR,0,ACT,Andre Reed,Andre,Reed,1964-01-29,74,190,,00-0013499,,,,,,,,,,"https://static.www.nfl.com/image/private/f_auto,q_auto/league/dvoxixlob0avjbmgmazk",REE121548,,32005245-4512-1548-cc8d-3d5d15882853,,,
1994,MIN,WR,WR,0,ACT,Jake Reed,Willie,Reed,1967-09-28,75,215,,00-0013512,,,,,,,,,,"https://static.www.nfl.com/image/private/f_auto,q_auto/league/gjgvkcbek18a0if67o7p",REE455805,,32005245-4545-5805-5d4a-ea30965d91d5,,,
1994,NYG,OL,G,0,ACT,Darren Reese,Darren,Reese,1970-10-25,76,285,,00-0013533,,,,,,,,,,"https://static.www.nfl.com/image/private/f_auto,q_auto/league/lv74ddwlke6svd0sycny",REE516579,,32005245-4551-6579-36d1-900f74a3b202,,,
1994,ARI,WR,WR,0,ACT,Bryan Reeves,Bryan,Reeves,1970-07-10,71,195,,00-0013543,,,,,,,,,,"https://static.www.nfl.com/image/private/f_auto,q_auto/league/t95stfdjdkcuotguunbn",REE718971,,32005245-4571-8971-7204-89cbc8bb3b4e,,,
1994,CLE,TE,TE,0,RES,Walter Reeves,Walter,Reeves,1965-12-16,76,270,,00-0013551,,,,,,,,,,"https://static.www.nfl.com/image/private/f_auto,q_auto/league/rct8e2y47enj2vxuzr3a",REE810320,,32005245-4581-0320-437a-149b44816c12,,,
1994,BUF,QB,QB,0,ACT,Frank Reich,Frank,Reich,1961-12-04,76,205,,00-0013558,,,,,,,,,,"https://static.www.nfl.com/image/private/f_auto,q_auto/league/nkpm0bxnw4rcborbzelx",REI026793,,32005245-4902-6793-850e-df01d2010403,,,
1994,HOU,OL,OT,0,ACT,Jim Reid,James,Reid,1971-02-13,78,306,,00-0013566,,,,,,,,,,"https://static.www.nfl.com/image/private/f_auto,q_auto/league/fi35ma5h9vjleejhjck9",REI282723,,32005245-4928-2723-4e4a-07237cd58c4a,,,
1994,PHI,DL,DT,0,ACT,Leonard Renfro,Leonard,Renfro,1970-06-29,74,291,,00-0013592,,,,,,,,,,"https://static.www.nfl.com/image/private/f_auto,q_auto/league/c70cyjbz6jqyswmejadc",REN189999,,32005245-4e18-9999-8e8c-8f2d65b46829,,,
1994,MIN,SPEC,K,0,ACT,Fuad Reveiz,Fuad,Reveiz,1963-02-24,71,222,,00-0013607,,,,,,,,,,"https://static.www.nfl.com/image/private/f_auto,q_auto/league/my9qszxymoryeklcvfvw",REV415291,,32005245-5641-5291-512a-8688888b05f7,,,
1994,DAL,OL,OT,0,ACT,Jerry Reynolds,Jerry,Reynolds,1970-04-02,78,300,,00-0013616,,,,,,,,,,"https://static.www.nfl.com/image/private/f_auto,q_auto/league/gh1hcgbophkbnoahvvyi",REY307101,,32005245-5930-7101-f79e-72e7dcb79c98,,,
1994,NE,DB,CB,0,ACT,Ricky Reynolds,Derrick,Reynolds,1965-01-19,71,190,,00-0013618,,,,,,,,,,"https://static.www.nfl.com/image/private/f_auto,q_auto/league/rejyumre3kwztszss1w5",REY146571,,32005245-5914-6571-2da3-2260f4edc005,,,
1994,NO,WR,WR,0,RES,Steve Rhem,Steve,Rhem,1971-11-09,74,212,,00-0013621,,,,,,,,,,"https://static.www.nfl.com/image/private/f_auto,q_auto/league/fdxz23gaevtl9atlc1qx",RHE606962,,32005248-4560-6962-83c4-de130c05a14b,,,
1994,TB,RB,RB,0,ACT,Errict Rhett,Errict,Rhett,1970-12-11,71,211,,00-0013622,,,,,,,,,,"https://static.www.nfl.com/image/private/f_auto,q_auto/league/cbybojhyxejpmwmftyn8",RHE718773,,32005248-4571-8773-fccb-1e6120dde2aa,,,
1994,SF,WR,WR,80,ACT,Jerry Rice,Jerry,Rice,1962-10-13,74,200,,00-0013639,,,,,,,,,,"https://static.www.nfl.com/image/private/f_auto,q_auto/league/g1vjcnbryx3nmg0ppsnl",RIC128880,,32005249-4312-8880-7059-4b61cd069146,,,
1994,SD,DB,FS,0,ACT,Stanley Richard,Stanley,Richard,1967-10-21,74,197,,00-0013655,,,,,,,,,,"https://static.www.nfl.com/image/private/f_auto,q_auto/league/f8xj1si8ovwkt0i86ofz",RIC218380,,32005249-4321-8380-111c-1bee85ffbbaf,,,
1994,ATL,OL,G,62,ACT,David Richards,David,Richards,1966-04-11,77,310,,00-0013658,,,,,,,,,,"https://static.www.nfl.com/image/private/f_auto,q_auto/league/anz0ndpwb3ffem0ryv2y",RIC229120,,32005249-4322-9120-9e9b-b4ccdfe83936,,,
1994,HOU,QB,QB,0,ACT,Bucky Richardson,John,Richardson,1969-02-07,73,228,,00-0013671,,,,,,,,,,"https://static.www.nfl.com/image/private/f_auto,q_auto/league/vzgiabpu5orbfyperlhy",RIC562980,,32005249-4356-2980-9f34-9a2e6fe4075c,,,
1994,CIN,RB,RB,0,CUT,Terry Richardson,Terry,Richardson,1971-10-08,73,205,,00-0013692,,,,,,,,,,"https://static.www.nfl.com/image/private/f_auto,q_auto/league/wlrslq7a147iumd9nbnu",RIC622920,,32005249-4362-2920-aaa3-4a777d8c87c5,,,
1994,NO,OL,G,0,CUT,Tom Ricketts,Thomas,Ricketts,1965-11-21,77,305,,00-0013709,,,,,,,,,,"https://static.www.nfl.com/image/private/f_auto,q_auto/league/dbd2sbxcpayxgfgauytr",RIC787600,,32005249-4378-7600-6726-5f157e398656,,,
1994,CLE,DB,DB,0,ACT,Louis Riddick,Louis,Riddick,1969-03-15,74,215,,00-0013717,,,,,,,,,,"https://static.www.nfl.com/image/private/f_auto,q_auto/league/q4qbxb8fypzkb755th7v",RID085537,,32005249-4408-5537-fd99-796733b39c56,,,
1994,NYG,OL,OT,0,ACT,Doug Riesenberg,Douglas,Riesenberg,1965-07-22,77,275,,00-0013730,,,,,,,,,,"https://static.www.nfl.com/image/private/f_auto,q_auto/league/o1cmicyjxoavn48xujdn",RIE498348,,32005249-4549-8348-77b5-7b77bd4515ad,,,
1994,ATL,WR,WR,0,ACT,Andre Rison,Andre,Rison,1967-03-18,73,188,,00-0013770,,,,,,,,,,"https://static.www.nfl.com/image/private/f_auto,q_auto/league/uogm8ckgcd1juwc0qdyo",RIS519110,,32005249-5351-9110-3a50-bd94da4bf453,,,
1994,ATL,OL,G,0,ACT,Jim Ritcher,James,Ritcher,1958-05-21,75,251,,00-0013771,,,,,,,,,,"https://static.www.nfl.com/image/private/f_auto,q_auto/league/x2pyqwhyca536cavt87n",RIT276861,,32005249-5427-6861-2258-96db088d841d,,,
1994,DEN,RB,RB,0,ACT,Reggie Rivers,Reginald,Rivers,1968-02-22,73,215,,00-0013784,,,,,,,,,,"https://static.www.nfl.com/image/private/f_auto,q_auto/league/hhsgr4l6mnqslxz3iesu",RIV657259,,32005249-5665-7259-69dc-f8623ac7e50c,,,
1994,DET,RB,RB,0,ACT,Ron Rivers,Ronald,Rivers,1971-11-13,68,200,,00-0013785,,,,,,,,,,"https://static.www.nfl.com/image/private/f_auto,q_auto/league/zbdow1edykjuuixtri6d",RIV667759,,32005249-5666-7759-6aae-87adaebb32a6,,,
1994,NO,OL,OT,77,ACT,Willie Roaf,William,Roaf,1970-04-18,77,300,,00-0013791,,,,,,,,,,"https://static.www.nfl.com/image/private/f_auto,q_auto/league/vbhqmy7sz7crxafuzqkx",ROA625630,,3200524f-4162-5630-2d2d-01fb07558434,,,
1994,RAI,DL,DE,0,ACT,Austin Robbins,Austin,Robbins,1971-03-01,78,300,,00-0013796,,,,,,,,,,"https://static.www.nfl.com/image/private/f_auto,q_auto/league/iv4bmtuqymwcltzx2nkl",ROB031598,,3200524f-4203-1598-3e80-166446d22afe,,,
1994,SEA,OL,OT,0,RES,Ray Roberts,Richard,Roberts,1969-06-03,78,304,,00-0013822,,,,,,,,,,"https://static.www.nfl.com/image/private/f_auto,q_auto/league/brkkytiehseq6qhvtlxy",ROB239242,,3200524f-4223-9242-86d4-87937482ee24,,,
1994,HOU,DL,DT,0,ACT,Tim Roberts,Timothy,Roberts,1969-04-14,78,318,,00-0013825,,,,,,,,,,"https://static.www.nfl.com/image/private/f_auto,q_auto/league/kj4mf5dipnixag9mp21f",ROB248659,,3200524f-4224-8659-1b24-b9724ab838c4,,,
1994,NYG,OL,G,0,ACT,William Roberts,William,Roberts,1962-08-05,77,280,,00-0013827,,,,,,,,,,"https://static.www.nfl.com/image/private/f_auto,q_auto/league/lmcgsxv1iehtz0fnetyx",ROB293396,,3200524f-4229-3396-b56a-5e8ce116b3b8,,,
1994,HOU,DB,FS,31,ACT,Marcus Robertson,Marcus,Robertson,1969-10-02,71,197,,00-0013835,,,,,,,,,,"https://static.www.nfl.com/image/private/f_auto,q_auto/league/boeig25llysegem2def0",ROB359145,,3200524f-4235-9145-ee37-a44acb4d0e9f,,,
1994,HOU,LB,OLB,0,ACT,Eddie Robinson,Eddie,Robinson,1970-04-13,73,245,,00-0013858,,,,,,,,,,"https://static.www.nfl.com/image/private/f_auto,q_auto/league/soeuxhhf0s6dvclhnizc",ROB410788,,3200524f-4241-0788-1a82-551073123071,,,
1994,SEA,DB,FS,0,RES,Eugene Robinson,Eugene,Robinson,1963-05-28,73,191,,00-0013860,,,,,,,,,,"https://static.www.nfl.com/image/private/f_auto,q_auto/league/x4ysa9nxd923gw6lfwgr",ROB424316,,3200524f-4242-4316-1e95-d1d6ed128cec,,,
1994,RAI,RB,RB,0,PUP,Greg Robinson,Greg,Robinson,1969-08-07,70,200,,00-0013867,,,,,,,,,,"https://static.www.nfl.com/image/private/f_auto,q_auto/league/po4mxglpxhnlrkkfnmu8",ROB492026,,3200524f-4249-2026-bb98-187799cc5e78,,,
1994,DEN,DL,DE,0,ACT,Jeff Robinson,Jeffrey,Robinson,1970-02-20,76,265,,00-0013872,,,,,,,,,,"https://static.www.nfl.com/image/private/f_auto,q_auto/league/hzr4biseccoanwj3jfhb",ROB528138,,3200524f-4252-8138-ed17-934e3b2e45af,,,
1994,ARI,WR,WR,0,ACT,Patrick Robinson,Patrick,Robinson,1969-10-03,68,176,,00-0013895,,,,,,,,,,"https://static.www.nfl.com/image/private/f_auto,q_auto/league/asp2z3wwqe6ljuse4wsr",ROB672586,,3200524f-4267-2586-1d24-c8a927c6263d,,,
1994,SEA,DB,DB,0,ACT,Rafael Robinson,Eugene,Robinson,1969-06-19,71,200,,00-0013897,,,,,,,,,,"https://static.www.nfl.com/image/private/f_auto,q_auto/league/apkupnvn91sh71lnst8i",ROB426573,,3200524f-4242-6573-d24a-7233534c3474,,,
1994,WAS,SPEC,P,0,ACT,Reggie Roby,Reginald,Roby,1961-07-30,75,258,,00-0013916,,,,,,,,,,"https://static.www.nfl.com/image/private/f_auto,q_auto/league/ptg4t5wyvmgpo2vc5agc",ROB821548,,3200524f-4282-1548-de4b-fed734194ce6,,,
1994,DET,OL,C,0,ACT,Mark Rodenhauser,Mark,Rodenhauser,1961-06-01,77,280,,00-0013932,,,,,,,,,,"https://static.www.nfl.com/image/private/f_auto,q_auto/league/h4iqmbatmjbpm9iqimzz",ROD166116,,3200524f-4416-6116-e1f1-970cb02063ff,,,
1994,SEA,DL,DT,0,RES,Tyrone Rodgers,Tyrone,Rodgers,1969-04-27,75,266,,00-0013942,,,,,,,,,,"https://static.www.nfl.com/image/private/f_auto,q_auto/league/xjxbqkmekzo8oihlaj6s",ROD563470,,3200524f-4456-3470-96c9-21b519b7be09,,,
1994,ATL,WR,WR,0,CUT,Joe Rogers,Joe,Rogers,1971-05-23,67,161,,00-0013972,,,,,,,,,,"https://static.www.nfl.com/image/private/f_auto,q_auto/league/o5rtr8remvkv6bhiaueo",ROG423594,,3200524f-4742-3594-c4c3-5693945e119a,,,
1994,BUF,LB,LB,0,ACT,Sam Rogers,Sammy,Rogers,1970-05-30,75,245,,00-0013979,,,,,,,,,,"https://static.www.nfl.com/image/private/f_auto,q_auto/league/br0g01kryifa4vua6wat",ROG531180,,3200524f-4753-1180-a6f1-a9aea08ce68b,,,
1994,KC,LB,LB,52,ACT,Tracy Rogers,Tracy,Rogers,1967-08-13,74,241,,00-0013985,,,,,,,,,,"https://static.www.nfl.com/image/private/f_auto,q_auto/league/n4ns0jzwyiexzc0rs4io",ROG650016,,3200524f-4765-0016-4213-9a43a7c4a91a,,,
1994,RAM,LB,LB,0,ACT,Henry Rolling,Henry,Rolling,1965-09-08,74,225,,00-0013997,,,,,,,,,,"https://static.www.nfl.com/image/private/f_auto,q_auto/league/skhaeg6klqdwessfmp3a",ROL726754,,3200524f-4c72-6754-ca85-9dad216b66d3,,,
1994,NO,OL,G,0,RES,Baron Rollins,Baron,Rollins,1970-07-23,76,335,,00-0013998,,,,,,,,,,"https://static.www.nfl.com/image/private/f_auto,q_auto/league/ugasmgpkwbe3pl7jyttr",ROL738754,,3200524f-4c73-8754-125b-9535e2e6cd0b,,,
1994,PHI,LB,OLB,0,ACT,Bill Romanowski,William,Romanowski,1966-04-02,76,231,,00-0014004,,,,,,,,,,"https://static.www.nfl.com/image/private/f_auto,q_auto/league/wet8m0v5w3btxqwpb1cg",ROM323001,,3200524f-4d32-3001-a1ed-cc821c90ddd9,,,
1994,PHI,LB,LB,0,ACT,Ken Rose,Kenny,Rose,1962-06-09,73,215,,00-0014038,,,,,,,,,,"https://static.www.nfl.com/image/private/f_auto,q_auto/league/xln6xjujc8rxtglu4smo",ROS261030,,3200524f-5326-1030-e34d-2d0d6a6cba6b,,,
1994,RAM,WR,WR,0,ACT,Jermaine Ross,Jermaine,Ross,1971-04-27,72,192,,00-0014060,,,,,,,,,,"https://static.www.nfl.com/image/private/f_auto,q_auto/league/uprnskxfaf5ifjspmdjl",ROS613590,,3200524f-5361-3590-fa7a-975d498d1984,,,
1994,ATL,DB,FS,0,ACT,Kevin Ross,Kevin,Ross,1962-01-16,69,185,,00-0014062,,,,,,,,,,"https://static.www.nfl.com/image/private/f_auto,q_auto/league/zmuzdqgjloiz8pgapbik",ROS616980,,3200524f-5361-6980-89d4-da4d261d2514,,,
1994,NO,OL,G,0,ACT,Tom Roth,Thomas,Roth,1968-09-19,77,285,,00-0014078,,,,,,,,,,"https://static.www.nfl.com/image/private/f_auto,q_auto/league/y8qphqnddis4urxgxboq",ROT324216,,3200524f-5432-4216-1ef4-b22d3127e7a5,,,
1994,DEN,SPEC,P,0,ACT,Tom Rouen,Thomas,Rouen,1968-06-09,75,215,,00-0014083,,,,,,,,,,"https://static.www.nfl.com/image/private/f_auto,q_auto/league/buqxq9ri0awmd6ahmy9m",ROU091363,,3200524f-5509-1363-df5a-bebd33089f46,,,
1994,MIN,TE,TE,0,CUT,Ray Rowe,Raymond,Rowe,1969-07-28,74,256,,00-0014101,,,,,,,,,,"https://static.www.nfl.com/image/private/f_auto,q_auto/league/axyv4iwijklsqwwuv6d2",ROW350029,,3200524f-5735-0029-37fb-cde4193c3e8f,,,
1994,PIT,SPEC,P,0,ACT,Mark Royals,Mark,Royals,1965-06-22,77,216,,00-0014115,,,,,,,,,,"https://static.www.nfl.com/image/private/f_auto,q_auto/league/bv8aa1khwpokepn2nb7w",ROY553720,,3200524f-5955-3720-ab15-63c40e9facfa,,,
1994,TB,RB,RB,0,ACT,Mazio Royster,Mazio,Royster,1970-08-03,73,200,,00-0014119,,,,,,,,,,"https://static.www.nfl.com/image/private/f_auto,q_auto/league/xbpjyusivqekqfkwbyqc",ROY679400,,3200524f-5967-9400-f115-0ff3c33d8a5a,,,
1994,RAM,QB,QB,0,CUT,T.J. Rubley,Theron,Rubley,1968-11-29,75,205,,00-0014129,,,,,,,,,,"https://static.www.nfl.com/image/private/f_auto,q_auto/league/rzjwucyed4lfynsw9b0f",RUB608102,,32005255-4260-8102-8d85-227dd08db47d,,,
1994,NE,OL,G,0,ACT,Todd Rucci,Todd,Rucci,1970-07-14,77,291,,00-0014130,,,,,,,,,,"https://static.www.nfl.com/image/private/f_auto,q_auto/league/anhxuurbvihkth9rxm6r",RUC066445,,32005255-4306-6445-12a1-3fd65116978b,,,
1994,CIN,DL,DT,0,ACT,Keith Rucker,Keith,Rucker,1968-11-20,76,340,,00-0014131,,,,,,,,,,"https://static.www.nfl.com/image/private/f_auto,q_auto/league/rt0meta2xijjooh85gn8",RUC586943,,32005255-4358-6943-d273-10e680e84d0b,,,
1994,MIA,OL,C,0,ACT,Tim Ruddy,Timothy,Ruddy,1972-04-27,75,286,,00-0014136,,,,,,,,,,"https://static.www.nfl.com/image/private/f_auto,q_auto/league/jpszlvckhub9zkz89a91",RUD034606,,32005255-4403-4606-b00e-78596daab6a8,,,
1994,NYJ,DL,DE,0,TRC,Coleman Rudolph,Coleman,Rudolph,1970-10-22,76,270,,00-0014142,,,,,,,,,,"https://static.www.nfl.com/image/private/f_auto,q_auto/league/zd9klt07ublhh7t5fdxk",RUD406288,,32005255-4440-6288-c36c-1f396654958f,,,
1994,NYG,DL,DE,0,ACT,Coleman Rudolph,Coleman,Rudolph,1970-10-22,76,270,,00-0014142,,,,,,,,,,"https://static.www.nfl.com/image/private/f_auto,q_auto/league/zd9klt07ublhh7t5fdxk",RUD406288,,32005255-4440-6288-c36c-1f396654958f,,,
1994,MIN,OL,C,0,ACT,Mike Ruether,Michael,Ruether,1962-09-20,76,290,,00-0014149,,,,,,,,,,"https://static.www.nfl.com/image/private/f_auto,q_auto/league/vovx450w15ts12aakwd7",RUE207645,,32005255-4520-7645-59a2-25d9ffbe2afc,,,
1994,GB,OL,OT,75,ACT,Ken Ruettgers,Kenneth,Ruettgers,1962-08-20,78,290,,00-0014150,,,,,,,,,,"https://static.www.nfl.com/image/private/f_auto,q_auto/league/t7mjosrmpijj3uzf5tp3",RUE415290,,32005255-4541-5290-fd09-8776c364c39f,,,
1994,WAS,RB,RB,0,ACT,Tyrone Rush,Tyrone,Rush,1971-02-05,71,196,,00-0014174,,,,,,,,,,"https://static.www.nfl.com/image/private/f_auto,q_auto/league/inhlyzysd6us6kvjxbc9",RUS151178,,32005255-5315-1178-d34b-923c93456200,,,
1994,DEN,WR,WR,0,ACT,Derek Russell,Derek,Russell,1969-06-22,72,179,,00-0014187,,,,,,,,,,"https://static.www.nfl.com/image/private/f_auto,q_auto/league/roiuhxxhqtxteudgplko",RUS459778,,32005255-5345-9778-c85c-20bd5a7dbaed,,,
1994,DEN,RB,RB,0,RES,Leonard Russell,Leonard,Russell,1969-11-17,74,235,,00-0014191,,,,,,,,,,"https://static.www.nfl.com/image/private/f_auto,q_auto/league/ubmf3wlsy9n2qo0vkju3",RUS632676,,32005255-5363-2676-33a5-605eed07417d,,,
1994,DET,WR,WR,0,ACT,Larry Ryans,Larry,Ryans,1971-07-28,71,182,,00-0014230,,,,,,,,,,"https://static.www.nfl.com/image/private/f_auto,q_auto/league/hsnskvtbxecpl2woct8j",RYA785365,,32005259-4178-5365-db72-164fa5c21b71,,,
1994,CLE,QB,QB,0,ACT,Mark Rypien,Mark,Rypien,1962-10-02,76,234,,00-0014234,,,,,,,,,,"https://static.www.nfl.com/image/private/f_auto,q_auto/league/ecuua46m2ktij2lyxfzd",RYP415291,,32005259-5041-5291-7c4f-2355f5f0fc2a,,,
1994,NE,LB,OLB,0,ACT,Dwayne Sabb,Dwayne,Sabb,1969-10-09,76,248,,00-0014236,,,,,,,,,,"https://static.www.nfl.com/image/private/f_auto,q_auto/league/xtung659wwbdqvq1mcsk",SAB670853,,32005341-4267-0853-36e8-bc6db745b0fc,,,
1994,CIN,TE,TE,0,ACT,Troy Sadowski,Troy,Sadowski,1965-12-08,77,250,,00-0014244,,,,,,,,,,"https://static.www.nfl.com/image/private/f_auto,q_auto/league/bemwuijz63aq6vfnjxwz",SAD622935,,32005341-4462-2935-2a5d-d86890b9c25e,,,
1994,CLE,DL,DE,0,ACT,Pio Sagapolutele,Pio,Sagapolutele,1969-11-28,78,297,,00-0014247,,,,,,,,,,"https://static.www.nfl.com/image/private/f_auto,q_auto/league/pyo7kiff5ma8ekl8q2xv",SAG069214,,32005341-4706-9214-5b64-bc59492743aa,,,
1994,KC,DL,DT,0,ACT,Dan Saleaumua,Raymond,Saleaumua,1964-11-25,72,300,,00-0014264,,,,,,,,,,"https://static.www.nfl.com/image/private/f_auto,q_auto/league/nmvj1en3d6vvpcvdqhnw",SAL276860,,32005341-4c27-6860-190b-acffe62fd87c,,,
1994,MIN,QB,QB,0,ACT,Sean Salisbury,Richard,Salisbury,1963-03-09,77,215,,00-0014270,,,,,,,,,,"https://static.www.nfl.com/image/private/f_auto,q_auto/league/i7r8vxt673kc8dunc5lt",SAL498348,,32005341-4c49-8348-1334-b55823809ad7,,,
1994,ARI,TE,TE,0,ACT,Terry Samuels,Terrance,Samuels,1970-09-27,74,254,,00-0014302,,,,,,,,,,"https://static.www.nfl.com/image/private/f_auto,q_auto/league/qj4kf8wvheymfhyzwh6w",SAM723801,,32005341-4d72-3801-3316-bc0b6232384f,,,
1994,DET,RB,RB,20,ACT,Barry Sanders,Barry,Sanders,1968-07-16,68,203,,00-0014313,,,,,,,,,,"https://static.www.nfl.com/image/private/f_auto,q_auto/league/pj2ldftirqvwh3c9pljr",SAN194381,,32005341-4e19-4381-6151-9abf30504634,,,
1994,SF,DB,CB,0,ACT,Deion Sanders,Deion,Sanders,1967-08-09,73,187,,00-0014324,,,,,,,,,,"https://static.www.nfl.com/image/private/f_auto,q_auto/league/hgcom8m5korxg0lvnxhj",SAN282736,,32005341-4e28-2736-9bcf-df916eb4e7b1,,,
1994,DEN,LB,LB,0,CUT,Glenell Sanders,Glenell,Sanders,1966-11-04,73,237,,00-0014329,,,,,,,,,,"https://static.www.nfl.com/image/private/f_auto,q_auto/league/ieofmkf71qici5buezbp",SAN335749,,32005341-4e33-5749-f4a7-5dca39aa6633,,,
1994,ATL,WR,WR,0,ACT,Ricky Sanders,Ricky Wayne,Sanders,1962-08-30,71,180,,00-0014333,,,,,,,,,,"https://static.www.nfl.com/image/private/f_auto,q_auto/league/b0ovvzsbhlhtqgrnqej6",SAN459446,,32005341-4e45-9446-d196-0c99d4c8af9e,,,
1994,SF,OL,G,0,ACT,Jesse Sapolu,Manase,Sapolu,1961-03-10,76,278,,00-0014354,,,,,,,,,,"https://static.www.nfl.com/image/private/f_auto,q_auto/league/whhck5gdpbzevftjv0aa",SAP415290,,32005341-5041-5290-f891-991f6d1a1621,,,
1994,CIN,OL,OT,0,ACT,Kevin Sargent,Kevin,Sargent,1969-03-31,78,284,,00-0014363,,,,,,,,,,"https://static.www.nfl.com/image/private/f_auto,q_auto/league/x5rgkwgifo3pwpe3dvb4",SAR399318,,32005341-5239-9318-56a0-cd3c801dc716,,,
1994,WAS,DB,DB,0,ACT,Sebastian Savage,Sebastian,Savage,1969-12-12,70,196,,00-0014389,,,,,,,,,,"https://static.www.nfl.com/image/private/f_auto,q_auto/league/rs3k359mhecyorxwat36",SAV160491,,32005341-5616-0491-a918-11d23a1c64c4,,,
1994,CIN,DB,CB,0,ACT,Corey Sawyer,Corey,Sawyer,1971-10-04,71,171,,00-0014397,,,,,,,,,,"https://static.www.nfl.com/image/private/f_auto,q_auto/league/inlmz9gjeqioov0n7kdy",SAW127180,,32005341-5712-7180-743b-32f0f7ce2ecf,,,
1994,MIA,RB,FB,0,ACT,James Saxon,James,Saxon,1966-03-23,71,239,,00-0014403,,,,,,,,,,"https://static.www.nfl.com/image/private/f_auto,q_auto/league/o64mxoglzn9cgv6akj5m",SAX207645,,32005341-5820-7645-78a6-d418fe462d37,,,
1994,MIN,SPEC,P,0,ACT,Mike Saxon,Michael,Saxon,1962-07-10,75,202,,00-0014404,,,,,,,,,,"https://static.www.nfl.com/image/private/f_auto,q_auto/league/ldkathhx9ncboyirerp1",SAX415290,,32005341-5841-5290-4174-9a3804fb01fa,,,
1994,CLE,OL,G,0,RES,Mike Schad,Michael,Schad,1963-10-02,77,290,,00-0014423,,,,,,,,,,"https://static.www.nfl.com/image/private/f_auto,q_auto/league/sbvvquwukqbmdiiaagv7",SCH021666,,32005343-4802-1666-7521-36d9830a3203,,,
1994,WAS,OL,G,0,ACT,Mark Schlereth,Mark,Schlereth,1966-01-25,75,278,,00-0014449,,,,,,,,,,"https://static.www.nfl.com/image/private/f_auto,q_auto/league/gdojftvaivo3kdqbzlvt",SCH209438,,32005343-4820-9438-22f6-4c1073e1bbf1,,,
1994,NYG,OL,C,0,ACT,Adam Schreiber,Adam,Schreiber,1962-02-20,76,290,,00-0014486,,,,,,,,,,"https://static.www.nfl.com/image/private/f_auto,q_auto/league/lw67jkldom891bzxus9t",SCH498318,,32005343-4849-8318-3d09-c58e236c847d,,,
1994,GB,WR,WR,0,ACT,Bill Schroeder,William,Schroeder,1971-01-09,75,195,,00-0014489,,,,,,,,,,"https://static.www.nfl.com/image/private/f_auto,q_auto/league/xtharhdrjchxqtltrk30",SCH523595,,32005343-4852-3595-e5c3-865d79799ea8,,,
1994,ARI,QB,QB,0,ACT,Jay Schroeder,Jay,Schroeder,1961-06-28,76,215,,00-0014490,,,,,,,,,,"https://static.www.nfl.com/image/private/f_auto,q_auto/league/s7029osiaxseohwol3la",SCH519984,,32005343-4851-9984-93d2-439234350fe6,,,
1994,HOU,OL,OT,0,ACT,Bill Schultz,William,Schultz,1967-05-01,77,305,,00-0014508,,,,,,,,,,"https://static.www.nfl.com/image/private/f_auto,q_auto/league/uq6edpx6xurrvv5c15qv",SCH671646,,32005343-4867-1646-a93c-bc8f6f132a2f,,,
1994,BUF,DB,DB,0,ACT,Kurt Schulz,Kurt,Schulz,1968-12-12,72,208,,00-0014512,,,,,,,,,,"https://static.www.nfl.com/image/private/f_auto,q_auto/league/nwqvgerrnu2wkvnojgao",SCH682479,,32005343-4868-2479-a57e-d3a8d857e502,,,
1994,DAL,LB,LB,52,ACT,Jim Schwantz,James,Schwantz,1970-01-23,74,231,,00-0014518,,,,,,,,,,"https://static.www.nfl.com/image/private/f_auto,q_auto/league/hynx8xt5s7p66zvcm6gj",SCH745310,,32005343-4874-5310-c71a-6690597065ed,,,
1994,CIN,WR,WR,0,ACT,Darnay Scott,Darnay,Scott,1972-07-07,73,180,,00-0014544,,,,,,,,,,"https://static.www.nfl.com/image/private/f_auto,q_auto/league/parvdthv81x0j4z6jlb6",SCO230712,,32005343-4f23-0712-35d0-238300b97a53,,,
1994,DET,DB,CB,0,RES,Kevin Scott,Kevin,Scott,1969-05-19,69,175,,00-0014561,,,,,,,,,,"https://static.www.nfl.com/image/private/f_auto,q_auto/league/u4qt6hdd3bgoxkhxmq1e",SCO450468,,32005343-4f45-0468-8f90-165c0f904d1d,,,
1994,MIN,DB,S,0,ACT,Todd Scott,Todd,Scott,1968-01-23,71,204,,00-0014579,,,,,,,,,,"https://static.www.nfl.com/image/private/f_auto,q_auto/league/gui0wceeanbuqfhh7gny",SCO710594,,32005343-4f71-0594-943b-42677143bb68,,,
1994,DEN,OL,OT,0,ACT,Kirk Scrafford,Kirk,Scrafford,1967-03-16,78,265,,00-0014592,,,,,,,,,,"https://static.www.nfl.com/image/private/f_auto,q_auto/league/ov2w1zvixmpsnkybl40z",SCR276860,,32005343-5227-6860-1115-9cacd22cc81c,,,
1994,DET,LB,OLB,0,ACT,Tracy Scroggins,Tracy,Scroggins,1969-09-11,74,255,,00-0014596,,,,,,,,,,"https://static.www.nfl.com/image/private/f_auto,q_auto/league/m6pzuyr4cfkch2vuhx6q",SCR622935,,32005343-5262-2935-3503-8946f1d7053e,,,
1994,PIT,DL,DE,0,ACT,Ray Seals,Raymond,Seals,1965-06-17,75,290,,00-0014610,,,,,,,,,,"https://static.www.nfl.com/image/private/f_auto,q_auto/league/tlcg32xj1xqxbdfzbjjn",SEA437140,,32005345-4143-7140-8855-48d16a97a954,,,
1994,PIT,OL,OT,0,ACT,Leon Searcy,Leon,Searcy,1969-12-21,76,304,,00-0014616,,,,,,,,,,"https://static.www.nfl.com/image/private/f_auto,q_auto/league/cxuwmtr0bufnvculap5w",SEA497162,,32005345-4149-7162-32e9-026ff81373ab,,,
1994,SD,LB,OLB,55,ACT,Junior Seau,Tiaina,Seau,1969-01-19,75,250,,00-0014619,,,,,,,,,,"https://static.www.nfl.com/image/private/f_auto,q_auto/league/tjckhgwowsqmlzvxebcp",SEA743138,,32005345-4174-3138-5f56-5a31fe9a7972,,,
1994,SD,WR,WR,0,ACT,Mark Seay,Mark,Seay,1967-04-11,72,175,,00-0014623,,,,,,,,,,"https://static.www.nfl.com/image/private/f_auto,q_auto/league/rvatmz60nwqpdfthyi32",SEA780812,,32005345-4178-0812-397f-cc18e38704b9,,,
1994,NYG,DB,SAF,0,ACT,Jason Sehorn,Jason,Sehorn,1971-04-15,74,212,,00-0014637,,,,,,,,,,"https://static.www.nfl.com/image/private/f_auto,q_auto/league/uiozonf6wmaffwue19qe",SEH474619,,32005345-4847-4619-a9a8-43ad34748184,,,
1994,PHI,OL,G,0,ACT,Rob Selby,Robert,Selby,1967-10-11,76,286,,00-0014644,,,,,,,,,,"https://static.www.nfl.com/image/private/f_auto,q_auto/league/srndu4dugwr5viyvoslq",SEL094383,,32005345-4c09-4383-d8d9-7c61b5b1982d,,,
1994,DET,OL,G,0,RES,Tony Semple,Anthony,Semple,1970-12-20,77,286,,00-0014660,,,,,,,,,,"https://static.www.nfl.com/image/private/f_auto,q_auto/league/vzvbt1fu4l2xnqhdqk6g",SEM622937,,32005345-4d62-2937-5273-ff84c60f8ade,,,
1994,ARI,OL,OT,0,RES,Luis Sharpe,Luis,Sharpe,1960-06-16,77,295,,00-0014720,,,,,,,,,,"https://static.www.nfl.com/image/private/f_auto,q_auto/league/ljq3kd1phepixk38qkli",SHA447237,,32005348-4144-7237-b025-dcab3bbc1a8c,,,
1994,DEN,TE,TE,84,ACT,Shannon Sharpe,Shannon,Sharpe,1968-06-26,74,230,,00-0014722,,,,,,,,,,"https://static.www.nfl.com/image/private/f_auto,q_auto/league/pl9dwxqbdarzuirkjeri",SHA468534,,32005348-4146-8534-482b-14025594bb3f,,,
1994,GB,WR,WR,0,RES,Sterling Sharpe,Sterling,Sharpe,1965-04-06,72,207,,00-0014723,,,,,,,,,,"https://static.www.nfl.com/image/private/f_auto,q_auto/league/bslcx5nft2cxkr4cjx9k",SHA489831,,32005348-4148-9831-2b33-073db5545c58,,,
1994,CIN,LB,LB,0,CUT,Eric Shaw,Eric,Shaw,1971-09-17,75,248,,00-0014732,,,,,,,,,,"https://static.www.nfl.com/image/private/f_auto,q_auto/league/meths7kozbv9rv0q01iz",SHA585667,,32005348-4158-5667-cddd-f4987c08bdcd,,,
1994,PHI,OL,OT,0,CUT,Rickie Shaw,Rickie,Shaw,1969-12-26,76,294,,00-0014737,,,,,,,,,,"https://static.www.nfl.com/image/private/f_auto,q_auto/league/yjuhe8eg22x9w7s3rw42",SHA693051,,32005348-4169-3051-5e6c-8f76c804d90f,,,
1994,NYJ,WR,WR,0,TRC,Kenny Shedd,Kendrick,Shedd,1971-02-14,70,166,,00-0014753,,,,,,,,,,"https://static.www.nfl.com/image/private/f_auto,q_auto/league/beyfwmhyvnvjemuebvtz",SHE114861,,32005348-4511-4861-29c6-1d844890f38e,,,
1994,CHI,WR,WR,0,ACT,Kenny Shedd,Kendrick,Shedd,1971-02-14,70,166,,00-0014753,,,,,,,,,,"https://static.www.nfl.com/image/private/f_auto,q_auto/league/beyfwmhyvnvjemuebvtz",SHE114861,,32005348-4511-4861-29c6-1d844890f38e,,,
1994,ATL,DB,DB,0,ACT,Elbert Shelley,Elbert,Shelley,1964-12-24,71,185,,00-0014765,,,,,,,,,,"https://static.www.nfl.com/image/private/f_auto,q_auto/league/iya0zxganrdp0grpqlrw",SHE335749,,32005348-4533-5749-20d8-d62799964ddc,,,
1994,WAS,WR,WR,0,ACT,Leslie Shepherd,Leslie,Shepherd,1969-11-03,71,189,,00-0014790,,,,,,,,,,"https://static.www.nfl.com/image/private/f_auto,q_auto/league/fksi7e7xttslnuxhacuj",SHE515177,,32005348-4551-5177-e4e4-fdfbe9c311af,,,
1994,MIN,LB,LB,0,ACT,Ashley Sheppard,Ashley,Sheppard,1969-01-21,75,243,,00-0014793,,,,,,,,,,"https://static.www.nfl.com/image/private/f_auto,q_auto/league/tn30wsrhvzxanuxq6tei",SHE538965,,32005348-4553-8965-df07-93e595a81bec,,,
1994,NYG,WR,WR,0,ACT,Mike Sherrard,Michael,Sherrard,1963-06-21,73,187,,00-0014800,,,,,,,,,,"https://static.www.nfl.com/image/private/f_auto,q_auto/league/pqaplm8zrwkvqatbj5ku",SHE759853,,32005348-4575-9853-6934-7879d4e63f1e,,,
1994,KC,OL,G,68,ACT,Will Shields,Will,Shields,1971-09-15,75,299,,00-0014811,,,,,,,,,,"https://static.www.nfl.com/image/private/f_auto,q_auto/league/og9gtuexb3qijoqw0abg",SHI231768,,32005348-4923-1768-2e2f-910c6678e89e,,,
1994,CIN,LB,LB,0,RES,Steve Shine,Steven,Shine,1970-11-28,78,232,,00-0014813,,,,,,,,,,"https://static.www.nfl.com/image/private/f_auto,q_auto/league/lvsvfcy2dh8kos0scpel",SHI251521,,32005348-4925-1521-63e5-5ad65431c21f,,,
1994,NYG,LB,LB,0,ACT,Pete Shufelt,Peter,Shufelt,1969-10-28,75,241,,00-0014838,,,,,,,,,,"https://static.www.nfl.com/image/private/f_auto,q_auto/league/npdunyyc5hpxfrmwgo4o",SHU048450,,32005348-5504-8450-89b0-833145d1c4d5,,,
1994,WAS,QB,QB,0,ACT,Heath Shuler,Joseph,Shuler,1971-12-31,74,221,,00-0014843,,,,,,,,,,"https://static.www.nfl.com/image/private/f_auto,q_auto/league/ungw2296v8wmr3xbq5dd",SHU320982,,32005348-5532-0982-1e7d-57ed60ea665b,,,
1994,KC,OL,OT,0,ACT,Ricky Siglar,Ricky,Siglar,1966-06-14,79,304,,00-0014869,,,,,,,,,,"https://static.www.nfl.com/image/private/f_auto,q_auto/league/ex7ttz04dpicxoynibs7",SIG332232,,32005349-4733-2232-4a3a-b912fffeb732,,,
1994,KC,LB,MLB,0,ACT,Tracy Simien,Tracy,Simien,1967-05-21,73,250,,00-0014886,,,,,,,,,,"https://static.www.nfl.com/image/private/f_auto,q_auto/league/vtj8al8ngp5ygi2ti6j6",SIM059323,,32005349-4d05-9323-fb1d-71840a0793a3,,,
1994,ARI,DL,DE,0,ACT,Clyde Simmons,Clyde,Simmons,1964-08-04,77,280,,00-0014894,,,,,,,,,,"https://static.www.nfl.com/image/private/f_auto,q_auto/league/q9nlwhwgzhq1ukf08lgm",SIM131830,,32005349-4d13-1830-fbb0-2e7f6985865a,,,
1994,WAS,OL,OT,0,ACT,Ed Simmons,Edward,Simmons,1963-12-31,77,300,,00-0014897,,,,,,,,,,"https://static.www.nfl.com/image/private/f_auto,q_auto/league/yjlvbpbgi95bte6bggvb",SIM171379,,32005349-4d17-1379-267e-e13d2f9ed626,,,
1994,CIN,DB,CB,0,CUT,Marcello Simmons,Marcello,Simmons,1971-08-08,73,180,,00-0014907,,,,,,,,,,"https://static.www.nfl.com/image/private/f_auto,q_auto/league/zyd8pzloxwr55ju93upz",SIM270251,,32005349-4d27-0251-bb8d-a2bc779447ae,,,
1994,GB,LB,LB,0,ACT,Wayne Simmons,Wayne,Simmons,1969-12-15,74,240,,00-0014921,,,,,,,,,,"https://static.www.nfl.com/image/private/f_auto,q_auto/league/bescnsp3ssib0kbo5hkn",SIM336166,,32005349-4d33-6166-678e-f412ca6a6c75,,,
1994,CHI,DL,DT,98,ACT,Carl Simpson,Carl,Simpson,1970-04-18,75,282,,00-0014942,,,,,,,,,,"https://static.www.nfl.com/image/private/f_auto,q_auto/league/xpjzhjczupnjvqey4jdq",SIM482121,,32005349-4d48-2121-b73e-4b191b4248b9,,,
1994,PIT,OL,G,0,ACT,Tim Simpson,Timothy,Simpson,1969-03-05,74,296,,00-0014947,,,,,,,,,,"https://static.www.nfl.com/image/private/f_auto,q_auto/league/ybzv8u6tkhjfppfkqd1f",SIM613009,,32005349-4d61-3009-9924-d081e9a77513,,,
1994,GB,OL,OT,0,ACT,Joe Sims,Joseph,Sims,1969-03-01,75,310,,00-0014957,,,,,,,,,,"https://static.www.nfl.com/image/private/f_auto,q_auto/league/nvhdpcqzi9kjoqw3cfy3",SIM736600,,32005349-4d73-6600-5551-95aaeeefdced,,,
1994,MIA,OL,G,0,ACT,Keith Sims,Keith,Sims,1967-06-17,75,303,,00-0014960,,,,,,,,,,"https://static.www.nfl.com/image/private/f_auto,q_auto/league/jbsy6ixziviouewcibv9",SIM738248,,32005349-4d73-8248-4065-b286bb10bfb9,,,
1994,IND,DL,NT,0,ACT,Tom Sims,Thomas,Sims,1967-04-18,74,291,,00-0014972,,,,,,,,,,"https://static.www.nfl.com/image/private/f_auto,q_auto/league/now0vlocfy78ny5rs9v1",SIM823965,,32005349-4d82-3965-c381-f943f3dace03,,,
1994,MIN,LB,LB,0,ACT,William Sims,William,Sims,1970-12-30,75,265,,00-0014976,,,,,,,,,,"https://static.www.nfl.com/image/private/f_auto,q_auto/league/bvbpfa5xqvhieearsb0p",SIM827274,,32005349-4d82-7274-1d0e-f3a1e5a736a9,,,
1994,SEA,DL,DE,70,ACT,Michael Sinclair,Michael,Sinclair,1968-01-31,76,271,,00-0014980,,,,,,,,,,"https://static.www.nfl.com/image/private/f_auto,q_auto/league/iffeasxuwf8rr2xoanqj",SIN025955,,32005349-4e02-5955-5054-dec7c0b5dd66,,,
1994,MIA,LB,OLB,0,RES,Chris Singleton,Chris,Singleton,1967-02-20,74,242,,00-0014992,,,,,,,,,,"https://static.www.nfl.com/image/private/f_auto,q_auto/league/ixob6vjlmuvzbv0ffqf4",SIN363377,,32005349-4e36-3377-b19b-2ab55160efb9,,,
1994,SF,WR,WR,88,ACT,Nate Singleton,Nathaniel,Singleton,1968-07-05,71,190,,00-0014994,,,,,,,,,,"https://static.www.nfl.com/image/private/f_auto,q_auto/league/szpr08qfa5pnmchuvt2f",SIN441243,,32005349-4e44-1243-8bd4-b2702830fad9,,,
1994,IND,DL,DT,0,ACT,Tony Siragusa,Anthony,Siragusa,1967-05-14,75,303,,00-0015002,,,,,,,,,,"https://static.www.nfl.com/image/private/f_auto,q_auto/league/j3oe8ulzmyaatferjut8",SIR276861,,32005349-5227-6861-76bb-dd9037fe5341,,,
1994,NE,OL,G,0,RES,Doug Skene,Douglas,Skene,1970-06-17,78,295,,00-0015016,,,,,,,,,,"https://static.www.nfl.com/image/private/f_auto,q_auto/league/ntoodap31xt6iaohkb57",SKE622937,,3200534b-4562-2937-d04a-ae393d78adb5,,,
1994,RAI,OL,OT,0,ACT,Greg Skrepenak,Gregory,Skrepenak,1970-01-31,79,310,,00-0015025,,,,,,,,,,"https://static.www.nfl.com/image/private/f_auto,q_auto/league/x2aa82jscmsotxtkechv",SKR177981,,3200534b-5217-7981-ddd6-c8c16cc62bef,,,
1994,NE,LB,OLB,0,ACT,Chris Slade,Christopher,Slade,1971-01-30,77,232,,00-0015030,,,,,,,,,,"https://static.www.nfl.com/image/private/f_auto,q_auto/league/uxfuamobcn0yzf6bmm75",SLA168710,,3200534c-4116-8710-8e39-93d4cef6d32c,,,
1994,RAM,OL,OT,0,ACT,Jackie Slater,Jackie,Slater,1954-05-27,76,285,,00-0015035,,,,,,,,,,"https://static.www.nfl.com/image/private/f_auto,q_auto/league/m92iuko3ddgrhcwhnldy",SLA363377,,3200534c-4136-3377-13fe-7f321cb0819c,,,
1994,HOU,WR,WR,0,ACT,Webster Slaughter,Webster,Slaughter,1964-10-19,73,175,,00-0015042,,,,,,,,,,"https://static.www.nfl.com/image/private/f_auto,q_auto/league/pvtykqojznih7slz5cag",SLA726754,,3200534c-4172-6754-4578-59a46eac5c5e,,,
1994,NO,WR,WR,0,ACT,Torrance Small,Torrance,Small,1970-09-04,75,201,,00-0015063,,,,,,,,,,"https://static.www.nfl.com/image/private/f_auto,q_auto/league/qxbzc6vtbzgblualfdhg",SMA691563,,3200534d-4169-1563-30ea-3f44e0440455,,,
1994,NO,LB,LB,0,ACT,Joel Smeenge,Joel,Smeenge,1968-04-01,78,250,,00-0015070,,,,,,,,,,"https://static.www.nfl.com/image/private/f_auto,q_auto/league/pmy1h9fxewbdhl6241x5",SME166116,,3200534d-4516-6116-f60b-b187b9b08a2b,,,
1994,HOU,LB,MLB,54,ACT,Al Smith,Al,Smith,1964-11-26,73,244,,00-0015083,,,,,,,,,,"https://static.www.nfl.com/image/private/f_auto,q_auto/league/sesfxriywkn6w9kxceyy",SMI027840,,3200534d-4902-7840-2747-d0801dedef8f,,,
1994,CIN,DL,DE,0,ACT,Artie Smith,Artie,Smith,1970-05-15,77,303,,00-0015092,,,,,,,,,,"https://static.www.nfl.com/image/private/f_auto,q_auto/league/rwnvh1lwludvtg3jgc3l",SMI044080,,3200534d-4904-4080-4236-8ceaa6d25a03,,,
1994,SF,DL,DE,0,TRC,Artie Smith,Artie,Smith,1970-05-15,77,303,,00-0015092,,,,,,,,,,"https://static.www.nfl.com/image/private/f_auto,q_auto/league/rwnvh1lwludvtg3jgc3l",SMI044080,,3200534d-4904-4080-4236-8ceaa6d25a03,,,
1994,BUF,DL,DE,78,ACT,Bruce Smith,Bruce,Smith,1963-06-18,76,273,,00-0015111,,,,,,,,,,"https://static.www.nfl.com/image/private/f_auto,q_auto/league/z1isuze9urlmeriqctgo",SMI088160,,3200534d-4908-8160-d71f-32a05d10ad92,,,
1994,WAS,RB,FB,0,ACT,Cedric Smith,Cedric,Smith,1968-05-27,71,223,,00-0015119,,,,,,,,,,"https://static.www.nfl.com/image/private/f_auto,q_auto/league/vku1qxplolhugyvwdqwg",SMI116000,,3200534d-4911-6000-a1d9-eb2c3982eafa,,,
1994,ATL,DL,DE,0,RES,Chuck Smith,Charles,Smith,1969-12-21,74,254,,00-0015124,,,,,,,,,,"https://static.www.nfl.com/image/private/f_auto,q_auto/league/zu038iuwuau2dh1slzfs",SMI136060,,3200534d-4913-6060-9f2e-c845eb12ae90,,,
1994,DAL,LB,OLB,59,ACT,Darrin Smith,Darrin,Smith,1970-04-15,73,227,,00-0015132,,,,,,,,,,"https://static.www.nfl.com/image/private/f_auto,q_auto/league/ymgalcbqbpvyfiyrwu2n",SMI160080,,3200534d-4916-0080-5320-03772c70748a,,,
1994,DEN,DB,FS,0,ACT,Dennis Smith,Dennis,Smith,1959-02-03,75,200,,00-0015146,,,,,,,,,,"https://static.www.nfl.com/image/private/f_auto,q_auto/league/pmntutaiaumrq4o3vdbx",SMI194880,,3200534d-4919-4880-8b02-a2311477a619,,,
1994,DAL,RB,RB,22,ACT,Emmitt Smith,Emmitt,Smith,1969-05-15,69,209,,00-0015165,,,,,,,,,,"https://static.www.nfl.com/image/private/f_auto,q_auto/league/ub78gyoyi3x1wlaow49n",SMI259840,,3200534d-4925-9840-40c8-0590516dc9de,,,
1994,MIN,DL,DE,0,ACT,Fernando Smith,Fernando,Smith,1971-08-02,78,270,,00-0015171,,,,,,,,,,"https://static.www.nfl.com/image/private/f_auto,q_auto/league/f66ujulgmu2ldcysjkv3",SMI271440,,3200534d-4927-1440-4b61-031954a3d7ee,,,
1994,MIA,DB,CB,0,ACT,Frankie Smith,Frankie,Smith,1968-10-08,69,186,,00-0015173,,,,,,,,,,"https://static.www.nfl.com/image/private/f_auto,q_auto/league/xvidn72xijis2c8xjr3j",SMI280720,,3200534d-4928-0720-12ca-deffcb6bb149,,,
1994,NO,TE,TE,82,ACT,Irv Smith,Irvin,Smith,1971-10-13,75,246,,00-0015195,,,,,,,,,,"https://static.www.nfl.com/image/private/f_auto,q_auto/league/rwk5uk0g3czcvypbf37m",SMI342200,,3200534d-4934-2200-2c42-cf3d489ac8a8,,,
1994,RAI,TE,TE,0,CUT,Kevin Smith,Kevin,Smith,1969-07-25,76,255,,00-0015237,,,,,,,,,,"https://static.www.nfl.com/image/private/f_auto,q_auto/league/ujsscsmaorchsz8sulgh",SMI462430,,3200534d-4946-2430-5f7e-7ecc02d07af3,,,
1994,DAL,DB,CB,26,ACT,Kevin Smith,Kevin,Smith,1970-04-07,71,180,,00-0015238,,,,,,,,,,"https://static.www.nfl.com/image/private/f_auto,q_auto/league/dfcn6hdp0msq5qd1kqyz",SMI462840,,3200534d-4946-2840-c999-11303abf8a40,,,
1994,SEA,RB,RB,36,RES,Lamar Smith,Lamar,Smith,1970-11-29,71,230,,00-0015242,,,,,,,,,,"https://static.www.nfl.com/image/private/f_auto,q_auto/league/azpa7woawftkxq959ydj",SMI463420,,3200534d-4946-3420-a4a9-b526c4a3437f,,,
1994,NYG,OL,G,0,ACT,Lance Smith,Lance,Smith,1963-01-01,75,285,,00-0015243,,,,,,,,,,"https://static.www.nfl.com/image/private/f_auto,q_auto/league/nn9aqnuwxqpdb9sfgkls",SMI464000,,3200534d-4946-4000-7d43-9350aff17c8b,,,
1994,KC,DL,DE,0,ACT,Neil Smith,Neil,Smith,1966-04-10,76,273,,00-0015267,,,,,,,,,,"https://static.www.nfl.com/image/private/f_auto,q_auto/league/lgukc3ktennbqyxwgyoo",SMI533600,,3200534d-4953-3600-514c-2bc89795675b,,,
1994,PHI,DB,CB,0,ACT,Otis Smith,Otis,Smith,1965-10-22,71,184,,00-0015270,,,,,,,,,,"https://static.www.nfl.com/image/private/f_auto,q_auto/league/ondqfqq2zu6udh2ndfml",SMI568400,,3200534d-4956-8400-4c4c-484d7aca7433,,,
1994,MIN,RB,RB,26,ACT,Robert Smith,Robert,Smith,1972-03-04,74,195,,00-0015286,,,,,,,,,,"https://static.www.nfl.com/image/private/f_auto,q_auto/league/vafotzomk3qpdy5o4ri8",SMI663984,,3200534d-4966-3984-5269-7d166464dc4a,,,
1994,NE,DB,CB,0,ACT,Rod Smith,Rodney,Smith,1970-03-12,71,188,,00-0015289,,,,,,,,,,"https://static.www.nfl.com/image/private/f_auto,q_auto/league/qudg7miygilq2ccjpyvc",SMI665376,,3200534d-4966-5376-6f3d-475ce4df90d7,,,
1994,HOU,WR,WR,0,CUT,Sherman Smith,Sherman,Smith,1970-11-28,68,,,00-0015301,,,,,,,,,,"https://static.www.nfl.com/image/private/f_auto,q_auto/league/rctklo6qrh0hzr19lrya",SMI714185,,3200534d-4971-4185-d98b-b770195c1943,,,
1994,SEA,RB,FB,0,ACT,Steve Smith,Steven,Smith,1964-08-30,73,242,,00-0015306,,,,,,,,,,"https://static.www.nfl.com/image/private/f_auto,q_auto/league/vv0ivi8ovgf1dtq2kqhm",SMI728480,,3200534d-4972-8480-5e79-dcb885692e21,,,
1994,BUF,DB,CB,0,ACT,Thomas Smith,Thomas,Smith,1970-12-05,71,188,,00-0015314,,,,,,,,,,"https://static.www.nfl.com/image/private/f_auto,q_auto/league/seji9biy2vgscqpjhrvd",SMI744720,,3200534d-4974-4720-58ac-cb4ce98f0935,,,
1994,ATL,RB,RB,0,CUT,Tony Smith,Tony,Smith,1970-06-29,73,224,,00-0015326,,,,,,,,,,"https://static.www.nfl.com/image/private/f_auto,q_auto/league/dqgan8jgcbn4aissvplr",SMI757248,,3200534d-4975-7248-faea-5fcdf2f94a95,,,
1994,HOU,DB,DB,0,CUT,Tracy Smith,Tracy,Smith,1969-08-05,69,190,,00-0015328,,,,,,,,,,"https://static.www.nfl.com/image/private/f_auto,q_auto/league/h1xgjldne06zoltvtlvh",SMI763280,,3200534d-4976-3280-474b-c315bc9fff52,,,
1994,WAS,OL,G,0,ACT,Vernice Smith,Vernice,Smith,1965-10-24,75,256,,00-0015334,,,,,,,,,,"https://static.www.nfl.com/image/private/f_auto,q_auto/league/feamd6xbnpnirmsi6ttn",SMI774880,,3200534d-4977-4880-19a5-665e7b85cd47,,,
1994,CHI,LB,OLB,55,ACT,Vinson Smith,Vinson,Smith,1965-07-03,74,236,,00-0015336,,,,,,,,,,"https://static.www.nfl.com/image/private/f_auto,q_auto/league/esxifrgjlr2wul5dbbip",SMI779520,,3200534d-4977-9520-9eda-1d7bee0db2c1,,,
1994,PIT,OL,OT,0,ACT,Ariel Solomon,Ariel,Solomon,1968-07-16,77,290,,00-0015388,,,,,,,,,,"https://static.www.nfl.com/image/private/f_auto,q_auto/league/xtsucuok3exj8lvrfmp3",SOL174074,,3200534f-4c17-4074-e85b-f6bcab9a8ef6,,,
1994,MIA,LB,LB,0,ACT,Jesse Solomon,Jesse,Solomon,1963-11-04,72,249,,00-0015391,,,,,,,,,,"https://static.www.nfl.com/image/private/f_auto,q_auto/league/wvqre0sgeehtdouei9um",SOL276861,,3200534f-4c27-6861-5002-33219fc27044,,,
1994,NYG,DB,CB,0,ACT,Phillippi Sparks,Phillippi,Sparks,1969-04-15,71,186,,00-0015437,,,,,,,,,,"https://static.www.nfl.com/image/private/f_auto,q_auto/league/mb1y5he39y7qsaxjk1vd",SPA663847,,32005350-4166-3847-41b9-184e53b8cbe8,,,
1994,CHI,OL,OT,76,ACT,Marcus Spears,Marcus,Spears,1971-09-28,76,300,,00-0015441,,,,,,,,,,"https://static.www.nfl.com/image/private/f_auto,q_auto/league/fwz8zh1nb0z81z6xmgs8",SPE094446,,32005350-4509-4446-5826-0dc3babf27ed,,,
1994,CLE,DB,DB,0,TRD,Del Speer,Delfoncio,Speer,1970-02-01,72,200,,00-0015445,,,,,,,,,,"https://static.www.nfl.com/image/private/f_auto,q_auto/league/oyzy8ix6kb4qftcfjkau",SPE266284,,32005350-4526-6284-d56e-da0983356aa0,,,
1994,SEA,DB,DB,0,ACT,Del Speer,Delfoncio,Speer,1970-02-01,72,200,,00-0015445,,,,,,,,,,"https://static.www.nfl.com/image/private/f_auto,q_auto/league/oyzy8ix6kb4qftcfjkau",SPE266284,,32005350-4526-6284-d56e-da0983356aa0,,,
1994,CHI,DL,DE,90,ACT,Alonzo Spellman,Alonzo,Spellman,1971-09-27,76,280,,00-0015450,,,,,,,,,,"https://static.www.nfl.com/image/private/f_auto,q_auto/league/g5vobdr5hbrbonyhwjs1",SPE387482,,32005350-4538-7482-7610-fd1c17237202,,,
1994,ATL,WR,WR,0,ACT,Darryl Spencer,Darryl,Spencer,1970-03-21,68,172,,00-0015455,,,,,,,,,,"https://static.www.nfl.com/image/private/f_auto,q_auto/league/ejzyf7f0kul2vpcoqwok",SPE458956,,32005350-4545-8956-1dc8-dc7b6f4d8c97,,,
1994,NO,DB,CB,0,ACT,Jimmy Spencer,James,Spencer,1969-03-29,70,180,,00-0015460,,,,,,,,,,"https://static.www.nfl.com/image/private/f_auto,q_auto/league/oiffzzmjeycczbrl5llf",SPE526203,,32005350-4552-6203-40f5-7ace2b81f1c8,,,
1994,DET,LB,ILB,0,ACT,Chris Spielman,Charles,Spielman,1965-10-11,72,247,,00-0015469,,,,,,,,,,"https://static.www.nfl.com/image/private/f_auto,q_auto/league/tdnkqoa7tu4ecwxsi8bs",SPI155733,,32005350-4915-5733-da52-ef1b372119a3,,,
1994,MIA,RB,RB,0,ACT,Irving Spikes,Irving,Spikes,1970-12-21,68,215,,00-0015472,,,,,,,,,,"https://static.www.nfl.com/image/private/f_auto,q_auto/league/h3fhpsgigxqip7pzxtqp",SPI248305,,32005350-4924-8305-1231-8d3c3b65536c,,,
1994,DET,DL,NT,0,ACT,Marc Spindler,Marc,Spindler,1969-11-28,77,290,,00-0015476,,,,,,,,,,"https://static.www.nfl.com/image/private/f_auto,q_auto/league/lseu2efniiwqomst2g7a",SPI467199,,32005350-4946-7199-81b6-49d1e7c8c946,,,
1994,SEA,LB,LB,0,ACT,Bob Spitulski,Robert,Spitulski,1969-09-10,75,235,,00-0015478,,,,,,,,,,"https://static.www.nfl.com/image/private/f_auto,q_auto/league/zbjx5nu9vr3gcfhajzep",SPI648887,,32005350-4964-8887-ccf4-199674847fcf,,,
1994,IND,WR,WR,0,ACT,Brian Stablein,Brian,Stablein,1970-04-14,73,185,,00-0015507,,,,,,,,,,"https://static.www.nfl.com/image/private/f_auto,q_auto/league/dsbexg5qjzsjjqfdyeos",STA006807,,32005354-4100-6807-d705-676c238a5762,,,
1994,CIN,DL,DE,0,ACT,Ramondo Stallings,Ramondo,Stallings,1971-11-21,79,285,,00-0015527,,,,,,,,,,"https://static.www.nfl.com/image/private/f_auto,q_auto/league/ejemsqyq8usiinbggzcu",STA251896,,32005354-4125-1896-8be2-ef2bd8e1b43a,,,
1994,CLE,LB,OLB,0,ACT,Frank Stams,Frank,Stams,1965-07-17,74,230,,00-0015541,,,,,,,,,,"https://static.www.nfl.com/image/private/f_auto,q_auto/league/ov5xyx4offfcelhm5gfb",STA340400,,32005354-4134-0400-d780-d5ffb09255e3,,,
1994,NE,DL,DT,0,ACT,Sylvester Stanley,Sylvester,Stanley,1970-05-14,74,286,,00-0015556,,,,,,,,,,"https://static.www.nfl.com/image/private/f_auto,q_auto/league/sd2gdq6bzgbi2gb7zero",STA458754,,32005354-4145-8754-ef80-8530fd82ff18,,,
1994,TB,DB,CB,0,RES,Tony Stargell,Tony,Stargell,1966-08-07,71,190,,00-0015569,,,,,,,,,,"https://static.www.nfl.com/image/private/f_auto,q_auto/league/haxjq5eyocg2mtkooodf",STA517408,,32005354-4151-7408-56b9-7229bd0b3456,,,
1994,IND,SPEC,P,0,ACT,Rohn Stark,Rohn,Stark,1959-05-04,75,203,,00-0015572,,,,,,,,,,"https://static.www.nfl.com/image/private/f_auto,q_auto/league/qfft9qxvqwqfkzv9cq0g",STA558256,,32005354-4155-8256-92a7-1883fdbfe0d3,,,
1994,IND,OL,G,0,ACT,Joe Staysniak,Joseph,Staysniak,1966-12-08,77,296,,00-0015597,,,,,,,,,,"https://static.www.nfl.com/image/private/f_auto,q_auto/league/xlbraa9lee2lczl8oiul",STA826042,,32005354-4182-6042-4294-b61402d126b6,,,
1994,PIT,DL,NT,0,ACT,Joel Steed,Joel,Steed,1969-02-17,74,295,,00-0015603,,,,,,,,,,"https://static.www.nfl.com/image/private/f_auto,q_auto/league/dkxxilgtydk66gfwrtev",STE023595,,32005354-4502-3595-4194-d4dacb6ba413,,,
1994,CIN,WR,WR,0,CUT,Milt Stegall,Milt,Stegall,1970-01-25,72,184,,00-0015615,,,,,,,,,,"https://static.www.nfl.com/image/private/f_auto,q_auto/league/jdrhhdi7ooicl8itofdc",STE117975,,32005354-4511-7975-d945-d99ce6a0537b,,,
1994,RAI,OL,G,0,ACT,Richard Stephens,Michard,Stephens,1965-01-01,79,300,,00-0015649,,,,,,,,,,"https://static.www.nfl.com/image/private/f_auto,q_auto/league/xbxxf9zqbk435soldrqr",STE438867,,32005354-4543-8867-e8ff-75315d252c5b,,,
1994,SEA,LB,MLB,0,ACT,Rod Stephens,Rodrequis,Stephens,1966-06-14,73,237,,00-0015650,,,,,,,,,,"https://static.www.nfl.com/image/private/f_auto,q_auto/league/rj0e1wapwbdgpjrorzb5",STE443586,,32005354-4544-3586-3ae0-8832915a67ad,,,
1994,CIN,LB,LB,0,ACT,Santo Stephens,Santo,Stephens,1969-06-16,76,232,,00-0015651,,,,,,,,,,"https://static.www.nfl.com/image/private/f_auto,q_auto/league/xttn2dbrqqcm1tfuriot",STE448305,,32005354-4544-8305-d8ca-88d62a6b4259,,,
1994,DAL,OL,C,0,ACT,Mark Stepnoski,Mark,Stepnoski,1967-01-20,74,264,,00-0015663,,,,,,,,,,"https://static.www.nfl.com/image/private/f_auto,q_auto/league/np7igh1cepbetdpqd15v",STE509652,,32005354-4550-9652-fcf7-3ac3f9228760,,,
1994,MIN,OL,OT,0,ACT,Todd Steussie,Todd,Steussie,1970-12-01,78,298,,00-0015668,,,,,,,,,,"https://static.www.nfl.com/image/private/f_auto,q_auto/league/u3yr70wausfhxgng2xl4",STE599313,,32005354-4559-9313-7ed1-14fa33cb790b,,,
1994,MIA,DB,S,0,ACT,Michael Stewart,Michael,Stewart,1965-07-12,71,199,,00-0015702,,,,,,,,,,"https://static.www.nfl.com/image/private/f_auto,q_auto/league/ywxg3bzjdkj0mthlvskn",STE792792,,32005354-4579-2792-b589-43cfb9415a57,,,
1994,WAS,WR,WR,0,RES,Mark Stock,Mark,Stock,1966-04-27,71,180,,00-0015738,,,,,,,,,,"https://static.www.nfl.com/image/private/f_auto,q_auto/league/uopzyzhof9x2d3up4qeo",STO067800,,32005354-4f06-7800-94bc-a07f0a6a0469,,,
1994,RAM,DL,DE,0,ACT,Fred Stokes,Louis,Stokes,1964-03-14,75,274,,00-0015749,,,,,,,,,,"https://static.www.nfl.com/image/private/f_auto,q_auto/league/p9sgqr9ua3kqiou5zhrl",STO271200,,32005354-4f27-1200-2e79-0a9bc3b69f2d,,,
1994,PIT,WR,WR,0,ACT,Dwight Stone,Dwight,Stone,1964-01-28,72,180,,00-0015759,,,,,,,,,,"https://static.www.nfl.com/image/private/f_auto,q_auto/league/gcisaxpznlmzy02cdsb5",STO372900,,32005354-4f37-2900-682c-c818fe6bd148,,,
1994,DAL,OL,OT,0,ACT,Ron Stone,Ronald,Stone,1971-07-20,77,309,,00-0015761,,,,,,,,,,"https://static.www.nfl.com/image/private/f_auto,q_auto/league/hikd6qr4nyzjhlqwceke",STO433637,,32005354-4f43-3637-79c6-0260bfbb3cf4,,,
1994,NO,LB,LB,0,CUT,Mike Stonebreaker,Michael,Stonebreaker,1967-01-14,72,226,,00-0015763,,,,,,,,,,"https://static.www.nfl.com/image/private/f_auto,q_auto/league/ksqa0cfrl29cqb5txsrp",STO467850,,32005354-4f46-7850-5f9d-269a8b3650c3,,,
1994,CLE,SPEC,K,0,ACT,Matt Stover,John,Stover,1968-01-27,71,178,,00-0015784,,,,,,,,,,"https://static.www.nfl.com/image/private/f_auto,q_auto/league/po28eupvc1y6rytcvtfs",STO772332,,32005354-4f77-2332-ea64-1ed2a65ed496,,,
1994,WAS,LB,MLB,0,ACT,Tyronne Stowe,Tyronne,Stowe,1965-05-30,73,250,,00-0015787,,,,,,,,,,"https://static.www.nfl.com/image/private/f_auto,q_auto/league/evgquoij8wlxjhbnrkjx",STO800482,,32005354-4f80-0482-2f32-9fbc0a8a6e5b,,,
1994,KC,TE,TE,0,ACT,Tommie Stowers,Tommie,Stowers,1966-11-18,75,240,,00-0015790,,,,,,,,,,"https://static.www.nfl.com/image/private/f_auto,q_auto/league/vclppgmh0rkttahmhuko",STO808007,,32005354-4f80-8007-6c0e-5c86b80ea84c,,,
1994,HOU,TE,TE,0,TRD,Tommie Stowers,Tommie,Stowers,1966-11-18,75,240,,00-0015790,,,,,,,,,,"https://static.www.nfl.com/image/private/f_auto,q_auto/league/vclppgmh0rkttahmhuko",STO808007,,32005354-4f80-8007-6c0e-5c86b80ea84c,,,
1994,MIA,SPEC,K,0,ACT,Pete Stoyanovich,Peter,Stoyanovich,1967-04-28,71,195,,00-0015791,,,,,,,,,,"https://static.www.nfl.com/image/private/f_auto,q_auto/league/p8f4jbajztaxpujrw1ai",STO815533,,32005354-4f81-5533-c834-16be8c40899f,,,
1994,NYG,DL,DE,0,ACT,Michael Strahan,Michael,Strahan,1971-11-21,77,253,,00-0015795,,,,,,,,,,"https://static.www.nfl.com/image/private/f_auto,q_auto/league/zanyv0vdsqwb6djnnz5j",STR122552,,32005354-5212-2552-5985-f1577ca7fd79,,,
1994,GB,LB,MLB,0,ACT,Fred Strickland,Fredrick,Strickland,1966-08-15,74,250,,00-0015817,,,,,,,,,,"https://static.www.nfl.com/image/private/f_auto,q_auto/league/tns6oq0r9agmye3f6fl8",STR394156,,32005354-5239-4156-2f5c-2079f2b83de6,,,
1994,BUF,QB,QB,0,ACT,Rick Strom,Richard,Strom,1965-03-11,74,197,,00-0015827,,,,,,,,,,"https://static.www.nfl.com/image/private/f_auto,q_auto/league/ccgci9wjdeytdkbxikir",STR591234,,32005354-5259-1234-16b5-cdf49914bb70,,,
1994,SEA,RB,RB,38,ACT,Mack Strong,Mack,Strong,1971-09-11,72,221,,00-0015830,,,,,,,,,,"https://static.www.nfl.com/image/private/f_auto,q_auto/league/b4bixlcjyx3xyoqq40bd",STR638743,,32005354-5263-8743-d880-d94d40db332f,,,
1994,DEN,RB,RB,0,ACT,Deon Strother,Deonshawn,Strother,1972-04-12,71,213,,00-0015835,,,,,,,,,,"https://static.www.nfl.com/image/private/f_auto,q_auto/league/ttp3rcspahgg1qlno5vf",STR696811,,32005354-5269-6811-ac4e-f8908119ecc1,,,
1994,TB,SPEC,P,0,ACT,Dan Stryzinski,Daniel,Stryzinski,1965-05-15,74,195,,00-0015842,,,,,,,,,,"https://static.www.nfl.com/image/private/f_auto,q_auto/league/c7i9oicqgtjauvncuseo",STR788312,,32005354-5278-8312-abc8-fb864fc8ada0,,,
1994,PIT,OL,G,0,ACT,Justin Strzelczyk,Justin,Strzelczyk,1968-08-18,78,295,,00-0015843,,,,,,,,,,"https://static.www.nfl.com/image/private/f_auto,q_auto/league/vjr26crinbcxj9d69kaf",STR802389,,32005354-5280-2389-9b93-e39c908df862,,,
1994,SF,DL,DT,0,ACT,Dana Stubblefield,Dana,Stubblefield,1970-11-14,74,302,,00-0015847,,,,,,,,,,"https://static.www.nfl.com/image/private/f_auto,q_auto/league/w1dpkacp23oeene6txmq",STU105903,,32005354-5510-5903-1a8f-fec91f587328,,,
1994,DAL,DB,DB,0,ACT,Darren Studstill,Darren,Studstill,1970-08-09,73,186,,00-0015856,,,,,,,,,,"https://static.www.nfl.com/image/private/f_auto,q_auto/league/sl0o7fgrjgykrys5rpqy",STU426061,,32005354-5542-6061-a9fe-7813e21a4ee6,,,
1994,TB,OL,G,0,ACT,Mike Sullivan,Michael,Sullivan,1967-12-22,75,290,,00-0015894,,,,,,,,,,"https://static.www.nfl.com/image/private/f_auto,q_auto/league/udcxu8omzcktib8n73jf",SUL573489,,32005355-4c57-3489-c55a-bdc202cc7a7b,,,
1994,CLE,LB,LB,0,ACT,Eddie Sutter,Edward,Sutter,1969-10-03,75,235,,00-0015918,,,,,,,,,,"https://static.www.nfl.com/image/private/f_auto,q_auto/league/n93jo6txl45o3vl4zen8",SUT283135,,32005355-5428-3135-7c25-8088280070da,,,
1994,DEN,WR,WR,0,ACT,Charles Swann,Charles,Swann,1970-10-29,73,188,,00-0015946,,,,,,,,,,"https://static.www.nfl.com/image/private/f_auto,q_auto/league/clesqyvdntuupvrvkygd",SWA308232,,32005357-4130-8232-35b4-917d24565337,,,
1994,ARI,DL,DT,98,ACT,Eric Swann,Eric,Swann,1970-08-16,77,310,,00-0015947,,,,,,,,,,"https://static.www.nfl.com/image/private/f_auto,q_auto/league/ysolunufhbzbqkziiw2r",SWA320232,,32005357-4132-0232-9ded-77886f4a5040,,,
1994,ARI,QB,QB,0,CUT,Chris Swartz,Chris,Swartz,1968-03-24,75,195,,00-0015956,,,,,,,,,,"https://static.www.nfl.com/image/private/f_auto,q_auto/league/e0cr9rll8u3flcp5vjlo",SWA677214,,32005357-4167-7214-f4cb-faee4b84e49f,,,
1994,SD,OL,OT,0,ACT,Harry Swayne,Harry,Swayne,1965-02-02,77,295,,00-0015958,,,,,,,,,,"https://static.www.nfl.com/image/private/f_auto,q_auto/league/inpoyyqclsem5uaojukc",SWA775208,,32005357-4177-5208-b88c-0d80b5d8fea1,,,
1994,NYJ,OL,C,0,ACT,Jim Sweeney,James,Sweeney,1962-08-08,76,284,,00-0015962,,,,,,,,,,"https://static.www.nfl.com/image/private/f_auto,q_auto/league/bd0e5sz40gmh7ctwerkp",SWE177981,,32005357-4517-7981-14be-abfd2c246fbb,,,
1994,DET,LB,OLB,0,ACT,Pat Swilling,Patrick,Swilling,1964-10-25,75,243,,00-0015974,,,,,,,,,,"https://static.www.nfl.com/image/private/f_auto,q_auto/league/iwr4sdfcniiv3in5opjr",SWI355962,,32005357-4935-5962-f3d6-976550921735,,,
1994,PHI,WR,WR,0,ACT,Jeff Sydner,Jeffrey,Sydner,1969-11-11,66,170,,00-0015987,,,,,,,,,,"https://static.www.nfl.com/image/private/f_auto,q_auto/league/evlxzceecc3f8iljtpjj",SYD264111,,32005359-4426-4111-3ffd-278d2b6aa56e,,,
1994,KC,OL,G,0,ACT,David Szott,David,Szott,1967-12-12,76,290,,00-0016002,,,,,,,,,,"https://static.www.nfl.com/image/private/f_auto,q_auto/league/p2x7uancnhgvmpfyedld",SZO553722,,3200535a-4f55-3722-cbd2-2de599237399,,,
1994,BUF,LB,OLB,0,ACT,Darryl Talley,Darryl,Talley,1960-07-10,76,235,,00-0016029,,,,,,,,,,"https://static.www.nfl.com/image/private/f_auto,q_auto/league/y8mr0c7ltwaqy5m4vstp",TAL533943,,32005441-4c53-3943-b77f-ef7a1b507bbb,,,
1994,SF,OL,G,0,ACT,Ralph Tamm,Ralph,Tamm,1966-03-11,76,280,,00-0016038,,,,,,,,,,"https://static.www.nfl.com/image/private/f_auto,q_auto/league/uhb6y4aamxnnqnrkxtbz",TAM498348,,32005441-4d49-8348-fd6f-9a929a96d91c,,,
1994,BUF,WR,WR,0,RES,Steve Tasker,Steven,Tasker,1962-04-10,69,181,,00-0016055,,,,,,,,,,"https://static.www.nfl.com/image/private/f_auto,q_auto/league/eommdtyypsuowoksvxuz",TAS415290,,32005441-5341-5290-a3ed-8c591fcb94af,,,
1994,IND,DB,S,49,ACT,David Tate,David,Tate,1964-11-22,73,200,,00-0016057,,,,,,,,,,"https://static.www.nfl.com/image/private/f_auto,q_auto/league/qqkbochbd5vh47uattec",TAT151014,,32005441-5415-1014-5ebf-91db4c3d8fb3,,,
1994,ARI,WR,WR,0,RES,Will Tate,Will,Tate,1971-02-05,70,170,,00-0016065,,,,,,,,,,"https://static.www.nfl.com/image/private/f_auto,q_auto/league/lvkporgshvhfmkqyxbsu",TAT465792,,32005441-5446-5792-d849-0ce75b8ee311,,,
1994,GB,OL,G,0,PUP,Aaron Taylor,Aaron,Taylor,1972-11-14,76,307,,00-0016077,,,,,,,,,,"https://static.www.nfl.com/image/private/f_auto,q_auto/league/xl7gwquycqfm2gvndrmk",TAY004236,,32005441-5900-4236-1b1f-807b8281ee70,,,
1994,KC,DB,DB,0,ACT,Jay Taylor,Emanuel,Taylor,1967-11-08,70,170,,00-0016113,,,,,,,,,,"https://static.www.nfl.com/image/private/f_auto,q_auto/league/ygfg6fjek9zzdxch1elf",TAY177975,,32005441-5917-7975-be2d-0f298c7c837e,,,
1994,SF,WR,WR,0,ACT,John Taylor,John,Taylor,1962-03-31,73,185,,00-0016118,,,,,,,,,,"https://static.www.nfl.com/image/private/f_auto,q_auto/league/js3eu9wheisi1ywsaopl",TAY406800,,32005441-5940-6800-f106-1741fcb793b1,,,
1994,WAS,DB,DB,0,RES,Keith Taylor,Keith,Taylor,1964-12-21,71,206,,00-0016121,,,,,,,,,,"https://static.www.nfl.com/image/private/f_auto,q_auto/league/sq5m6kz3g4qi3kitblol",TAY457650,,32005441-5945-7650-ae34-e798983597c0,,,
1994,SEA,DB,DB,0,ACT,Terry Taylor,Terry,Taylor,1961-07-18,70,175,,00-0016145,,,,,,,,,,"https://static.www.nfl.com/image/private/f_auto,q_auto/league/bjtj2522ihcrvium88uh",TAY728850,,32005441-5972-8850-bc34-5f7d7a3e68b6,,,
1994,GB,DB,FS,0,ACT,George Teague,George,Teague,1971-02-18,73,190,,00-0016157,,,,,,,,,,"https://static.www.nfl.com/image/private/f_auto,q_auto/league/gjnwwrdztjhg0pewhnsh",TEA196394,,32005445-4119-6394-3696-718f41a47567,,,
1994,HOU,DL,DE,0,RES,Mike Teeter,Michael,Teeter,1967-10-04,74,260,,00-0016164,,,,,,,,,,"https://static.www.nfl.com/image/private/f_auto,q_auto/league/fpbpgjdwsx4wskddmtdo",TEE426540,,32005445-4542-6540-b79c-ff850d9f09ca,,,
1994,IND,DL,DT,0,CUT,Lance Teichelman,Lance,Teichelman,1970-10-21,76,274,,00-0016167,,,,,,,,,,"https://static.www.nfl.com/image/private/f_auto,q_auto/league/wyfgh9py3ateihtrauvt",TEI237308,,32005445-4923-7308-a859-14ea4d13c99b,,,
1994,NYJ,DB,SAF,0,ACT,Pat Terrell,Patrick,Terrell,1968-03-18,73,210,,00-0016182,,,,,,,,,,"https://static.www.nfl.com/image/private/f_auto,q_auto/league/jrhpe4m3nrahfjalbh66",TER415288,,32005445-5241-5288-4ff5-bcf486a08870,,,
1994,KC,DB,DB,0,ACT,Doug Terry,Douglas,Terry,1969-12-12,71,197,,00-0016185,,,,,,,,,,"https://static.www.nfl.com/image/private/f_auto,q_auto/league/zpj8oqygnqlclncrhcft",TER507110,,32005445-5250-7110-50d6-f944b7816fe4,,,
1994,CLE,QB,QB,0,ACT,Vinny Testaverde,Vincent,Testaverde,1963-11-13,77,215,,00-0016193,,,,,,,,,,"https://static.www.nfl.com/image/private/f_auto,q_auto/league/yebpzovaiscoksnjnq6x",TES415290,,32005445-5341-5290-d4d4-20b9ffda1057,,,
1994,DET,OL,OT,0,ACT,Larry Tharpe,Larry,Tharpe,1970-11-19,76,299,,00-0016198,,,,,,,,,,"https://static.www.nfl.com/image/private/f_auto,q_auto/league/axz6fpzy4pfwpd9o6u8g",THA300216,,32005448-4130-0216-e4f1-58065243746d,,,
1994,CHI,LB,LB,94,ACT,John Thierry,John,Thierry,1971-09-04,76,260,,00-0016210,,,,,,,,,,"https://static.www.nfl.com/image/private/f_auto,q_auto/league/iuwlkqbph7pkzdmg0aeg",THI673901,,32005448-4967-3901-a204-ef1515a862da,,,
1994,PIT,WR,WR,82,ACT,Yancey Thigpen,Yancey,Thigpen,1969-08-15,73,208,,00-0016214,,,,,,,,,,"https://static.www.nfl.com/image/private/f_auto,q_auto/league/lb29lzjhag8zdttskkh7",THI679565,,32005448-4967-9565-7e55-d8fd1dcf0b3a,,,
1994,NE,RB,RB,0,TRC,Blair Thomas,Blair,Thomas,1967-10-07,70,202,,00-0016223,,,,,,,,,,"https://static.www.nfl.com/image/private/f_auto,q_auto/league/srltcukdwty3b1j12ydx",THO036372,,32005448-4f03-6372-6284-b79ed7d1d40a,,,
1994,DAL,RB,RB,0,ACT,Blair Thomas,Blair,Thomas,1967-10-07,70,202,,00-0016223,,,,,,,,,,"https://static.www.nfl.com/image/private/f_auto,q_auto/league/srltcukdwty3b1j12ydx",THO036372,,32005448-4f03-6372-6284-b79ed7d1d40a,,,
1994,DET,LB,OLB,0,ACT,Broderick Thomas,Broderick,Thomas,1967-02-20,76,245,,00-0016226,,,,,,,,,,"https://static.www.nfl.com/image/private/f_auto,q_auto/league/emcskaiz5oznh2lfwvzm",THO048496,,32005448-4f04-8496-1869-36d8fa48c04a,,,
1994,SD,DL,DE,0,ACT,Cornell Thomas,Cornell,Thomas,1972-11-11,75,250,,00-0016236,,,,,,,,,,"https://static.www.nfl.com/image/private/f_auto,q_auto/league/rdzfyo1ima5b02oq5k2u",THO088132,,32005448-4f08-8132-6fc0-681ed24b2b08,,,
1994,DAL,DB,CB,0,ACT,Dave Thomas,Dave,Thomas,1968-08-25,75,208,,00-0016242,,,,,,,,,,"https://static.www.nfl.com/image/private/f_auto,q_auto/league/l50tt8rxxl87f7mqmqat",THO093961,,32005448-4f09-3961-f6f5-6777edd7c985,,,
1994,KC,LB,OLB,58,ACT,Derrick Thomas,Derrick,Thomas,1967-01-01,75,242,,00-0016248,,,,,,,,,,"https://static.www.nfl.com/image/private/f_auto,q_auto/league/hc6lml7eziwksy7ng5ot",THO103054,,32005448-4f10-3054-71b0-b3400ba9fb16,,,
1994,NYJ,DB,DB,0,ACT,Eric Thomas,Eric,Thomas,1964-09-11,71,175,,00-0016258,,,,,,,,,,"https://static.www.nfl.com/image/private/f_auto,q_auto/league/crjozxccoqrsxns2yijx",THO157612,,32005448-4f15-7612-8676-cc19ba54ad3d,,,
1994,MIN,DL,DT,0,ACT,Henry Thomas,Henry,Thomas,1965-01-12,74,277,,00-0016269,,,,,,,,,,"https://static.www.nfl.com/image/private/f_auto,q_auto/league/sgtold3zc1gaw6mwwkdf",THO187922,,32005448-4f18-7922-5dd8-21f8b122971e,,,
1994,WAS,DB,DB,0,ACT,Johnny Thomas,Johnny,Thomas,1964-08-03,69,191,,00-0016281,,,,,,,,,,"https://static.www.nfl.com/image/private/f_auto,q_auto/league/sqmkp0mxzkp6cgiplnho",THO260666,,32005448-4f26-0666-cda7-b14488277d6d,,,
1994,TB,WR,WR,0,ACT,Lamar Thomas,Lamar,Thomas,1970-02-12,73,170,,00-0016289,,,,,,,,,,"https://static.www.nfl.com/image/private/f_auto,q_auto/league/jisfukeip8lvrbr0hzi2",THO281883,,32005448-4f28-1883-9682-611565b9f14c,,,
1994,SF,DL,DE,0,ACT,Mark Thomas,Mark,Thomas,1969-05-06,77,273,,00-0016295,,,,,,,,,,"https://static.www.nfl.com/image/private/f_auto,q_auto/league/pceuqrvqavkzvnkg9ujr",THO304615,,32005448-4f30-4615-8074-4fb53e937e06,,,
1994,SEA,WR,WR,0,ACT,Robb Thomas,Robb,Thomas,1966-03-29,71,175,,00-0016314,,,,,,,,,,"https://static.www.nfl.com/image/private/f_auto,q_auto/league/q9rt0gyrjbwxqm3hedda",THO339472,,32005448-4f33-9472-bba0-64658866e86e,,,
1994,HOU,OL,OT,0,ACT,Stan Thomas,Stanley,Thomas,1968-10-28,77,295,,00-0016328,,,,,,,,,,"https://static.www.nfl.com/image/private/f_auto,q_auto/league/udbbtnlwyikiy3thoa9f",THO384937,,32005448-4f38-4937-9555-2c3a1f3c3d8b,,,
1994,BUF,RB,RB,34,ACT,Thurman Thomas,Thurman,Thomas,1966-05-16,70,198,,00-0016331,,,,,,,,,,"https://static.www.nfl.com/image/private/f_auto,q_auto/league/oy5j1auukzykwe8mhhhf",THO387968,,32005448-4f38-7968-c389-f4dd6bf1f06c,,,
1994,PHI,LB,OLB,0,ACT,William Thomas,William,Thomas,1968-08-13,74,218,,00-0016340,,,,,,,,,,"https://static.www.nfl.com/image/private/f_auto,q_auto/league/uzsxgcvbfax0vlrx96u5",THO404941,,32005448-4f40-4941-c48e-f28ff68e85a1,,,
1994,CLE,DB,SAF,0,ACT,Bennie Thompson,Bennie,Thompson,1963-02-10,72,214,,00-0016355,,,,,,,,,,"https://static.www.nfl.com/image/private/f_auto,q_auto/league/iu0re0g3yjumjt0vui0w",THO484960,,32005448-4f48-4960-6b0b-64baf5d76b78,,,
1994,PHI,OL,OT,0,ACT,Broderick Thompson,Broderick,Thompson,1960-08-14,77,295,,00-0016361,,,,,,,,,,"https://static.www.nfl.com/image/private/f_auto,q_auto/league/qftbiptnt494p9kdydil",THO497084,,32005448-4f49-7084-2101-433ee0b5b029,,,
1994,GB,RB,RB,0,ACT,Darrell Thompson,Darrell,Thompson,1967-11-23,72,215,,00-0016368,,,,,,,,,,"https://static.www.nfl.com/image/private/f_auto,q_auto/league/jawaow4h2ogpfuvberyq",THO509208,,32005448-4f50-9208-2b55-5c2080635e42,,,
1994,NE,RB,RB,0,ACT,Leroy Thompson,Ulys,Thompson,1968-02-03,70,217,,00-0016395,,,,,,,,,,"https://static.www.nfl.com/image/private/f_auto,q_auto/league/nkjuelqdotulbeyasenr",THO718347,,32005448-4f71-8347-a391-291eddac1aaf,,,
1994,NYJ,TE,TE,0,ACT,Jim Thornton,James,Thornton,1965-02-08,74,242,,00-0016428,,,,,,,,,,"https://static.www.nfl.com/image/private/f_auto,q_auto/league/gwfkfetb2ntu6f7ethhx",THO781998,,32005448-4f78-1998-1bb9-e0dd81df8036,,,
1994,DEN,WR,WR,0,ACT,Cedric Tillman,Cedric,Tillman,1970-07-22,74,204,,00-0016472,,,,,,,,,,"https://static.www.nfl.com/image/private/f_auto,q_auto/league/lp8lglecrgbzeovryfvm",TIL379692,,32005449-4c37-9692-f00e-0b098dc0f954,,,
1994,CHI,RB,RB,0,ACT,Lewis Tillman,Lewis,Tillman,1966-04-16,72,195,,00-0016478,,,,,,,,,,"https://static.www.nfl.com/image/private/f_auto,q_auto/league/earc05q79zh9wprn4qe8",TIL533943,,32005449-4c53-3943-ecec-80a53f51276b,,,
1994,HOU,RB,RB,0,ACT,Spencer Tillman,Spencer,Tillman,1964-04-21,71,206,,00-0016480,,,,,,,,,,"https://static.www.nfl.com/image/private/f_auto,q_auto/league/jwvctrhyhhhaooepkyyd",TIL652597,,32005449-4c65-2597-8c5e-19931ab010cc,,,
1994,NE,WR,WR,0,ACT,Michael Timpson,Michael,Timpson,1967-06-06,70,175,,00-0016487,,,,,,,,,,"https://static.www.nfl.com/image/private/f_auto,q_auto/league/wm7lpfwmyj7qztqcq798",TIM692150,,32005449-4d69-2150-2ef7-55ef27c50be6,,,
1994,BUF,RB,FB,0,ACT,Tim Tindale,Timothy,Tindale,1971-04-15,70,220,,00-0016489,,,,,,,,,,"https://static.www.nfl.com/image/private/f_auto,q_auto/league/v9mdybz5kdy3goe3enpm",TIN057679,,32005449-4e05-7679-20b9-cdc19f3ce384,,,
1994,ATL,LB,OLB,0,ACT,Ken Tippins,Kenneth,Tippins,1966-07-22,73,235,,00-0016496,,,,,,,,,,"https://static.www.nfl.com/image/private/f_auto,q_auto/league/huemgzulqxzo4tbbsymg",TIP207644,,32005449-5020-7644-d94f-6c3c36c14b3f,,,
1994,ATL,OL,C,0,ACT,Robbie Tobeck,Robert,Tobeck,1970-03-06,76,275,,00-0016505,,,,,,,,,,"https://static.www.nfl.com/image/private/f_auto,q_auto/league/vgafsynwxgkmvmv5i431",TOB078787,,3200544f-4207-8787-1922-42e69ae8bf58,,,
1994,SEA,OL,C,0,ACT,Joe Tofflemire,Joseph,Tofflemire,1965-07-07,75,273,,00-0016518,,,,,,,,,,"https://static.www.nfl.com/image/private/f_auto,q_auto/league/kaufftb5ompy2wwky5x5",TOF276861,,3200544f-4627-6861-6f07-757a9f652bd1,,,
1994,DAL,DL,DE,92,ACT,Tony Tolbert,Tony,Tolbert,1967-12-29,78,263,,00-0016524,,,,,,,,,,"https://static.www.nfl.com/image/private/f_auto,q_auto/league/eq7tbdtje7n86bqxlwcy",TOL226521,,3200544f-4c22-6521-5cd2-59602f90f194,,,
1994,HOU,QB,QB,0,ACT,Billy Joe Tolliver,Billy,Tolliver,1966-02-07,73,218,,00-0016534,,,,,,,,,,"https://static.www.nfl.com/image/private/f_auto,q_auto/league/gicrwvf1hnole5b41azb",TOL755070,,3200544f-4c75-5070-b3c2-ef2aa8ec3c86,,,
1994,PIT,QB,QB,0,ACT,Mike Tomczak,Michael,Tomczak,1962-10-23,73,195,,00-0016538,,,,,,,,,,"https://static.www.nfl.com/image/private/f_auto,q_auto/league/bjdgcglvb0wufq0kujfl",TOM553720,,3200544f-4d55-3720-23d5-b3d0159f32bd,,,
1994,IND,RB,RB,0,ACT,Ed Toner,Edward,Toner,1968-03-22,72,240,,00-0016542,,,,,,,,,,"https://static.www.nfl.com/image/private/f_auto,q_auto/league/mkguvc897s6riwp3vl8j",TON375148,,3200544f-4e37-5148-3ada-70810f90a9e3,,,
1994,DET,QB,QB,0,ACT,Gino Torretta,Gino,Torretta,1970-08-10,75,219,,00-0016560,,,,,,,,,,"https://static.www.nfl.com/image/private/f_auto,q_auto/league/yxce6b3hlrvhjd66qvuv",TOR699174,,3200544f-5269-9174-a914-31b164c7ff22,,,
1994,CIN,LB,MLB,58,ACT,Steve Tovar,Steven,Tovar,1970-04-25,75,244,,00-0016568,,,,,,,,,,"https://static.www.nfl.com/image/private/f_auto,q_auto/league/wtlg2kxlubpiefdfs5um",TOV059326,,3200544f-5605-9326-20db-96e25d9579be,,,
1994,PHI,DL,DE,0,ACT,Greg Townsend,Gregory,Townsend,1961-11-03,75,275,,00-0016578,,,,,,,,,,"https://static.www.nfl.com/image/private/f_auto,q_auto/league/hwnynib0tdt4x60kb2ox",TOW702801,,3200544f-5770-2801-aafc-f34bf193a3a0,,,
1994,RAI,DB,CB,37,ACT,James Trapp,James,Trapp,1969-12-28,72,180,,00-0016591,,,,,,,,,,"https://static.www.nfl.com/image/private/f_auto,q_auto/league/zpgfxfwpqur4vvexf7do",TRA351377,,32005452-4135-1377-7c3d-800c030339b2,,,
1994,NYG,SPEC,K,0,ACT,David Treadwell,David,Treadwell,1965-02-27,73,195,,00-0016601,,,,,,,,,,"https://static.www.nfl.com/image/private/f_auto,q_auto/league/wzqbwiyvcvu12cgccfom",TRE415290,,32005452-4541-5290-918b-576c1649ad22,,,
1994,CLE,DB,SAF,0,RES,Greg Tremble,Gregory,Tremble,1972-04-16,71,188,,00-0016606,,,,,,,,,,"https://static.www.nfl.com/image/private/f_auto,q_auto/league/czzmc3cz6ulklda0bbhy",TRE714300,,32005452-4571-4300-274a-52a8d4bd9aef,,,
1994,NYJ,QB,QB,0,ACT,Jack Trudeau,Jack,Trudeau,1962-09-09,75,227,,00-0016628,,,,,,,,,,"https://static.www.nfl.com/image/private/f_auto,q_auto/league/cpmngogfqqenwtzc6ojk",TRU276861,,32005452-5527-6861-7742-87355496367c,,,
1994,CIN,RB,RB,0,ACT,Greg Truitt,Gregory,Truitt,1965-12-08,72,235,,00-0016632,,,,,,,,,,"https://static.www.nfl.com/image/private/f_auto,q_auto/league/sbrphisxelguk4byehf4",TRU465653,,32005452-5546-5653-7f2e-7155d14a4d23,,,
1994,WAS,WR,WR,0,ACT,Olanda Truitt,Olanda,Truitt,1971-01-04,72,186,,00-0016634,,,,,,,,,,"https://static.www.nfl.com/image/private/f_auto,q_auto/league/tfylnckhkf0xnfnoxpaz",TRU483935,,32005452-5548-3935-f0f5-19071f832849,,,
1994,MIN,DL,NT,0,ACT,Esera Tuaolo,Esera,Tuaolo,1968-07-11,74,274,,00-0016643,,,,,,,,,,"https://static.www.nfl.com/image/private/f_auto,q_auto/league/yh29x3q6dyhnwjbxmqa6",TUA316411,,32005455-4131-6411-97c2-327fc8780f79,,,
1994,NO,LB,ILB,0,ACT,Winfred Tubbs,Winfred,Tubbs,1970-09-24,76,250,,00-0016647,,,,,,,,,,"https://static.www.nfl.com/image/private/f_auto,q_auto/league/o7nkhwwxvdi4uzfemuyv",TUB427291,,32005455-4242-7291-70f7-54fe1a1ebac2,,,
1994,ARI,OL,G,0,ACT,Mark Tucker,Mark,Tucker,1968-04-29,75,290,,00-0016656,,,,,,,,,,"https://static.www.nfl.com/image/private/f_auto,q_auto/league/v96nmnwrnvsyy30smvq7",TUC234912,,32005455-4323-4912-9090-293a2d35707b,,,
1994,ATL,LB,OLB,0,ACT,Jessie Tuggle,Jessie,Tuggle,1965-04-04,71,230,,00-0016667,,,,,,,,,,"https://static.www.nfl.com/image/private/f_auto,q_auto/league/a4uari1ibbt5ekk7q6dc",TUG415290,,32005455-4741-5290-f1fb-a735d191fb47,,,
1994,DAL,OL,OT,71,ACT,Mark Tuinei,Mark,Tuinei,1960-03-31,77,305,,00-0016673,,,,,,,,,,"https://static.www.nfl.com/image/private/f_auto,q_auto/league/oozrmjs8rmzu1dyxqrsh",TUI498348,,32005455-4949-8348-1d81-80d78dfcb075,,,
1994,CLE,SPEC,P,0,ACT,Tom Tupa,Joseph,Tupa,1966-02-06,76,230,,00-0016683,,,,,,,,,,"https://static.www.nfl.com/image/private/f_auto,q_auto/league/aivrd7oomnnawbdnuq8w",TUP276861,,32005455-5027-6861-a536-8bc0f9b88d85,,,
1994,RAI,OL,C,0,ACT,Dan Turk,Daniel,Turk,1962-06-25,76,290,,00-0016686,,,,,,,,,,"https://static.www.nfl.com/image/private/f_auto,q_auto/league/ji5zil7xpgr9elbtciuk",TUR036112,,32005455-5203-6112-a969-0f17d8488c8c,,,
1994,NO,LB,OLB,97,ACT,Renaldo Turnbull,Renaldo,Turnbull,1966-01-05,76,255,,00-0016693,,,,,,,,,,"https://static.www.nfl.com/image/private/f_auto,q_auto/league/lbhniygqzjkdcgrxohs3",TUR144448,,32005455-5214-4448-fb8b-bfef677ae71f,,,
1994,CLE,DB,FS,0,ACT,Eric Turner,Eric,Turner,1968-09-20,73,207,,00-0016710,,,,,,,,,,"https://static.www.nfl.com/image/private/f_auto,q_auto/league/me7jvenediabmflabmhw",TUR297924,,32005455-5229-7924-50a2-094ce26e3306,,,
1994,IND,WR,WR,0,ACT,Floyd Turner,Floyd,Turner,1966-05-29,71,198,,00-0016711,,,,,,,,,,"https://static.www.nfl.com/image/private/f_auto,q_auto/league/paltzzaicvssmczbo8rr",TUR306952,,32005455-5230-6952-5291-24f4fa5d94ab,,,
1994,NE,RB,FB,0,ACT,Kevin Turner,Paul,Turner,1969-06-12,73,224,,00-0016723,,,,,,,,,,"https://static.www.nfl.com/image/private/f_auto,q_auto/league/cdln6xjebygvhsbd8t8x",TUR637978,,32005455-5263-7978-4c91-3be890ee37df,,,
1994,NYJ,DB,DB,0,ACT,Marcus Turner,Marcus,Turner,1966-01-13,72,190,,00-0016727,,,,,,,,,,"https://static.www.nfl.com/image/private/f_auto,q_auto/league/svwlmjmivoofvc5cvqpw",TUR577792,,32005455-5257-7792-7c74-29176834fa95,,,
1994,BUF,RB,RB,0,ACT,Nate Turner,Nathaniel,Turner,1969-05-28,73,255,,00-0016731,,,,,,,,,,"https://static.www.nfl.com/image/private/f_auto,q_auto/league/gcnivojuytbqf3bjtcve",TUR622932,,32005455-5262-2932-5315-8bf65b92f875,,,
1994,TB,RB,RB,0,ACT,Vernon Turner,Vernon,Turner,1967-01-06,68,185,,00-0016743,,,,,,,,,,"https://static.www.nfl.com/image/private/f_auto,q_auto/league/hs3lfwhbzxzqqczcfbkq",TUR722240,,32005455-5272-2240-f18c-0ccb5cc1a13e,,,
1994,SEA,SPEC,P,14,ACT,Rick Tuten,Richard,Tuten,1965-01-05,74,218,,00-0016753,,,,,,,,,,"https://static.www.nfl.com/image/private/f_auto,q_auto/league/dcfh18x0mjydngqfs8lk",TUT138430,,32005455-5413-8430-6ac2-01ea10cc4cac,,,
1994,ATL,SPEC,P,0,ACT,Scott Tyner,Scott,Tyner,1972-04-11,73,189,,00-0016772,,,,,,,,,,"https://static.www.nfl.com/image/private/f_auto,q_auto/league/ttqvxnh0c9srqsrmuvgz",TYN401791,,32005459-4e40-1791-5e57-22df2c30bd59,,,
1994,NO,OL,C,0,ACT,Jeff Uhlenhake,Jeffrey,Uhlenhake,1966-01-28,75,284,,00-0016781,,,,,,,,,,"https://static.www.nfl.com/image/private/f_auto,q_auto/league/iap9jal78cu0a2qd2ika",UHL415291,,32005548-4c41-5291-7278-7e271d3e79ba,,,
1994,KC,OL,OT,0,ACT,Joe Valerio,Joseph,Valerio,1969-02-11,77,293,,00-0016816,,,,,,,,,,"https://static.www.nfl.com/image/private/f_auto,q_auto/league/ph0seamyfbah5hwtyhhn",VAL511848,,32005641-4c51-1848-506f-4aa401c47604,,,
1994,ARI,OL,OT,0,ACT,Mark Vander Poel,John,Vander Poel,1968-03-05,79,303,,00-0016826,,,,,,,,,,"https://static.www.nfl.com/image/private/f_auto,q_auto/league/gkxpdmz2tweeb4otbrfs",VAN461787,,32005641-4e46-1787-afde-8935a943eafe,,,
1994,DAL,LB,LB,0,ACT,Matt Vanderbeek,Matthew,Vanderbeek,1967-08-16,75,243,,00-0016827,,,,,,,,,,"https://static.www.nfl.com/image/private/f_auto,q_auto/league/pbyu7ksefmsmar9vsclr",VAN381616,,32005641-4e38-1616-fdcb-38bbf8102867,,,
1994,SD,DB,DB,0,ACT,Sean Vanhorse,Sean,Vanhorse,1968-07-22,70,180,,00-0016833,,,,,,,,,,"https://static.www.nfl.com/image/private/f_auto,q_auto/league/tvw6sz29erg8es07jnmp",VAN617320,,32005641-4e61-7320-7ef8-e128ca2aeb39,,,
1994,BUF,QB,QB,0,ACT,Alex Van Pelt,Gregory,Van Pelt,1970-05-01,73,219,,00-0016838,,,,,,,,,,"https://static.www.nfl.com/image/private/f_auto,q_auto/league/y2ft15ayxhlqlzhuc1w9",VAN706388,,32005641-4e70-6388-b1a4-b31e235c6647,,,
1994,CLE,RB,FB,0,RES,Tommy Vardell,Thomas,Vardell,1969-02-20,73,230,,00-0016842,,,,,,,,,,"https://static.www.nfl.com/image/private/f_auto,q_auto/league/ceda4n4hkaigsung1g7x",VAR249174,,32005641-5224-9174-d6d8-f7c95f854ce2,,,
1994,KC,RB,RB,0,ACT,Jon Vaughn,Jonathan,Vaughn,1970-03-12,69,203,,00-0016855,,,,,,,,,,"https://static.www.nfl.com/image/private/f_auto,q_auto/league/sgkpmjw2tcz7pwxavxzq",VAU454050,,32005641-5545-4050-51f9-491103466d2e,,,
1994,SEA,RB,RB,0,TRT,Jon Vaughn,Jonathan,Vaughn,1970-03-12,69,203,,00-0016855,,,,,,,,,,"https://static.www.nfl.com/image/private/f_auto,q_auto/league/sgkpmjw2tcz7pwxavxzq",VAU454050,,32005641-5545-4050-51f9-491103466d2e,,,
1994,MIA,DL,DT,0,ACT,Craig Veasey,Anthony,Veasey,1965-12-25,74,300,,00-0016864,,,,,,,,,,"https://static.www.nfl.com/image/private/f_auto,q_auto/league/c0xpyifwxh9pyzsmkerc",VEA622935,,32005645-4162-2935-468d-ebb9e6e6b388,,,
1994,ATL,WR,WR,0,ACT,Clarence Verdin,Clarence,Verdin,1963-06-14,68,160,,00-0016880,,,,,,,,,,"https://static.www.nfl.com/image/private/f_auto,q_auto/league/dweh63atieg63v9dnxbz",VER092287,,32005645-5209-2287-aad7-93abf09f37cc,,,
1994,IND,OL,G,0,ACT,Kipp Vickers,Kipp,Vickers,1969-08-27,74,275,,00-0016906,,,,,,,,,,"https://static.www.nfl.com/image/private/f_auto,q_auto/league/bm5hy2op2994nitcujvg",VIC636435,,32005649-4363-6435-1e9d-87e7b7d81887,,,
1994,KC,OL,OT,0,ACT,Danny Villa,Daniel,Villa,1964-09-21,77,305,,00-0016911,,,,,,,,,,"https://static.www.nfl.com/image/private/f_auto,q_auto/league/gs5e6iqfdsgziwewmcdl",VIL138430,,32005649-4c13-8430-2ffa-858d9ad88303,,,
1994,MIA,DB,CB,0,ACT,Troy Vincent,Troy,Vincent,1970-06-08,72,192,,00-0016924,,,,,,,,,,"https://static.www.nfl.com/image/private/f_auto,q_auto/league/u3htv6dxzksdvzhic6xw",VIN424728,,32005649-4e42-4728-7813-18815d738411,,,
1994,CIN,DB,S,0,ACT,Fernandus Vinson,Fernandus,Vinson,1968-11-03,70,197,,00-0016928,,,,,,,,,,"https://static.www.nfl.com/image/private/f_auto,q_auto/league/puyujcyznr8cca42mlji",VIN566304,,32005649-4e56-6304-20d8-719897c5a68e,,,
1994,CIN,DL,DT,0,ACT,Kimo von Oelhoffen,Kimo,von Oelhoffen,1971-01-30,76,300,,00-0016956,,,,,,,,,,"https://static.www.nfl.com/image/private/f_auto,q_auto/league/jedad1crk6mu10vkhmaj",VON221488,,3200564f-4e22-1488-f980-8c2faa904183,,,
1994,CHI,WR,WR,0,ACT,Tom Waddle,Gregory,Waddle,1967-02-20,72,185,,00-0016966,,,,,,,,,,"https://static.www.nfl.com/image/private/f_auto,q_auto/league/wc10tbyftvinpebptm5h",WAD083058,,32005741-4408-3058-5644-9246889866e3,,,
1994,SD,SPEC,P,0,ACT,Bryan Wagner,Bryan,Wagner,1962-03-28,74,200,,00-0016981,,,,,,,,,,"https://static.www.nfl.com/image/private/f_auto,q_auto/league/uapc5yasyiwqsuxpcfcj",WAG237308,,32005741-4723-7308-550d-6f10be083fb3,,,
1994,NO,TE,TE,0,RES,Frank Wainright,Frank,Wainright,1967-10-10,74,236,,00-0016993,,,,,,,,,,"https://static.www.nfl.com/image/private/f_auto,q_auto/league/c2w4lhzhlysopbmeuhev",WAI152616,,32005741-4915-2616-e289-ccaf79cda054,,,
1994,KC,DL,DT,0,ACT,Rob Waldrop,Robert,Waldrop,1971-12-01,73,276,,00-0017003,,,,,,,,,,"https://static.www.nfl.com/image/private/f_auto,q_auto/league/y8sz2ccqurbx4v31j9hd",WAL043923,,32005741-4c04-3923-e5ff-d70c8ce0d07e,,,
1994,SF,RB,RB,0,ACT,Adam Walker,Adam,Walker,1968-06-07,73,220,,00-0017008,,,,,,,,,,"https://static.www.nfl.com/image/private/f_auto,q_auto/league/dqh7p6fzjzn76ca3u2lv",WAL071874,,32005741-4c07-1874-d4c9-8a73c6d5945b,,,
1994,CIN,DB,SAF,27,ACT,Bracy Walker,Bracy,Walker,1970-10-28,72,200,,00-0017012,,,,,,,,,,"https://static.www.nfl.com/image/private/f_auto,q_auto/league/lkqdafutcedtn3k6zqxd",WAL081856,,32005741-4c08-1856-3f6f-e18ee17c358a,,,
1994,KC,DB,SAF,0,TRD,Bracy Walker,Bracy,Walker,1970-10-28,72,200,,00-0017012,,,,,,,,,,"https://static.www.nfl.com/image/private/f_auto,q_auto/league/lkqdafutcedtn3k6zqxd",WAL081856,,32005741-4c08-1856-3f6f-e18ee17c358a,,,
1994,NE,DL,DT,0,ACT,Bruce Walker,Bruce,Walker,1972-07-18,76,326,,00-0017016,,,,,,,,,,"https://static.www.nfl.com/image/private/f_auto,q_auto/league/twjhwkhrhwk3qdmhllwd",WAL083853,,32005741-4c08-3853-53b5-8cb81cc32ed5,,,
1994,ATL,DB,CB,0,ACT,Darnell Walker,Darnell,Walker,1970-01-17,68,164,,00-0017023,,,,,,,,,,"https://static.www.nfl.com/image/private/f_auto,q_auto/league/jqsx5bxcitcb6zjqia43",WAL113800,,32005741-4c11-3800-de9f-62f0bbd1f823,,,
1994,KC,TE,TE,0,ACT,Derrick Walker,Derrick,Walker,1967-06-22,72,244,,00-0017027,,,,,,,,,,"https://static.www.nfl.com/image/private/f_auto,q_auto/league/adkpp28ll3tfwzmxgjzk",WAL119790,,32005741-4c11-9790-b6ed-d07f1eb57e35,,,
1994,PHI,RB,RB,0,ACT,Herschel Walker,Herschel,Walker,1962-03-03,73,224,,00-0017035,,,,,,,,,,"https://static.www.nfl.com/image/private/f_auto,q_auto/league/fmo3jgdy7ll2jwhih9ml",WAL191664,,32005741-4c19-1664-b438-5937b638057d,,,
1994,GB,DB,CB,0,RES,Sammy Walker,Sammy,Walker,1969-01-20,71,203,,00-0017062,,,,,,,,,,"https://static.www.nfl.com/image/private/f_auto,q_auto/league/fatrcmboh7irojeuvjxw",WAL323433,,32005741-4c32-3433-dadc-44cff2b9ec11,,,
1994,RAI,LB,OLB,0,ACT,Aaron Wallace,Aaron,Wallace,1967-04-17,75,240,,00-0017076,,,,,,,,,,"https://static.www.nfl.com/image/private/f_auto,q_auto/league/n9eyvkgeb7mgssxowte0",WAL399300,,32005741-4c39-9300-71a2-46245c371e0e,,,
1994,ATL,RB,RB,0,CUT,Anthony Wallace,Anthony,Wallace,1969-07-08,72,190,,00-0017078,,,,,,,,,,"https://static.www.nfl.com/image/private/f_auto,q_auto/league/yodsmboxihq3mvcii3zd",WAL403293,,32005741-4c40-3293-2370-16eac144e948,,,
1994,ARI,DB,SAF,0,RES,Sean Wallace,Sean,Wallace,1972-11-13,68,185,,00-0017093,,,,,,,,,,"https://static.www.nfl.com/image/private/f_auto,q_auto/league/tvrmfhc0brlmlpdz3brr",WAL499125,,32005741-4c49-9125-1d4d-c538a83ee572,,,
1994,SF,OL,OT,0,ACT,Steve Wallace,Barron,Wallace,1964-12-27,76,280,,00-0017094,,,,,,,,,,"https://static.www.nfl.com/image/private/f_auto,q_auto/league/wwoczrmj3ql3nemlbo5c",WAL407286,,32005741-4c40-7286-40ad-2f381e5015e6,,,
1994,DEN,LB,LB,0,TRD,Brett Wallerstedt,Brett,Wallerstedt,1970-11-24,73,240,,00-0017097,,,,,,,,,,"https://static.www.nfl.com/image/private/f_auto,q_auto/league/w9df4jbrichfpfbjej4p",WAL523083,,32005741-4c52-3083-dd99-8452c5c45387,,,
1994,CIN,LB,LB,0,ACT,Brett Wallerstedt,Brett,Wallerstedt,1970-11-24,73,240,,00-0017097,,,,,,,,,,"https://static.www.nfl.com/image/private/f_auto,q_auto/league/w9df4jbrichfpfbjej4p",WAL523083,,32005741-4c52-3083-dd99-8452c5c45387,,,
1994,NO,TE,TE,0,ACT,Wesley Walls,Charles,Walls,1966-02-26,77,250,,00-0017109,,,,,,,,,,"https://static.www.nfl.com/image/private/f_auto,q_auto/league/vl5gpjoslpkcomu9ulvw",WAL531069,,32005741-4c53-1069-cbc6-6743fe9b4bc9,,,
1994,MIN,WR,WR,0,ACT,Chris Walsh,Christopher,Walsh,1968-12-12,73,185,,00-0017110,,,,,,,,,,"https://static.www.nfl.com/image/private/f_auto,q_auto/league/t6xsje4cw1bvt4gnyble",WAL586971,,32005741-4c58-6971-2a60-7fb0d497f325,,,
1994,CHI,QB,QB,0,ACT,Steve Walsh,Steven,Walsh,1966-12-01,75,210,,00-0017121,,,,,,,,,,"https://static.www.nfl.com/image/private/f_auto,q_auto/league/yt81jzksz5lhcrfjsibt",WAL606936,,32005741-4c60-6936-7b47-d6390f06e171,,,
1994,CIN,OL,OT,0,RES,Joe Walter,Joseph,Walter,1963-06-18,79,292,,00-0017124,,,,,,,,,,"https://static.www.nfl.com/image/private/f_auto,q_auto/league/mfrqltjlsrr83kkyrysw",WAL646866,,32005741-4c64-6866-f097-d6e42d381e7f,,,
1994,MIA,OL,OT,0,CUT,David Ware,David,Ware,1970-02-21,78,285,,00-0017181,,,,,,,,,,"https://static.www.nfl.com/image/private/f_auto,q_auto/league/xjx53eqs0utu1zgut4jj",WAR350354,,32005741-5235-0354-35e7-adde95cdf0f1,,,
1994,CIN,TE,TE,0,ACT,Derek Ware,Derek,Ware,1967-09-17,74,255,,00-0017182,,,,,,,,,,"https://static.www.nfl.com/image/private/f_auto,q_auto/league/kulms0seeozoaloqmw5q",WAR350997,,32005741-5235-0997-268c-6030bb075555,,,
1994,ARI,TE,TE,0,TRC,Derek Ware,Derek,Ware,1967-09-17,74,255,,00-0017182,,,,,,,,,,"https://static.www.nfl.com/image/private/f_auto,q_auto/league/kulms0seeozoaloqmw5q",WAR350997,,32005741-5235-0997-268c-6030bb075555,,,
1994,SEA,RB,RB,42,ACT,Chris Warren,Christopher,Warren,1968-01-24,74,225,,00-0017209,,,,,,,,,,"https://static.www.nfl.com/image/private/f_auto,q_auto/league/hktpdynqgjqdtvkeclhe",WAR590139,,32005741-5259-0139-e14d-0e7ad5bde6c2,,,
1994,NO,DL,NT,0,ACT,Frank Warren,Frank,Warren,1959-09-14,76,290,,00-0017213,,,,,,,,,,"https://static.www.nfl.com/image/private/f_auto,q_auto/league/zo6jgr1fnrl4praq7rcj",WAR633853,,32005741-5263-3853-518e-71814edcd73b,,,
1994,IND,RB,RB,0,ACT,Lamont Warren,Lamont,Warren,1973-01-04,71,194,,00-0017218,,,,,,,,,,"https://static.www.nfl.com/image/private/f_auto,q_auto/league/cfkgqfwimsioqigugd9p",WAR692138,,32005741-5269-2138-cbbd-83a2dcc87397,,,
1994,SEA,WR,WR,0,ACT,Terrence Warren,Terrence,Warren,1969-08-02,73,200,,00-0017221,,,,,,,,,,"https://static.www.nfl.com/image/private/f_auto,q_auto/league/qcpdnilqv8q4no95qcgg",WAR716423,,32005741-5271-6423-380a-8d31aba3f26d,,,
1994,NYJ,DB,S,0,ACT,Brian Washington,Brian,Washington,1965-09-10,73,206,,00-0017234,,,,,,,,,,"https://static.www.nfl.com/image/private/f_auto,q_auto/league/fbfilk6y3rjhfveio411",WAS063891,,32005741-5306-3891-7160-8cd86d4d4a66,,,
1994,ATL,LB,LB,0,ACT,Charles Washington,Charles,Washington,1966-10-08,73,217,,00-0017237,,,,,,,,,,"https://static.www.nfl.com/image/private/f_auto,q_auto/league/fcv0vvk0gztvjfykaepx",WAS106485,,32005741-5310-6485-a5fc-0c71dda263b7,,,
1994,MIN,DB,CB,0,ACT,Dewayne Washington,Dewayne,Washington,1972-12-27,71,191,,00-0017241,,,,,,,,,,"https://static.www.nfl.com/image/private/f_auto,q_auto/league/yya0lttvj5ypik9s28cp",WAS220470,,32005741-5322-0470-33b3-05dcf9de8daf,,,
1994,DAL,DB,FS,0,ACT,James Washington,James,Washington,1965-01-10,73,209,,00-0017247,,,,,,,,,,"https://static.www.nfl.com/image/private/f_auto,q_auto/league/z7uapqywipf0llegwzqo",WAS404643,,32005741-5340-4643-2b22-5afb9e424dc7,,,
1994,RAI,DB,CB,0,ACT,Lionel Washington,Lionel,Washington,1960-10-21,72,185,,00-0017256,,,,,,,,,,"https://static.www.nfl.com/image/private/f_auto,q_auto/league/qt1y6himlxnfozdekhvl",WAS511128,,32005741-5351-1128-3896-f6a5bbe17ac4,,,
1994,NYJ,DL,DE,0,ACT,Marvin Washington,Marvin,Washington,1965-10-22,78,272,,00-0017259,,,,,,,,,,"https://static.www.nfl.com/image/private/f_auto,q_auto/league/npxjzjkuxog9qkfngghy",WAS553722,,32005741-5355-3722-bb0b-63e1e41d35f1,,,
1994,BUF,DB,CB,0,ACT,Mickey Washington,Mickey,Washington,1968-07-08,69,191,,00-0017261,,,,,,,,,,"https://static.www.nfl.com/image/private/f_auto,q_auto/league/vgqj1lt0cmxfacxsutnq",WAS575019,,32005741-5357-5019-43e1-1d62bff0919e,,,
1994,DEN,DL,DT,0,ACT,Ted Washington,Theodore,Washington,1968-04-13,77,295,,00-0017277,,,,,,,,,,"https://static.www.nfl.com/image/private/f_auto,q_auto/league/batfg6zrlpqzlvmfbqsa",WAS737895,,32005741-5373-7895-c07c-af2aa86aaf8e,,,
1994,ARI,DB,S,0,ACT,Andre Waters,Andre,Waters,1962-03-10,71,200,,00-0017285,,,,,,,,,,"https://static.www.nfl.com/image/private/f_auto,q_auto/league/mcdpuuwjyzax8us1lpgg",WAT043714,,32005741-5404-3714-9692-92226f38f486,,,
1994,KC,DB,DB,0,RES,Tim Watson,James,Watson,1970-08-13,74,216,,00-0017316,,,,,,,,,,"https://static.www.nfl.com/image/private/f_auto,q_auto/league/zmkpbc9i9vwag9nloibu",WAT400176,,32005741-5440-0176-aa50-434a9a0c56f0,,,
1994,SEA,DB,CB,0,ACT,Orlando Watters,Orlando,Watters,1971-10-26,71,177,,00-0017321,,,,,,,,,,"https://static.www.nfl.com/image/private/f_auto,q_auto/league/pclglaefpcaajijjlc0u",WAT639906,,32005741-5463-9906-b0bd-0d74dde69931,,,
1994,SF,RB,RB,0,ACT,Ricky Watters,Richard,Watters,1969-04-07,73,212,,00-0017322,,,,,,,,,,"https://static.www.nfl.com/image/private/f_auto,q_auto/league/nhugmp8lmkxyewbrfebd",WAT645960,,32005741-5464-5960-8fab-76aa4f4409f1,,,
1994,IND,DB,CB,36,ACT,Damon Watts,Damon,Watts,1972-04-08,70,173,,00-0017326,,,,,,,,,,"https://static.www.nfl.com/image/private/f_auto,q_auto/league/gkhccwelp1psyu8tweeq",WAT688495,,32005741-5468-8495-b001-5d6af976e0d7,,,
1994,MIA,OL,OT,78,ACT,Richmond Webb,Richmond,Webb,1967-01-11,78,302,,00-0017370,,,,,,,,,,"https://static.www.nfl.com/image/private/f_auto,q_auto/league/zctjww4mvehk9rmqw1bw",WEB264271,,32005745-4226-4271-1527-b596e272790f,,,
1994,MIA,DL,DE,0,ACT,Larry Webster,Larry,Webster,1969-01-18,77,288,,00-0017378,,,,,,,,,,"https://static.www.nfl.com/image/private/f_auto,q_auto/league/g9anupouythjcxi4quzn",WEB736183,,32005745-4273-6183-ef2a-328561159be8,,,
1994,MIA,OL,G,0,ACT,Bert Weidner,Bert,Weidner,1966-01-20,75,290,,00-0017393,,,,,,,,,,"https://static.www.nfl.com/image/private/f_auto,q_auto/league/eghjudjqqz1tqmjtwtwk",WEI036112,,32005745-4903-6112-d3fa-f50f9a70c120,,,
1994,TB,QB,QB,0,ACT,Casey Weldon,William,Weldon,1969-02-03,73,200,,00-0017415,,,,,,,,,,"https://static.www.nfl.com/image/private/f_auto,q_auto/league/tvwz7qljivozzmydzmu5",WEL205052,,32005745-4c20-5052-374a-b595a1e05961,,,
1994,HOU,WR,WR,0,ACT,Gary Wellman,Gary,Wellman,1967-08-09,69,173,,00-0017416,,,,,,,,,,"https://static.www.nfl.com/image/private/f_auto,q_auto/league/vqlrb9htva4sommtytma",WEL294046,,32005745-4c29-4046-d984-9793b0a8f336,,,
1994,SEA,LB,LB,95,ACT,Dean Wells,Donald,Wells,1970-07-20,75,238,,00-0017421,,,,,,,,,,"https://static.www.nfl.com/image/private/f_auto,q_auto/league/rr9j1pcmqqe8ttmx2zo4",WEL367828,,32005745-4c36-7828-82fb-b21e11cd0d0e,,,
1994,DET,DL,DT,0,ACT,Mike Wells,Michael,Wells,1971-01-06,75,287,,00-0017428,,,,,,,,,,"https://static.www.nfl.com/image/private/f_auto,q_auto/league/kyvtu9rnof2pgxqpypq5",WEL493548,,32005745-4c49-3548-7783-7d0499429752,,,
1994,SEA,DL,DT,0,ACT,Matt Werner,Matthew,Werner,1971-06-14,75,265,,00-0017444,,,,,,,,,,"https://static.www.nfl.com/image/private/f_auto,q_auto/league/x1sint6a5rzhbfnbb3jw",WER467199,,32005745-5246-7199-cb18-9e5f9ebadb0d,,,
1994,GB,TE,TE,0,ACT,Ed West,Edward,West,1961-08-02,73,245,,00-0017452,,,,,,,,,,"https://static.www.nfl.com/image/private/f_auto,q_auto/league/tiztplomwmzyqvdjnici",WES221488,,32005745-5322-1488-af89-7a6e7c97bbf8,,,
1994,CHI,TE,TE,89,ACT,Ryan Wetnight,Ryan,Wetnight,1970-11-05,74,228,,00-0017480,,,,,,,,,,"https://static.www.nfl.com/image/private/f_auto,q_auto/league/jsrsnno7agpxs7eu3ofr",WET111238,,32005745-5411-1238-1077-dd13c11ff972,,,
1994,CIN,DB,DB,0,RES,Leonard Wheeler,Leonard,Wheeler,1969-01-15,72,189,,00-0017490,,,,,,,,,,"https://static.www.nfl.com/image/private/f_auto,q_auto/league/hhs32vowtfde7kjpf1pa",WHE311467,,32005748-4531-1467-3e08-efbe30f4ae5a,,,
1994,TB,DL,DT,0,ACT,Mark Wheeler,Mark,Wheeler,1970-04-01,75,280,,00-0017492,,,,,,,,,,"https://static.www.nfl.com/image/private/f_auto,q_auto/league/peacptwy0tnl3hmvipy6",WHE408540,,32005748-4540-8540-6592-a7717253353c,,,
1994,NE,DB,DB,0,ACT,Larry Whigham,Larry,Whigham,1972-06-23,74,202,,00-0017501,,,,,,,,,,"https://static.www.nfl.com/image/private/f_auto,q_auto/league/k86eyibrx3fwxiosum7p",WHI003928,,32005748-4900-3928-4ee5-3f6b802f1a47,,,
1994,RAI,DL,DE,0,ACT,Alberto White,Alberto,White,1971-04-08,75,240,,00-0017507,,,,,,,,,,"https://static.www.nfl.com/image/private/f_auto,q_auto/league/m3df0gymiepsphteswfc",WHI072789,,32005748-4907-2789-a347-3ed2c624fa05,,,
1994,NYJ,OL,G,0,ACT,Dwayne White,Dwayne,White,1967-02-10,74,315,,00-0017531,,,,,,,,,,"https://static.www.nfl.com/image/private/f_auto,q_auto/league/athvnladzwausrvqqjbt",WHI158644,,32005748-4915-8644-9ffb-90c44d331ed9,,,
1994,HOU,RB,RB,0,ACT,Lorenzo White,Lorenzo,White,1966-04-12,71,222,,00-0017552,,,,,,,,,,"https://static.www.nfl.com/image/private/f_auto,q_auto/league/dkcufokp7jdzee5fyl8s",WHI345284,,32005748-4934-5284-8c5f-085600ebf4ee,,,
1994,SD,DL,DT,0,ACT,Reggie White,Reginald,White,1970-03-22,76,300,,00-0017566,,,,,,,,,,"https://static.www.nfl.com/image/private/f_auto,q_auto/league/fv6bsmaaejtwl6c4e3fd",WHI415274,,32005748-4941-5274-6d28-210405682fd1,,,
1994,GB,DL,DE,92,ACT,Reggie White,Reginald,White,1961-12-19,77,290,,00-0017567,,,,,,,,,,"https://static.www.nfl.com/image/private/f_auto,q_auto/league/lfytkhrgngqi3bk0mlra",WHI419940,,32005748-4941-9940-3686-dbf50bb2db25,,,
1994,NYG,QB,QB,0,ACT,Stan White,Stanley,White,1971-08-14,74,202,,00-0017575,,,,,,,,,,"https://static.www.nfl.com/image/private/f_auto,q_auto/league/zwbsmqcuoryl96w3dcmm",WHI517926,,32005748-4951-7926-171e-a2da33f25198,,,
1994,KC,DB,FS,0,ACT,William White,William,White,1966-02-19,70,189,,00-0017583,,,,,,,,,,"https://static.www.nfl.com/image/private/f_auto,q_auto/league/z4t0bzezxpipd5tco4ax",WHI597248,,32005748-4959-7248-dc88-c2449984214c,,,
1994,ATL,OL,OT,0,ACT,Bob Whitfield,Robert,Whitfield,1971-10-18,77,305,,00-0017592,,,,,,,,,,"https://static.www.nfl.com/image/private/f_auto,q_auto/league/ulsni6kbnmeva3jghpyg",WHI657906,,32005748-4965-7906-c06e-e2ac03e6ca07,,,
1994,SD,OL,C,0,ACT,Curtis Whitley,Curtis,Whitley,1969-05-10,73,288,,00-0017597,,,,,,,,,,"https://static.www.nfl.com/image/private/f_auto,q_auto/league/vejguqpiu6goq7j2yodm",WHI667238,,32005748-4966-7238-1fd0-f3ffd65ed645,,,
1994,KC,DB,S,0,ACT,David Whitmore,David,Whitmore,1967-07-06,72,235,,00-0017607,,,,,,,,,,"https://static.www.nfl.com/image/private/f_auto,q_auto/league/ext6jzpkds1zggz0kru0",WHI709232,,32005748-4970-9232-afbb-0ab0146a2061,,,
1994,IND,DL,DE,0,ACT,Bernard Whittington,Bernard,Whittington,1971-08-20,77,257,,00-0017619,,,,,,,,,,"https://static.www.nfl.com/image/private/f_auto,q_auto/league/tvzqrhf3poao36sfhxqw",WHI797886,,32005748-4979-7886-3cda-4548e3965a26,,,
1994,DEN,OL,C,0,ACT,Dave Widell,David,Widell,1965-05-14,79,292,,00-0017628,,,,,,,,,,"https://static.www.nfl.com/image/private/f_auto,q_auto/league/pjybmfmbdp7likfxvgf3",WID276860,,32005749-4427-6860-8f4f-0e4584dcb3a7,,,
1994,DET,OL,G,0,ACT,Doug Widell,Douglas,Widell,1966-09-23,76,287,,00-0017629,,,,,,,,,,"https://static.www.nfl.com/image/private/f_auto,q_auto/league/sagt1cgrj4wqjbvixtv5",WID415290,,32005749-4441-5290-7982-dcffa4c6755f,,,
1994,NYG,LB,MLB,0,ACT,Corey Widmer,Corey,Widmer,1968-12-25,75,276,,00-0017630,,,,,,,,,,"https://static.www.nfl.com/image/private/f_auto,q_auto/league/w6ummqetddsejwlb3sgm",WID632822,,32005749-4463-2822-5b31-e08345410ab9,,,
1994,CIN,QB,QB,0,ACT,Erik Wilhelm,Erik,Wilhelm,1965-11-19,75,217,,00-0017673,,,,,,,,,,"https://static.www.nfl.com/image/private/f_auto,q_auto/league/wxr77gux79rgylz8aw8f",WIL061389,,32005749-4c06-1389-3d1a-aac0b601d2ef,,,
1994,RAI,OL,OT,0,ACT,Bruce Wilkerson,Bruce,Wilkerson,1964-07-28,77,295,,00-0017676,,,,,,,,,,"https://static.www.nfl.com/image/private/f_auto,q_auto/league/ib2cevfezza48cagdq9s",WIL067851,,32005749-4c06-7851-3586-f8f4ac8d028f,,,
1994,GB,DL,DE,0,ACT,Gabe Wilkins,Gabriel,Wilkins,1971-09-01,77,292,,00-0017691,,,,,,,,,,"https://static.www.nfl.com/image/private/f_auto,q_auto/league/e2z7mz5z96zinvm0sa7p",WIL086429,,32005749-4c08-6429-bdad-c9b3d422cf87,,,
1994,PHI,SPEC,K,0,ACT,Jeff Wilkins,Jeffrey,Wilkins,1972-04-19,74,180,,00-0017693,,,,,,,,,,"https://static.www.nfl.com/image/private/f_auto,q_auto/league/j9mfe0hrl9pk1yhkv5f0",WIL088118,,32005749-4c08-8118-15e0-0a5c60d5e8e6,,,
1994,CIN,DL,DT,0,ACT,Dan Wilkinson,Daniel,Wilkinson,1973-03-13,77,300,,00-0017698,,,,,,,,,,"https://static.www.nfl.com/image/private/f_auto,q_auto/league/wbup7jkwot6qoydzmuoo",WIL098949,,32005749-4c09-8949-b1f5-db183d8412a7,,,
1994,ARI,DB,CB,35,ACT,Aeneas Williams,Aeneas,Williams,1968-01-29,71,187,,00-0017710,,,,,,,,,,"https://static.www.nfl.com/image/private/f_auto,q_auto/league/lb0rdmwckvdrjvm7w5ix",WIL133817,,32005749-4c13-3817-3bcd-229046983dd6,,,
1994,CIN,DL,DE,0,ACT,Alfred Williams,Alfred,Williams,1968-11-06,78,240,,00-0017712,,,,,,,,,,"https://static.www.nfl.com/image/private/f_auto,q_auto/league/usedp8sxkxp1acb9qvua",WIL136696,,32005749-4c13-6696-3788-21644aafa9d4,,,
1994,PHI,OL,OT,0,ACT,Bernard Williams,Bennie,Williams,1972-07-18,80,317,,00-0017724,,,,,,,,,,"https://static.www.nfl.com/image/private/f_auto,q_auto/league/v9fzr9cozytwr3fno5i0",WIL148626,,32005749-4c14-8626-f883-08eba7248da6,,,
1994,SEA,DL,DE,0,RES,Brent Williams,Brent,Williams,1964-10-23,76,285,,00-0017731,,,,,,,,,,"https://static.www.nfl.com/image/private/f_auto,q_auto/league/p76hgoppr4ku802pcdpz",WIL158319,,32005749-4c15-8319-3463-a40f9f1ef78e,,,
1994,NYG,OL,C,0,ACT,Brian Williams,Brian,Williams,1966-06-08,77,300,,00-0017735,,,,,,,,,,"https://static.www.nfl.com/image/private/f_auto,q_auto/league/tkrfeo5tpe90ssd81uhw",WIL168012,,32005749-4c16-8012-2f9b-7d4cfed25d99,,,
1994,PHI,WR,WR,89,ACT,Calvin Williams,Calvin,Williams,1967-03-03,71,190,,00-0017741,,,,,,,,,,"https://static.www.nfl.com/image/private/f_auto,q_auto/league/sxjsjtmckwaurri8rxdg",WIL177705,,32005749-4c17-7705-c6aa-b5023c86a050,,,
1994,DEN,DL,DT,0,ACT,Dan Williams,Daniel,Williams,1969-12-15,76,290,,00-0017762,,,,,,,,,,"https://static.www.nfl.com/image/private/f_auto,q_auto/league/bdvvdrrgevqofnorgtmo",WIL207187,,32005749-4c20-7187-914f-e9e3dfeb2444,,,
1994,CIN,DB,FS,0,ACT,Darryl Williams,Darryl,Williams,1970-01-08,72,191,,00-0017766,,,,,,,,,,"https://static.www.nfl.com/image/private/f_auto,q_auto/league/ceiopwqeuqaalc0fdyyh",WIL207591,,32005749-4c20-7591-50de-1044c27be0d1,,,
1994,HOU,OL,OT,0,ACT,David Williams,David,Williams,1966-06-21,77,292,,00-0017769,,,,,,,,,,"https://static.www.nfl.com/image/private/f_auto,q_auto/league/pfbvaraqo5m9w9nvlds3",WIL219708,,32005749-4c21-9708-49e5-f06b06c17d8b,,,
1994,DAL,OL,OT,79,RES,Erik Williams,Erik,Williams,1968-09-07,78,324,,00-0017792,,,,,,,,,,"https://static.www.nfl.com/image/private/f_auto,q_auto/league/nutxwjzrs7sag5q1kztj",WIL270596,,32005749-4c27-0596-e0d9-dd76b5f3cf88,,,
1994,CLE,OL,OT,0,ACT,Gene Williams,Eugene,Williams,1968-10-14,74,305,,00-0017796,,,,,,,,,,"https://static.www.nfl.com/image/private/f_auto,q_auto/league/xbgjxeqotl7yzuevrgdv",WIL276250,,32005749-4c27-6250-79a9-085fb131803c,,,
1994,PIT,DL,DE,0,RES,Gerald Williams,Gerald,Williams,1963-09-08,75,288,,00-0017800,,,,,,,,,,"https://static.www.nfl.com/image/private/f_auto,q_auto/league/brrb0htx6t6pb9fzbb32",WIL297252,,32005749-4c29-7252-180c-b49cfeef428f,,,
1994,RAI,RB,RB,0,ACT,Harvey Williams,Harvey,Williams,1967-04-22,74,220,,00-0017807,,,,,,,,,,"https://static.www.nfl.com/image/private/f_auto,q_auto/league/n9ji0r2hesiujqxqtiul",WIL305329,,32005749-4c30-5329-71be-32b04b10418e,,,
1994,CHI,OL,OT,71,ACT,James O. Williams,James,Williams,1968-03-29,79,295,,00-0017821,,,,,,,,,,"https://static.www.nfl.com/image/private/f_auto,q_auto/league/gswyslag76kgp9zuxq4d",WIL344101,,32005749-4c34-4101-a34a-c1fd993d1a34,,,
1994,RAI,TE,TE,0,ACT,Jamie Williams,Jamie,Williams,1960-02-25,76,240,,00-0017823,,,,,,,,,,"https://static.www.nfl.com/image/private/f_auto,q_auto/league/tfr9dcfdjybqjz5xhae5",WIL345717,,32005749-4c34-5717-db91-0aa9af8f8a8e,,,
1994,NYG,DB,S,0,ACT,Jarvis Williams,Jarvis,Williams,1965-05-16,71,200,,00-0017824,,,,,,,,,,"https://static.www.nfl.com/image/private/f_auto,q_auto/league/dafxstifdlesppmbmkzf",WIL348948,,32005749-4c34-8948-625c-fbf3ed3adb4b,,,
1994,RAM,DL,DE,0,ACT,Jay Williams,Jay,Williams,1971-10-13,75,266,,00-0017825,,,,,,,,,,"https://static.www.nfl.com/image/private/f_auto,q_auto/league/et48yvhnp0gkk2ftflne",WIL353794,,32005749-4c35-3794-34e8-13c0b0202369,,,
1994,KC,LB,LB,0,CUT,Jerrol Williams,Jerrol,Williams,1967-07-05,77,240,,00-0017831,,,,,,,,,,"https://static.www.nfl.com/image/private/f_auto,q_auto/league/h4ps8wy8mzl1n1gesttg",WIL361872,,32005749-4c36-1872-1c04-01924ea17299,,,
1994,PIT,RB,FB,0,ACT,John L. Williams,John,Williams,1964-11-23,71,231,,00-0017842,,,,,,,,,,"https://static.www.nfl.com/image/private/f_auto,q_auto/league/koedkzci6zjotha0kykk",WIL381258,,32005749-4c38-1258-8e39-e7e683983cc2,,,
1994,DAL,WR,WR,85,ACT,Kevin R. Williams,Kevin,Williams,1971-01-25,69,192,,00-0017860,,,,,,,,,,"https://static.www.nfl.com/image/private/f_auto,q_auto/league/jruzmkaocqtyvynvs2rv",WIL414375,,32005749-4c41-4375-2104-a75a0967b223,,,
1994,GB,LB,LB,0,ACT,Mark Williams,Mark,Williams,1971-05-17,75,229,,00-0017875,,,,,,,,,,"https://static.www.nfl.com/image/private/f_auto,q_auto/league/cuwhxvvgvdhmx2jiubny",WIL431338,,32005749-4c43-1338-80ab-e3b7e2e21cdc,,,
1994,MIA,WR,WR,0,ACT,Mike Williams,Michael,Williams,1966-10-09,70,190,,00-0017890,,,,,,,,,,"https://static.www.nfl.com/image/private/f_auto,q_auto/league/yj8igpzrmxrbs12g8ec1",WIL444262,,32005749-4c44-4262-c3b2-47759621f138,,,
1994,MIA,TE,TE,0,ACT,Ronnie Williams,Ronald,Williams,1966-01-19,75,259,,00-0017926,,,,,,,,,,"https://static.www.nfl.com/image/private/f_auto,q_auto/league/nkyaqpttx5ruxabog6l6",WIL510995,,32005749-4c51-0995-9dc2-0def3886f3f4,,,
1994,ATL,DL,DT,0,ACT,Thomas Williams,Thomas,Williams,1970-12-19,75,274,,00-0017940,,,,,,,,,,"https://static.www.nfl.com/image/private/f_auto,q_auto/league/er0otzi6af4g0raozji9",WIL537961,,32005749-4c53-7961-5cfc-8bf257f55944,,,
1994,CLE,OL,G,0,ACT,Wally Williams,Wally,Williams,1971-02-20,74,300,,00-0017954,,,,,,,,,,"https://static.www.nfl.com/image/private/f_auto,q_auto/league/ucbw2fy8kcw9awpjhytj",WIL557347,,32005749-4c55-7347-aa37-5ced4e104269,,,
1994,NO,OL,OT,0,ACT,Willie Williams,Willie,Williams,1967-08-06,78,295,,00-0017960,,,,,,,,,,"https://static.www.nfl.com/image/private/f_auto,q_auto/league/kpzcitlueyvbhe3gxgsh",WIL573502,,32005749-4c57-3502-a79d-8a1fa83e6f98,,,
1994,PIT,DB,CB,0,ACT,Willie Williams,Willie,Williams,1970-12-26,69,188,,00-0017961,,,,,,,,,,"https://static.www.nfl.com/image/private/f_auto,q_auto/league/h4rxqzqbeyrtgr1jc3be",WIL576733,,32005749-4c57-6733-e729-5676d212beaf,,,
1994,NYJ,OL,G,0,ACT,Matt Willig,Matthew,Willig,1969-01-21,79,305,,00-0017967,,,,,,,,,,"https://static.www.nfl.com/image/private/f_auto,q_auto/league/gl9bdwcqkfihrnynsxji",WIL593466,,32005749-4c59-3466-7151-8b8792001683,,,
1994,GB,LB,LB,0,ACT,James Willis,James,Willis,1972-09-02,74,235,,00-0017975,,,,,,,,,,"https://static.www.nfl.com/image/private/f_auto,q_auto/league/pmp45gobaya5b479jvqv",WIL603550,,32005749-4c60-3550-5599-57bd8f425b14,,,
1994,SF,SPEC,P,0,ACT,Klaus Wilmsmeyer,Klaus,Wilmsmeyer,1967-12-04,74,210,,00-0017994,,,,,,,,,,"https://static.www.nfl.com/image/private/f_auto,q_auto/league/qi4fec2l6kdzwhad1nzm",WIL638122,,32005749-4c63-8122-3efc-95081cdd6674,,,
1994,GB,TE,TE,0,ACT,Jeff Wilner,Jeffrey,Wilner,1971-12-31,77,250,,00-0017995,,,,,,,,,,"https://static.www.nfl.com/image/private/f_auto,q_auto/league/ogw99nsyxmxb2hp9paaa",WIL638391,,32005749-4c63-8391-8069-e14971d4a4e0,,,
1994,WAS,DL,DT,0,ACT,Bobby Wilson,Bobby,Wilson,1968-03-04,74,297,,00-0018002,,,,,,,,,,"https://static.www.nfl.com/image/private/f_auto,q_auto/league/lzbres3wuokvlgfsoqeu",WIL651916,,32005749-4c65-1916-a6f0-adf6e37b5ca9,,,
1994,TB,WR,WR,0,ACT,Charles Wilson,Charles,Wilson,1968-07-01,69,185,,00-0018008,,,,,,,,,,"https://static.www.nfl.com/image/private/f_auto,q_auto/league/kuuqkpnhuau8xdm718r3",WIL659124,,32005749-4c65-9124-c90c-63025b0b8ff9,,,
1994,TB,DL,DE,0,ACT,Karl Wilson,Karl,Wilson,1964-09-10,76,277,,00-0018037,,,,,,,,,,"https://static.www.nfl.com/image/private/f_auto,q_auto/league/metzulr8c2hrguda3nx3",WIL739899,,32005749-4c73-9899-634d-64c911a780bb,,,
1994,GB,RB,RB,0,RES,Marcus Wilson,Edmond,Wilson,1968-04-16,73,210,,00-0018043,,,,,,,,,,"https://static.www.nfl.com/image/private/f_auto,q_auto/league/ng4xt0thwe8mftbw9l2y",WIL680125,,32005749-4c68-0125-7df2-50ad1ce054ad,,,
1994,SF,DL,DE,0,ACT,Troy Wilson,Troy,Wilson,1970-11-22,76,235,,00-0018072,,,,,,,,,,"https://static.www.nfl.com/image/private/f_auto,q_auto/league/fx8oojpapjdmmhxim60n",WIL806134,,32005749-4c80-6134-abbb-12d2d9e9d7e6,,,
1994,NO,QB,QB,0,ACT,Wade Wilson,Charles,Wilson,1959-02-01,75,206,,00-0018073,,,,,,,,,,"https://static.www.nfl.com/image/private/f_auto,q_auto/league/jqkevkzjckstueaaha3z",WIL662355,,32005749-4c66-2355-664a-d30870613cfa,,,
1994,WAS,WR,WR,0,ACT,Tydus Winans,Tydus,Winans,1972-07-26,71,180,,00-0018084,,,,,,,,,,"https://static.www.nfl.com/image/private/f_auto,q_auto/league/gjw4ha1kd0ue1wq4w4mz",WIN028972,,32005749-4e02-8972-4149-0dfb066499fb,,,
1994,NYG,OL,G,0,RES,Jason Winrow,Jason,Winrow,1971-01-16,76,321,,00-0018105,,,,,,,,,,"https://static.www.nfl.com/image/private/f_auto,q_auto/league/zzch9nzloyvxecou54r0",WIN479012,,32005749-4e47-9012-ba09-39fb0ad49c20,,,
1994,GB,OL,C,0,ACT,Frank Winters,Frank,Winters,1964-01-23,75,285,,00-0018115,,,,,,,,,,"https://static.www.nfl.com/image/private/f_auto,q_auto/league/jbvmv6ipv0taj26bc8r9",WIN772600,,32005749-4e77-2600-3abc-e743ede30d5f,,,
1994,NYJ,OL,G,0,ACT,Terrence Wisdom,Terrence,Wisdom,1971-12-04,76,300,,00-0018118,,,,,,,,,,"https://static.www.nfl.com/image/private/f_auto,q_auto/league/n4wkaqr8zahp6bbdtc0q",WIS069214,,32005749-5306-9214-119b-411e37383f18,,,
1994,RAI,OL,G,0,ACT,Steve Wisniewski,Stephen,Wisniewski,1967-04-07,76,285,,00-0018129,,,,,,,,,,"https://static.www.nfl.com/image/private/f_auto,q_auto/league/gph4hi3v8u3pb5d9gvtb",WIS581406,,32005749-5358-1406-9276-afcacb53150f,,,
1994,ARI,OL,OT,0,ACT,Joe Wolf,Joseph,Wolf,1966-12-28,78,295,,00-0018155,,,,,,,,,,"https://static.www.nfl.com/image/private/f_auto,q_auto/league/bairxbhvebghs5pthsr6",WOL191673,,3200574f-4c19-1673-a49e-9d1fece21ff7,,,
1994,IND,OL,OT,0,ACT,Will Wolford,William,Wolford,1964-05-18,77,300,,00-0018162,,,,,,,,,,"https://static.www.nfl.com/image/private/f_auto,q_auto/league/zxgn2en4ncdoiqflibaz",WOL638910,,3200574f-4c63-8910-4940-92c6079e632c,,,
1994,SF,LB,OLB,0,ACT,Lee Woodall,Lee,Woodall,1969-10-31,73,220,,00-0018186,,,,,,,,,,"https://static.www.nfl.com/image/private/f_auto,q_auto/league/zmmqflc7wl6hhqjxa55q",WOO196708,,3200574f-4f19-6708-e59d-b300584baaf0,,,
1994,PHI,LB,LB,0,ACT,Marc Woodard,Marc,Woodard,1970-02-21,72,234,,00-0018189,,,,,,,,,,"https://static.www.nfl.com/image/private/f_auto,q_auto/league/htelrb4pcwuprsrzyibc",WOO208157,,3200574f-4f20-8157-99d0-212890e9617d,,,
1994,SEA,LB,OLB,90,ACT,Terry Wooden,Terrence,Wooden,1967-01-14,75,239,,00-0018195,,,,,,,,,,"https://static.www.nfl.com/image/private/f_auto,q_auto/league/umk5tm3aazkuidjethhc",WOO276849,,3200574f-4f27-6849-3b2b-f53b788dd325,,,
1994,WAS,DL,DE,0,ACT,Tony Woods,Stanley,Woods,1965-10-11,76,269,,00-0018221,,,,,,,,,,"https://static.www.nfl.com/image/private/f_auto,q_auto/league/bgsqy0uwzikg1fd1g9u6",WOO597411,,3200574f-4f59-7411-7b09-415038564558,,,
1994,DAL,DB,S,28,ACT,Darren Woodson,Darren,Woodson,1969-04-25,73,215,,00-0018228,,,,,,,,,,"https://static.www.nfl.com/image/private/f_auto,q_auto/league/u4zjv8oxwt5qtgpaw0fj",WOO664437,,3200574f-4f66-4437-e566-e42d74546249,,,
1994,PIT,DB,CB,26,ACT,Rod Woodson,Roderick,Woodson,1965-03-10,72,202,,00-0018229,,,,,,,,,,"https://static.www.nfl.com/image/private/f_auto,q_auto/league/gtytylzdeeubcmxdrapg",WOO699408,,3200574f-4f69-9408-9d2d-420aa50c947c,,,
1994,CHI,DB,CB,21,ACT,Donnell Woolford,Donnell,Woolford,1966-01-06,69,188,,00-0018240,,,,,,,,,,"https://static.www.nfl.com/image/private/f_auto,q_auto/league/ksiuzhxnn5cxk1rvy0ey",WOO743121,,3200574f-4f74-3121-ae55-b14bbb4866dc,,,
1994,KC,LB,LB,0,ACT,Ronnie Woolfork,Ronald,Woolfork,1970-12-21,75,256,,00-0018241,,,,,,,,,,"https://static.www.nfl.com/image/private/f_auto,q_auto/league/nk2ys0luxlcg69igbr7y",WOO764977,,3200574f-4f76-4977-6dc5-1e9ec0921529,,,
1994,NYG,DB,DB,0,ACT,Tito Wooten,Tito,Wooten,1971-12-12,72,181,,00-0018246,,,,,,,,,,"https://static.www.nfl.com/image/private/f_auto,q_auto/league/ob47vlu4z2i5fp0z3p1h",WOO823280,,3200574f-4f82-3280-d9fb-11c3189f54cd,,,
1994,ARI,RB,RB,0,CUT,Barry Word,Barry,Word,1963-01-17,74,242,,00-0018247,,,,,,,,,,"https://static.www.nfl.com/image/private/f_auto,q_auto/league/jk7p0dttfmrmjjmvc7hq",WOR063891,,3200574f-5206-3891-8eb9-9e810088c373,,,
1994,TB,RB,RB,0,ACT,Vince Workman,Vincent,Workman,1968-05-09,70,205,,00-0018252,,,,,,,,,,"https://static.www.nfl.com/image/private/f_auto,q_auto/league/n3iheijxycquka3ojxmj",WOR575019,,3200574f-5257-5019-a502-7681b4c055e5,,,
1994,CHI,RB,RB,0,RES,Tim Worley,Timothy,Worley,1966-09-24,74,216,,00-0018255,,,,,,,,,,"https://static.www.nfl.com/image/private/f_auto,q_auto/league/o0mpzxxl3kfvwtvmlm9z",WOR638910,,3200574f-5263-8910-cfdd-dcb370f37fe8,,,
1994,HOU,LB,LB,52,ACT,Barron Wortham,Barron,Wortham,1969-11-01,71,244,,00-0018259,,,,,,,,,,"https://static.www.nfl.com/image/private/f_auto,q_auto/league/ywstkti1hyakyne4njr6",WOR690051,,3200574f-5269-0051-be1d-961deabfe7ac,,,
1994,NE,DB,DB,0,ACT,Darryl Wren,Darryl,Wren,1967-01-25,73,188,,00-0018267,,,,,,,,,,"https://static.www.nfl.com/image/private/f_auto,q_auto/league/wbs034pn6vkqxlysma5j",WRE389791,,32005752-4538-9791-db03-bc9c2f29ab68,,,
1994,RAI,WR,WR,0,ACT,Alexander Wright,Alexander,Wright,1967-07-19,72,190,,00-0018270,,,,,,,,,,"https://static.www.nfl.com/image/private/f_auto,q_auto/league/hh3piqouizuuu5cv2uwx",WRI075507,,32005752-4907-5507-a9bd-da5d8268a582,,,
1994,BUF,DL,NT,0,ACT,Jeff Wright,Jeff,Wright,1963-06-13,74,274,,00-0018303,,,,,,,,,,"https://static.www.nfl.com/image/private/f_auto,q_auto/league/zyqifaqutr1switm9nim",WRI402704,,32005752-4940-2704-b610-1ad028b7b9e5,,,
1994,RAM,DB,SAF,0,ACT,Toby Wright,Toby,Wright,1970-11-19,71,203,,00-0018322,,,,,,,,,,"https://static.www.nfl.com/image/private/f_auto,q_auto/league/o1tmyvjwiyzupr5kkufg",WRI715232,,32005752-4971-5232-7f27-18c976937181,,,
1994,WAS,RB,FB,0,RES,Frank Wycheck,Frank,Wycheck,1971-10-14,75,235,,00-0018343,,,,,,,,,,"https://static.www.nfl.com/image/private/f_auto,q_auto/league/in369qjr6yktjab7p5dv",WYC178866,,32005759-4317-8866-b709-4c965820e40a,,,
1994,DEN,LB,LB,0,RES,David Wyman,David,Wyman,1964-03-31,74,248,,00-0018347,,,,,,,,,,"https://static.www.nfl.com/image/private/f_auto,q_auto/league/ne0lnwfdpo7hvi4b6vhb",WYM553722,,32005759-4d55-3722-3d55-6d09845cf2a7,,,
1994,NYJ,WR,WR,0,ACT,Ryan Yarborough,Ryan,Yarborough,1971-04-26,74,195,,00-0018369,,,,,,,,,,"https://static.www.nfl.com/image/private/f_auto,q_auto/league/bxz9asxkqjaikinlqtqd",YAR183685,,32005941-5218-3685-1231-6040659c9e0c,,,
1994,SF,DL,DT,97,ACT,Bryant Young,Bryant,Young,1972-01-27,75,276,,00-0018405,,,,,,,,,,"https://static.www.nfl.com/image/private/f_auto,q_auto/league/fkubylbr94xqvbzfczhx",YOU123853,,3200594f-5512-3853-ec6e-4c5b50ac8d73,,,
1994,SD,TE,TE,0,ACT,Duane Young,Curtis,Young,1968-05-29,75,270,,00-0018412,,,,,,,,,,"https://static.www.nfl.com/image/private/f_auto,q_auto/league/k77yj6iasg8y9nr5jqog",YOU167566,,3200594f-5516-7566-7bff-30b0b7065367,,,
1994,SD,DB,DB,0,ACT,Lonnie Young,Lonnie,Young,1963-07-18,73,196,,00-0018425,,,,,,,,,,"https://static.www.nfl.com/image/private/f_auto,q_auto/league/m4vszkenxbhgam3zrupi",YOU378846,,3200594f-5537-8846-2459-d5b5a3f2fe3a,,,
1994,KC,WR,WR,0,CUT,Mike Young,Michael,Young,1962-02-21,73,187,,00-0018428,,,,,,,,,,"https://static.www.nfl.com/image/private/f_auto,q_auto/league/g7htzltcb2avfcpubhki",YOU407988,,3200594f-5540-7988-c73c-9467a3ee435a,,,
1994,SF,QB,QB,8,ACT,Steve Young,Jon,Young,1961-10-11,74,200,,00-0018441,,,,,,,,,,"https://static.www.nfl.com/image/private/f_auto,q_auto/league/kfrm5wzrogcovwymoez8",YOU299670,,3200594f-5529-9670-502d-7c3ad0654ed5,,,
1994,ATL,OL,G,0,ACT,Mike Zandofsky,Michael,Zandofsky,1965-11-30,74,305,,00-0018474,,,,,,,,,,"https://static.www.nfl.com/image/private/f_auto,q_auto/league/wgynhgt7p1ezhdeblsrb",ZAN498348,,32005a41-4e49-8348-eeae-87e3defd6295,,,
1994,RAM,SPEC,K,0,ACT,Tony Zendejas,Anthony,Zendejas,1960-05-15,68,165,,00-0018495,,,,,,,,,,"https://static.www.nfl.com/image/private/f_auto,q_auto/league/jjxlxoyebzsnrsrpt1aj",ZEN103822,,32005a45-4e10-3822-6d21-2f6701590a4d,,,
1994,PIT,DL,DE,0,ACT,Jeff Zgonina,Jeffrey,Zgonina,1970-05-24,74,285,,00-0018503,,,,,,,,,,"https://static.www.nfl.com/image/private/f_auto,q_auto/league/xxxxml3p0eqcl51xgszi",ZGO444955,,32005a47-4f44-4955-1dfd-6578b82752b4,,,
1994,DEN,OL,OT,65,ACT,Gary Zimmerman,Gary,Zimmerman,1961-12-13,78,294,,00-0018511,,,,,,,,,,"https://static.www.nfl.com/image/private/f_auto,q_auto/league/wpj7nnaagkxfzvddt2xo",ZIM369148,,32005a49-4d36-9148-f9dc-4dbffa073693,,,
1994,NE,QB,QB,0,ACT,Scott Zolak,Scott,Zolak,1967-12-13,77,222,,00-0018518,,,,,,,,,,"https://static.www.nfl.com/image/private/f_auto,q_auto/league/iiuw5pvofyiqw9dlbbgb",ZOL031944,,32005a4f-4c03-1944-809f-9218fee2f70c,,,
1994,PHI,DB,DB,0,ACT,Eric Zomalt,Eric,Zomalt,1972-08-09,71,197,,00-0018519,,,,,,,,,,"https://static.www.nfl.com/image/private/f_auto,q_auto/league/narm6yhitbhc70akoq0m",ZOM276860,,32005a4f-4d27-6860-e192-210c77ac6cad,,,
1994,PHI,DB,S,0,ACT,Mike Zordich,Michael,Zordich,1963-10-12,73,200,,00-0018521,,,,,,,,,,"https://static.www.nfl.com/image/private/f_auto,q_auto/league/bfaxgj0zhueeionkegjx",ZOR207645,,32005a4f-5220-7645-5106-a841ac73a2bd,,,
1994,CHI,DL,DT,97,ACT,Chris Zorich,Christopher,Zorich,1969-03-13,73,275,,00-0018522,,,,,,,,,,"https://static.www.nfl.com/image/private/f_auto,q_auto/league/lkvel5osfixm1ylzfbsl",ZOR404040,,32005a4f-5240-4040-3a4c-739c8fe7eede,,,
1994,SD,DL,DT,0,RES,Blaise Winter,Blaise,Winter,1962-01-31,75,262,,,,,,,,,,,,"https://static.www.nfl.com/image/private/f_auto,q_auto/league/tbcslgocma670rlmfa3o",,,,,,
1994,GB,RB,RB,0,CUT,Kevin Williams,Kevin,Williams,1970-02-17,72,215,,,,,,,,,,,,"https://static.www.nfl.com/image/private/f_auto,q_auto/league/ckgghpymwptpipzr3rhq",,,,,,
1994,RAM,DB,CB,0,ACT,Darryl Henley,Darryl,Henley,1966-10-30,69,172,,,,,,,,,,,,"https://static.www.nfl.com/image/private/f_auto,q_auto/league/vbpydqlgrg2qxa9qvjfy",,,,,,
1994,ARI,DL,DT,0,ACT,Wendall Gaines,Wendall,Gaines,1972-01-17,76,293,,,,,,,,,,,,"https://static.www.nfl.com/image/private/f_auto,q_auto/league/ee3jpvza0twqsyiig7wd",,,,,,
1994,HOU,WR,WR,0,RES,Reggie Brown,Reginald,Brown,1970-05-05,73,195,,,,,,,,,,,,"https://static.www.nfl.com/image/private/f_auto,q_auto/league/pylsemukawsoiby9vto7",,,,,,
1994,WAS,DL,DT,0,ACT,Lamar Mills,Franciscus,Mills,1971-01-26,77,270,,,,,,,,,,,,"https://static.www.nfl.com/image/private/f_auto,q_auto/league/souvvtq48sy9bieelwk3",,,,,,
1994,MIN,OL,C,0,TRD,Frank Cornish,Frank,Cornish,1967-09-24,76,287,,,,,,,,,,,,"https://static.www.nfl.com/image/private/f_auto,q_auto/league/tgkv40ehlnncfr8jglfn",,,,,,
1994,NE,QB,QB,0,ACT,Jay Walker,Jewell,Walker,1972-01-24,75,232,,,,,,,,,,,,"https://static.www.nfl.com/image/private/f_auto,q_auto/league/sr7jv7plq6l8ntrvahw8",,,,,,
1994,ATL,DL,DT,0,ACT,Bill Goldberg,William,Goldberg,1966-12-27,74,266,,,,,,,,,,,,"https://static.www.nfl.com/image/private/f_auto,q_auto/league/nmvkt5h6mdoau6krocnw",,,,,,
1994,ARI,DB,CB,0,ACT,James Williams,James,Williams,1967-03-30,70,185,,,,,,,,,,,,"https://static.www.nfl.com/image/private/f_auto,q_auto/league/nf4c0aofesvy4raew3ce",,,,,,
1994,CLE,RB,RB,0,ACT,Frank Harvey,Willie,Harvey,1971-01-19,72,245,,,,,,,,,,,,"https://static.www.nfl.com/image/private/f_auto,q_auto/league/nbn3b96ng5yvrkdlcsbf",,,,,,
1994,DEN,DB,DB,0,ACT,Darryl Hall,Darryl,Hall,1966-08-01,74,210,,,,,,,,,,,,"https://static.www.nfl.com/image/private/f_auto,q_auto/league/u5moa4tweauidlci26ri",,,,,,
1994,RAI,OL,G,0,ACT,Max Montoya,Max,Montoya,1956-05-12,77,295,,,,,,,,,,,,"https://static.www.nfl.com/image/private/f_auto,q_auto/league/lmgdawhwtxqc6zipaiye",,,,,,
1994,CIN,OL,OT,0,TRC,Ron Edwards,Ronald,Edwards,1971-09-18,77,311,,,,,,,,,,,,"https://static.www.nfl.com/image/private/f_auto,q_auto/league/tmrqexit1mjxvkbdx7u6",,,,,,
1994,PIT,LB,LB,0,ACT,Ed Robinson,Edward,Robinson,1970-12-07,72,228,,,,,,,,,,,,"https://static.www.nfl.com/image/private/f_auto,q_auto/league/zpmd1punf62qrgvbkxet",,,,,,
1994,DAL,OL,C,0,ACT,Frank Cornish,Frank,Cornish,1967-09-24,76,287,,,,,,,,,,,,"https://static.www.nfl.com/image/private/f_auto,q_auto/league/tgkv40ehlnncfr8jglfn",,,,,,
1994,RAM,DL,DE,0,ACT,Gerald Robinson,Gerald,Robinson,1963-05-04,75,262,,,,,,,,,,,,"https://static.www.nfl.com/image/private/f_auto,q_auto/league/enbl5v7e9qqcaofuqrcz",,,,,,
1994,RAM,DL,DE,0,ACT,Robert Young,Robert,Young,1969-01-29,78,273,,,,,,,,,,,,"https://static.www.nfl.com/image/private/f_auto,q_auto/league/q1lwpcohw58igecemeey",,,,,,
1994,BUF,WR,WR,0,ACT,Damon Thomas,Damon,Thomas,1970-12-15,74,215,,,,,,,,,,,,"https://static.www.nfl.com/image/private/f_auto,q_auto/league/y9pwnvm5nwnvjlj1q6we",,,,,,
1994,PIT,RB,RB,0,TRD,Victor Jones,Victor,Jones,1967-12-05,68,212,,,,,,,,,,,,"https://static.www.nfl.com/image/private/f_auto,q_auto/league/gxxp6oxf7gnzq0hlysrm",,,,,,
1994,NO,LB,LB,0,RES,DeMond Winston,Edward,Winston,1968-09-14,74,239,,,,,,,,,,,,"https://static.www.nfl.com/image/private/f_auto,q_auto/league/ruavifdqdsejw5vwucbt",,,,,,
1994,MIN,LB,LB,0,ACT,Bobby Abrams,Robert,Abrams,1967-04-12,75,230,,,,,,,,,,,,"https://static.www.nfl.com/image/private/f_auto,q_auto/league/u6b3sgtggosrhxfnontb",,,,,,
1994,ARI,DL,DT,0,ACT,Bernard Wilson,Raphael,Wilson,1970-08-17,75,295,,,,,,,,,,,,"https://static.www.nfl.com/image/private/f_auto,q_auto/league/yvvaaf7kldojqyrfclsp",,,,,,
1994,RAI,RB,RB,0,ACT,Calvin Jones,Calvin,Jones,1970-11-27,71,215,,,,,,,,,,,,"https://static.www.nfl.com/image/private/f_auto,q_auto/league/nsxhaxy3gzwxako7y6od",,,,,,
1994,RAI,RB,RB,0,RES,Napoleon McCallum,Napoleon,McCallum,1963-10-06,74,225,,,,,,,,,,,,"https://static.www.nfl.com/image/private/f_auto,q_auto/league/ztwoa18syptfxegyu5gq",,,,,,
1994,RAI,DL,DE,0,ACT,Scott Davis,Scott,Davis,1965-07-08,79,280,,,,,,,,,,,,"https://static.www.nfl.com/image/private/f_auto,q_auto/league/ytf62dtjd9jveyhqd1qq",,,,,,
1994,CLE,WR,WR,0,ACT,Rico Smith,Rico,Smith,1969-01-14,72,185,,,,,,,,,,,,"https://static.www.nfl.com/image/private/f_auto,q_auto/league/hweahto1o6xivc2jsnli",,,,,,
1994,SEA,OL,G,0,ACT,Bill Hitchcock,William,Hitchcock,1965-08-26,78,291,,,,,,,,,,,,"https://static.www.nfl.com/image/private/f_auto,q_auto/league/kkiq7dg4apztieob2mte",,,,,,
1994,RAM,DL,DT,0,ACT,David Rocker,David,Rocker,1969-03-12,76,267,,,,,,,,,,,,"https://static.www.nfl.com/image/private/f_auto,q_auto/league/c7mzlxdkvymxepd34l4y",,,,,,
1994,DEN,DB,CB,0,ACT,Ben Smith,Benjamin,Smith,1967-05-14,71,183,,,,,,,,,,,,"https://static.www.nfl.com/image/private/f_auto,q_auto/league/nefidnpa8zmhuyctyima",,,,,,
1994,MIA,RB,RB,0,ACT,Robert Wilson,Robert,Wilson,1969-01-13,72,258,,,,,,,,,,,,"https://static.www.nfl.com/image/private/f_auto,q_auto/league/kjel2httporj6w9xaiim",,,,,,
1994,NE,OL,OT,0,ACT,Brandon Moore,Brandon,Moore,1970-06-21,78,290,,,,,,,,,,,,"https://static.www.nfl.com/image/private/f_auto,q_auto/league/ljkrzgvh2luuxx09mprk",,,,,,
1994,HOU,QB,QB,0,ACT,Lee Williamson,Lee,Williamson,1968-08-10,76,206,,,,,,,,,,,,"https://static.www.nfl.com/image/private/f_auto,q_auto/league/spo3e5sed4my0cehocgd",,,,,,
1994,PHI,DB,SAF,0,ACT,Mike Reid,Michael,Reid,1970-11-24,73,218,,,,,,,,,,,,"https://static.www.nfl.com/image/private/f_auto,q_auto/league/elvxuxs9vk0u2xbucpy4",,,,,,
1994,RAM,OL,C,0,CUT,Brad Fichtel,Brad,Fichtel,1970-03-10,74,285,,,,,,,,,,,,"https://static.www.nfl.com/image/private/f_auto,q_auto/league/pfxuyrzlcojbjbzh4suq",,,,,,
1994,SF,DB,FS,0,ACT,Dana Hall,Dana,Hall,1969-07-08,75,206,,,,,,,,,,,,"https://static.www.nfl.com/image/private/f_auto,q_auto/league/hs5s9ccx9ijcmmywkc0a",,,,,,
1994,DAL,RB,RB,0,TRC,Robert Wilson,Robert,Wilson,1969-01-13,72,258,,,,,,,,,,,,"https://static.www.nfl.com/image/private/f_auto,q_auto/league/kjel2httporj6w9xaiim",,,,,,
1994,CHI,DB,CB,0,TRT,Keshon Johnson,Keshon,Johnson,1970-07-17,70,177,,,,,,,,,,,,"https://static.www.nfl.com/image/private/f_auto,q_auto/league/qgvrmzkeb5znth1bo7y1",,,,,,
1994,GB,DB,CB,0,ACT,Keshon Johnson,Keshon,Johnson,1970-07-17,70,177,,,,,,,,,,,,"https://static.www.nfl.com/image/private/f_auto,q_auto/league/qgvrmzkeb5znth1bo7y1",,,,,,
1994,KC,RB,RB,0,RES,Victor Jones,Victor,Jones,1967-12-05,68,212,,,,,,,,,,,,"https://static.www.nfl.com/image/private/f_auto,q_auto/league/gxxp6oxf7gnzq0hlysrm",,,,,,
1994,TB,DL,NT,0,TRD,Bernard Wilson,Raphael,Wilson,1970-08-17,75,295,,,,,,,,,,,,"https://static.www.nfl.com/image/private/f_auto,q_auto/league/yvvaaf7kldojqyrfclsp",,,,,,
1994,RAI,DL,DE,94,ACT,Anthony Smith,Anthony,Smith,1967-06-28,75,260,,,,,,,,,,,,"https://static.www.nfl.com/image/private/f_auto,q_auto/league/qv48sxxsk78gedmbzygw",,,,,,
1994,GB,DB,DB,0,RES,Ray Wilson,Wiltha,Wilson,1971-08-26,73,202,,,,,,,,,,,,"https://static.www.nfl.com/image/private/f_auto,q_auto/league/x3nqemlmcwx2pfcs5mxe",,,,,,
1994,NO,LB,ILB,0,ACT,James E. Williams,James,Williams,1968-10-10,72,230,,,,,,,,,,,,"https://static.www.nfl.com/image/private/f_auto,q_auto/league/vaxkyousgjzplhlxtbaw",,,,,,
1994,ARI,RB,RB,0,TRC,Frank Harvey,Willie,Harvey,1971-01-19,72,245,,,,,,,,,,,,"https://static.www.nfl.com/image/private/f_auto,q_auto/league/nbn3b96ng5yvrkdlcsbf",,,,,,
1994,RAM,OL,OT,0,RES,Ron Edwards,Ronald,Edwards,1971-09-18,77,311,,,,,,,,,,,,"https://static.www.nfl.com/image/private/f_auto,q_auto/league/tmrqexit1mjxvkbdx7u6",,,,,,
1994,RAI,DL,DE,0,ACT,John Duff,John,Duff,1967-07-31,79,250,,,,,,,,,,,,"https://static.www.nfl.com/image/private/f_auto,q_auto/league/szkvzsk7cygunwojin80",,,,,,
1994,NO,DB,DB,0,TRD,Ray Wilson,Wiltha,Wilson,1971-08-26,73,202,,,,,,,,,,,,"https://static.www.nfl.com/image/private/f_auto,q_auto/league/x3nqemlmcwx2pfcs5mxe",,,,,,
1994,RAI,DB,SAF,0,ACT,Cary Brabham,James,Brabham,1970-08-11,72,195,,,,,,,,,,,,"https://static.www.nfl.com/image/private/f_auto,q_auto/league/ca9zxnppznrvb9h0uug9",,,,,,
